0.877279,-0.984727,2.4077,-1.98921,-0.64145,1.04034
0.875274,-0.982965,2.41471,-1.98341,-0.645258,1.02863
0.876433,-0.982025,2.41562,-1.98461,-0.646485,1.02799
0.871218,-0.980464,2.42695,-1.97489,-0.654205,1.00573
0.871218,-0.980464,2.42695,-1.97489,-0.654205,1.00573
0.867427,-0.976766,2.44064,-1.96518,-0.658617,0.983447
0.864891,-0.974799,2.44843,-1.95947,-0.660645,0.972279
0.864891,-0.974799,2.44843,-1.95947,-0.660645,0.972279
0.860035,-0.971891,2.46085,-1.95062,-0.664302,0.955918
0.860035,-0.971891,2.46085,-1.95062,-0.664302,0.955918
0.860035,-0.971891,2.46085,-1.95062,-0.664302,0.955918
0.854951,-0.969034,2.47363,-1.94119,-0.6616,0.942375
0.854951,-0.969034,2.47363,-1.94119,-0.6616,0.942375
0.854476,-0.97142,2.47196,-1.94422,-0.656912,0.94886
0.854476,-0.97142,2.47196,-1.94422,-0.656912,0.94886
0.855116,-0.976637,2.46336,-1.95299,-0.652036,0.968522
0.855511,-0.979088,2.4602,-1.95585,-0.647621,0.97645
0.855511,-0.979088,2.4602,-1.95585,-0.647621,0.97645
0.858218,-0.988104,2.44221,-1.9724,-0.643664,1.01015
0.861656,-0.992983,2.43172,-1.98278,-0.638298,1.02997
0.865293,-1.0001,2.41775,-1.99769,-0.636001,1.05869
0.870638,-1.00687,2.40374,-2.01342,-0.629908,1.08772
0.880455,-1.00731,2.38707,-2.02616,-0.614925,1.11609
0.885789,-1.00993,2.37623,-2.03583,-0.606802,1.13589
0.888113,-1.01365,2.36877,-2.04297,-0.604064,1.15032
0.892821,-1.01722,2.35817,-2.05366,-0.599484,1.16978
0.89595,-1.02049,2.34988,-2.06194,-0.597578,1.18543
0.898358,-1.02303,2.34392,-2.06779,-0.595677,1.1981
0.851763,-1.01815,2.4015,-1.99156,-0.637498,1.03171
0.851763,-1.01815,2.4015,-1.99156,-0.637498,1.03171
0.851763,-1.01815,2.4015,-1.99156,-0.637498,1.03171
0.851763,-1.01815,2.4015,-1.99156,-0.637498,1.03171
0.89854,-1.02684,2.33405,-2.07078,-0.606501,1.20474
0.909759,-1.02976,2.31779,-2.0912,-0.603307,1.24557
0.909307,-1.03014,2.31901,-2.09014,-0.608472,1.24132
0.904844,-1.03368,2.32002,-2.08981,-0.62717,1.23561
0.904844,-1.03368,2.32002,-2.08981,-0.62717,1.23561
0.906555,-1.0348,2.31991,-2.09319,-0.637151,1.23793
0.904362,-1.03312,2.3244,-2.08747,-0.643829,1.2265
0.904191,-1.03234,2.32684,-2.08574,-0.649457,1.22085
0.90347,-1.03202,2.32781,-2.08478,-0.658741,1.21445
0.900246,-1.02954,2.33308,-2.07727,-0.667118,1.19826
0.899073,-1.02854,2.33662,-2.07445,-0.672626,1.19149
0.897335,-1.02721,2.34053,-2.07088,-0.678386,1.18348
0.895767,-1.026,2.34518,-2.0672,-0.681735,1.17486
0.895767,-1.026,2.34518,-2.0672,-0.681735,1.17486
0.892955,-1.02464,2.35191,-2.06235,-0.687573,1.16297
0.892955,-1.02464,2.35191,-2.06235,-0.687573,1.16297
0.892955,-1.02464,2.35191,-2.06235,-0.687573,1.16297
0.892955,-1.02464,2.35191,-2.06235,-0.687573,1.16297
0.886958,-1.02208,2.36525,-2.05169,-0.683349,1.14276
0.886958,-1.02208,2.36525,-2.05169,-0.683349,1.14276
0.884659,-1.02221,2.36914,-2.0485,-0.675527,1.13905
0.886064,-1.023,2.36702,-2.05132,-0.668681,1.14504
0.886064,-1.023,2.36702,-2.05132,-0.668681,1.14504
0.886748,-1.02726,2.36124,-2.05816,-0.661404,1.16168
0.891157,-1.03242,2.35183,-2.07133,-0.655661,1.18492
0.895178,-1.03641,2.34439,-2.08178,-0.648595,1.20299
0.893836,-1.0374,2.34343,-2.0808,-0.647169,1.20364
0.90489,-1.03386,2.33146,-2.09001,-0.623896,1.22699
0.907265,-1.03707,2.32404,-2.09806,-0.622121,1.24167
0.909631,-1.03856,2.31921,-2.10234,-0.616541,1.24928
0.912746,-1.04004,2.31333,-2.10775,-0.610788,1.25894
0.916445,-1.04192,2.30538,-2.1153,-0.607517,1.27243
0.916445,-1.04192,2.30538,-2.1153,-0.607517,1.27243
0.89818,-1.04096,2.32059,-2.08633,-0.62178,1.21618
0.870449,-1.03745,2.35268,-2.04043,-0.645983,1.11646
0.870449,-1.03745,2.35268,-2.04043,-0.645983,1.11646
0.879046,-1.041,2.33938,-2.05416,-0.643181,1.13729
0.879046,-1.041,2.33938,-2.05416,-0.643181,1.13729
0.908448,-1.05,2.29444,-2.10732,-0.631616,1.24026
0.91085,-1.04961,2.29569,-2.10728,-0.631934,1.23438
0.938752,-1.05516,2.2631,-2.1528,-0.615205,1.32157
0.95499,-1.05882,2.24719,-2.1791,-0.611353,1.36615
0.95499,-1.05882,2.24719,-2.1791,-0.611353,1.36615
0.96169,-1.06158,2.24179,-2.18853,-0.619401,1.37226
0.96169,-1.06158,2.24179,-2.18853,-0.619401,1.37226
0.96928,-1.06625,2.23452,-2.20274,-0.629568,1.38397
0.96928,-1.06625,2.23452,-2.20274,-0.629568,1.38397
0.973096,-1.06808,2.23283,-2.20855,-0.637006,1.3854
0.973096,-1.06808,2.23283,-2.20855,-0.637006,1.3854
0.973096,-1.06808,2.23283,-2.20855,-0.637006,1.3854
0.976672,-1.07099,2.23306,-2.21622,-0.640983,1.38916
0.976672,-1.07099,2.23306,-2.21622,-0.640983,1.38916
0.976672,-1.07099,2.23306,-2.21622,-0.640983,1.38916
0.97355,-1.07056,2.24065,-2.21275,-0.633388,1.38638
0.97355,-1.07056,2.24065,-2.21275,-0.633388,1.38638
0.971877,-1.0698,2.24443,-2.21182,-0.623805,1.38697
0.971877,-1.0698,2.24443,-2.21182,-0.623805,1.38697
0.963909,-1.06515,2.25417,-2.19802,-0.612176,1.37572
0.943912,-1.06842,2.26677,-2.17793,-0.635082,1.33352
0.913464,-1.06995,2.29006,-2.14162,-0.664818,1.26377
0.91258,-1.06705,2.2949,-2.13779,-0.65354,1.26112
0.913951,-1.06546,2.29463,-2.13926,-0.643218,1.26767
0.954525,-1.06451,2.25827,-2.19482,-0.594024,1.38987
0.947446,-1.05728,2.26949,-2.17835,-0.584592,1.37431
0.943396,-1.05385,2.27374,-2.17054,-0.58,1.37037
0.940207,-1.05107,2.27676,-2.16457,-0.576655,1.36929
0.940207,-1.05107,2.27676,-2.16457,-0.576655,1.36929
0.936519,-1.04944,2.27794,-2.1621,-0.574051,1.37356
0.936519,-1.04944,2.27794,-2.1621,-0.574051,1.37356
0.938076,-1.04435,2.27774,-2.15742,-0.568718,1.37331
0.938076,-1.04435,2.27774,-2.15742,-0.568718,1.37331
0.938076,-1.04435,2.27774,-2.15742,-0.568718,1.37331
0.938076,-1.04435,2.27774,-2.15742,-0.568718,1.37331
0.944808,-1.04264,2.26811,-2.1635,-0.575334,1.38316
0.949638,-1.04441,2.26121,-2.17184,-0.580232,1.39209
0.949638,-1.04441,2.26121,-2.17184,-0.580232,1.39209
0.954942,-1.04586,2.2524,-2.17903,-0.593085,1.40133
0.954942,-1.04586,2.2524,-2.17903,-0.593085,1.40133
0.964396,-1.04878,2.23943,-2.19351,-0.605156,1.41789
0.971577,-1.05149,2.23162,-2.20471,-0.609967,1.42971
0.979018,-1.05497,2.2234,-2.21729,-0.615317,1.44112
0.988086,-1.05895,2.213,-2.23347,-0.620995,1.45678
0.988086,-1.05895,2.213,-2.23347,-0.620995,1.45678
0.991941,-1.0598,2.20665,-2.23841,-0.631539,1.46028
0.991941,-1.0598,2.20665,-2.23841,-0.631539,1.46028
0.991941,-1.0598,2.20665,-2.23841,-0.631539,1.46028
0.997276,-1.06023,2.19816,-2.24609,-0.639085,1.46839
0.997276,-1.06023,2.19816,-2.24609,-0.639085,1.46839
0.997276,-1.06023,2.19816,-2.24609,-0.639085,1.46839
0.997276,-1.06023,2.19816,-2.24609,-0.639085,1.46839
0.997276,-1.06023,2.19816,-2.24609,-0.639085,1.46839
0.991769,-1.05126,2.19953,-2.23259,-0.628692,1.45603
0.991769,-1.05126,2.19953,-2.23259,-0.628692,1.45603
0.988599,-1.04838,2.20211,-2.22673,-0.619882,1.4528
0.990215,-1.04848,2.20088,-2.22998,-0.613779,1.45732
0.990215,-1.04848,2.20088,-2.22998,-0.613779,1.45732
0.987797,-1.04644,2.20418,-2.22592,-0.601551,1.45334
0.987797,-1.04644,2.20418,-2.22592,-0.601551,1.45334
0.983312,-1.04431,2.20713,-2.22092,-0.594487,1.45189
0.983312,-1.04431,2.20713,-2.22092,-0.594487,1.45189
0.9796,-1.04258,2.2105,-2.21683,-0.587661,1.45204
0.9796,-1.04258,2.2105,-2.21683,-0.587661,1.45204
0.981626,-1.04241,2.20817,-2.223,-0.58076,1.46262
0.981626,-1.04241,2.20817,-2.223,-0.58076,1.46262
0.978363,-1.03873,2.21093,-2.21729,-0.577076,1.46049
0.978363,-1.03873,2.21093,-2.21729,-0.577076,1.46049
0.978363,-1.03873,2.21093,-2.21729,-0.577076,1.46049
0.978363,-1.03873,2.21093,-2.21729,-0.577076,1.46049
0.978363,-1.03873,2.21093,-2.21729,-0.577076,1.46049
0.986969,-1.02971,2.19708,-2.22571,-0.579857,1.4686
0.990435,-1.02672,2.1932,-2.22752,-0.579531,1.4649
0.992918,-1.02412,2.18959,-2.22845,-0.582129,1.46032
0.998048,-1.02098,2.18416,-2.23243,-0.581009,1.45795
0.998048,-1.02098,2.18416,-2.23243,-0.581009,1.45795
1.00645,-1.01379,2.17313,-2.23812,-0.582469,1.45602
1.00645,-1.01379,2.17313,-2.23812,-0.582469,1.45602
1.01674,-1.00744,2.16171,-2.24713,-0.581901,1.45881
1.02679,-1.00713,2.15112,-2.2624,-0.582369,1.47022
1.03434,-1.00475,2.14378,-2.27135,-0.58045,1.47211
1.04021,-1.00159,2.13721,-2.27757,-0.579744,1.47004
1.04547,-0.999364,2.13009,-2.28474,-0.582577,1.46843
1.04681,-0.994234,2.12885,-2.28189,-0.579545,1.45423
1.04879,-0.991801,2.1262,-2.28347,-0.580918,1.44662
1.05077,-0.988494,2.12487,-2.28379,-0.577769,1.4382
1.05077,-0.988494,2.12487,-2.28379,-0.577769,1.4382
1.0606,-0.987491,2.11836,-2.30012,-0.570261,1.44704
1.0606,-0.987491,2.11836,-2.30012,-0.570261,1.44704
1.05995,-0.972125,2.12166,-2.28409,-0.544725,1.42769
1.05995,-0.972125,2.12166,-2.28409,-0.544725,1.42769
1.06264,-0.96877,2.12076,-2.28714,-0.534671,1.43055
1.06264,-0.96877,2.12076,-2.28714,-0.534671,1.43055
1.0286,-0.981986,2.13713,-2.25844,-0.595775,1.35163
1.07187,-0.977528,2.11106,-2.31503,-0.539915,1.4649
1.05032,-0.976424,2.12594,-2.28464,-0.558078,1.40836
1.03236,-0.981382,2.13615,-2.26616,-0.585125,1.35724
1.07716,-0.975893,2.10955,-2.32258,-0.526162,1.46207
1.07904,-0.96846,2.11115,-2.31879,-0.50969,1.46029
1.04271,-0.972302,2.13105,-2.27153,-0.556129,1.35608
1.07666,-0.979369,2.10543,-2.3315,-0.534208,1.45743
1.06147,-0.985692,2.11334,-2.31858,-0.563383,1.41513
1.065,-0.983911,2.11045,-2.32354,-0.556695,1.42162
1.07022,-0.981412,2.10633,-2.33041,-0.548464,1.43142
1.07022,-0.981412,2.10633,-2.33041,-0.548464,1.43142
1.06305,-0.968729,2.10816,-2.31191,-0.538922,1.41228
1.08321,-0.956704,2.09539,-2.33081,-0.50297,1.46692
1.08962,-0.943001,2.0896,-2.32931,-0.479975,1.48585
1.08962,-0.943001,2.0896,-2.32931,-0.479975,1.48585
1.07866,-0.924426,2.08646,-2.30154,-0.484929,1.46026
1.0726,-0.913853,2.08475,-2.28555,-0.489957,1.44439
1.06805,-0.903585,2.08208,-2.27211,-0.494999,1.42976
1.06893,-0.901875,2.08346,-2.27261,-0.496471,1.42959
1.05263,-0.880228,2.08367,-2.23065,-0.505507,1.38233
1.04851,-0.871676,2.08189,-2.21911,-0.515044,1.36989
1.0415,-0.861728,2.08365,-2.20051,-0.522483,1.34928
1.03418,-0.852212,2.08704,-2.18104,-0.529916,1.32728
1.03109,-0.846323,2.08748,-2.17174,-0.536135,1.31594
1.02941,-0.84265,2.08644,-2.16691,-0.542682,1.31076
1.02672,-0.838811,2.08742,-2.15952,-0.547224,1.30087
1.02672,-0.838811,2.08742,-2.15952,-0.547224,1.30087
1.0251,-0.836315,2.08696,-2.15604,-0.552992,1.29778
1.0251,-0.836315,2.08696,-2.15604,-0.552992,1.29778
1.0251,-0.836315,2.08696,-2.15604,-0.552992,1.29778
1.03178,-0.845035,2.08097,-2.17749,-0.548684,1.3261
1.0349,-0.849231,2.0788,-2.18771,-0.544891,1.34046
1.03815,-0.853875,2.07681,-2.19875,-0.53991,1.35636
1.04013,-0.858081,2.07675,-2.20709,-0.533979,1.36967
1.04414,-0.863836,2.07421,-2.22098,-0.528311,1.38983
1.04718,-0.869094,2.07268,-2.23301,-0.522783,1.40945
1.04896,-0.873037,2.07335,-2.24125,-0.514513,1.42448
1.04998,-0.876603,2.07441,-2.24812,-0.507058,1.43852
1.05493,-0.882175,2.07244,-2.26334,-0.498373,1.462
1.05518,-0.884527,2.07499,-2.26711,-0.488594,1.47064
1.05618,-0.886389,2.07626,-2.27189,-0.478586,1.48113
1.05794,-0.889233,2.07577,-2.27958,-0.471919,1.49465
1.0564,-0.888615,2.07862,-2.27751,-0.462579,1.49711
1.05704,-0.889992,2.07924,-2.28112,-0.455974,1.50564
1.05896,-0.890452,2.07873,-2.28544,-0.448098,1.51334
1.05896,-0.890452,2.07873,-2.28544,-0.448098,1.51334
1.06146,-0.891538,2.07629,-2.29253,-0.440842,1.52769
1.06146,-0.891538,2.07629,-2.29253,-0.440842,1.52769
1.06512,-0.892324,2.07188,-2.30083,-0.439958,1.54403
1.06512,-0.892324,2.07188,-2.30083,-0.439958,1.54403
1.06981,-0.893165,2.06673,-2.30954,-0.444425,1.5592
1.06981,-0.893165,2.06673,-2.30954,-0.444425,1.5592
1.07393,-0.893051,2.06205,-2.3154,-0.453965,1.56808
1.0754,-0.892788,2.0599,-2.31692,-0.461615,1.57045
1.07728,-0.891876,2.06074,-2.3166,-0.463129,1.57042
1.08156,-0.889972,2.06056,-2.31929,-0.4729,1.5671
1.08532,-0.891017,2.05871,-2.3175,-0.478351,1.56712
1.08401,-0.88902,2.05542,-2.31733,-0.495915,1.56905
1.08548,-0.888709,2.0523,-2.31673,-0.508579,1.56982
1.088,-0.88909,2.04825,-2.31982,-0.524375,1.5665
1.0893,-0.889148,2.04524,-2.31947,-0.535132,1.56761
1.0926,-0.890371,2.04086,-2.32381,-0.549435,1.56324
1.09288,-0.890913,2.03677,-2.3249,-0.560896,1.56473
1.09559,-0.891502,2.03434,-2.32685,-0.569777,1.56388
1.0962,-0.893409,2.02638,-2.33132,-0.585098,1.56972
-2.03716,-2.2499,1.11643,0.808486,-0.579876,1.5708
-2.03716,-2.2499,1.11643,0.808486,-0.579876,1.5708
-2.03716,-2.2499,1.11643,0.808486,-0.579876,1.5708
-2.03716,-2.2499,1.11643,0.808486,-0.579876,1.5708
-2.03166,-2.24553,1.11993,0.810175,-0.58074,1.56848
-2.03166,-2.24553,1.11993,0.810175,-0.58074,1.56848
-2.02969,-2.23987,1.1232,0.810904,-0.579958,1.56705
-2.02969,-2.23987,1.1232,0.810904,-0.579958,1.56705
-2.02944,-2.23601,1.12682,0.81182,-0.577788,1.56656
-2.03013,-2.23306,1.12978,0.812772,-0.575247,1.56699
-2.03165,-2.23048,1.13251,0.814221,-0.571956,1.56761
-2.03165,-2.23048,1.13251,0.814221,-0.571956,1.56761
-1.88842,-2.16124,1.16,0.526475,-0.535464,1.5708
-2.0313,-2.24696,1.13778,0.829146,-0.523288,1.5708
-2.0313,-2.24696,1.13778,0.829146,-0.523288,1.5708
1.24115,-0.984728,1.99067,-2.60954,-0.51449,1.5708
1.10089,-0.887424,2.00299,-2.2994,-0.502846,1.5708
1.10089,-0.887424,2.00299,-2.2994,-0.502846,1.5708
1.09669,-0.886158,2.00419,-2.30001,-0.501382,1.5708
1.09669,-0.886158,2.00419,-2.30001,-0.501382,1.5708
1.09142,-0.883634,2.00685,-2.29941,-0.499726,1.5708
1.09142,-0.883634,2.00685,-2.29941,-0.499726,1.5708
1.09142,-0.883634,2.00685,-2.29941,-0.499726,1.5708
1.08846,-0.880355,2.01019,-2.30047,-0.500212,1.5708
1.08846,-0.880355,2.01019,-2.30047,-0.500212,1.5708
1.08846,-0.880355,2.01019,-2.30047,-0.500212,1.5708
1.08686,-0.875026,2.01546,-2.30267,-0.503005,1.5708
1.08686,-0.875026,2.01546,-2.30267,-0.503005,1.5708
1.08612,-0.869651,2.02106,-2.30532,-0.506785,1.5708
1.08636,-0.866385,2.02507,-2.30706,-0.510236,1.57076
1.08683,-0.863645,2.02884,-2.30895,-0.513924,1.57026
1.08769,-0.861172,2.03264,-2.31097,-0.518147,1.56935
1.08922,-0.859086,2.03647,-2.3132,-0.523261,1.56782
1.09126,-0.857405,2.04031,-2.31544,-0.529196,1.56592
-2.06964,-2.23255,1.06989,0.818766,-0.586478,1.56915
-2.06493,-2.23232,1.06896,0.814801,-0.593742,1.56396
-2.06363,-2.23313,1.06717,0.812291,-0.599941,1.56185
-2.06358,-2.23208,1.06608,0.809266,-0.609671,1.55906
-2.06086,-2.23081,1.06636,0.807538,-0.614126,1.55577
-2.062,-2.22816,1.0663,0.808486,-0.629372,1.55653
-2.05947,-2.22595,1.0682,0.806553,-0.630995,1.55267
-2.05655,-2.22613,1.06798,0.805534,-0.633625,1.55058
-2.04691,-2.2173,1.08203,0.782939,-0.647369,1.5708
-2.04691,-2.2173,1.08203,0.782939,-0.647369,1.5708
-2.04691,-2.2173,1.08203,0.782939,-0.647369,1.5708
-2.04691,-2.2173,1.08203,0.782939,-0.647369,1.5708
-2.04691,-2.2173,1.08203,0.782939,-0.647369,1.5708
-2.04497,-2.21118,1.0873,0.785232,-0.644515,1.56957
-2.04497,-2.21118,1.0873,0.785232,-0.644515,1.56957
-2.04462,-2.20622,1.0918,0.786777,-0.641207,1.56894
-1.91224,-2.15125,1.13216,0.54892,-0.622127,1.5708
-2.00009,-2.23998,1.10511,0.780358,-0.544696,1.5708
-1.91125,-2.14909,1.13019,0.545387,-0.603199,1.5708
-1.91866,-2.14985,1.12569,0.556426,-0.592738,1.5708
-2.02104,-2.21273,1.07692,0.785091,-0.544585,1.5708
-2.02104,-2.21273,1.07692,0.785091,-0.544585,1.5708
-2.02104,-2.21273,1.07692,0.785091,-0.544585,1.5708
-2.02104,-2.21273,1.07692,0.785091,-0.544585,1.5708
-2.02104,-2.21273,1.07692,0.785091,-0.544585,1.5708
-2.04544,-2.21538,1.07738,0.809649,-0.529103,1.5708
-2.04544,-2.21538,1.07738,0.809649,-0.529103,1.5708
-2.04544,-2.21538,1.07738,0.809649,-0.529103,1.5708
-2.04544,-2.21538,1.07738,0.809649,-0.529103,1.5708
-2.04544,-2.21538,1.07738,0.809649,-0.529103,1.5708
-2.04544,-2.21538,1.07738,0.809649,-0.529103,1.5708
-2.04544,-2.21538,1.07738,0.809649,-0.529103,1.5708
-2.04544,-2.21538,1.07738,0.809649,-0.529103,1.5708
-2.04544,-2.21538,1.07738,0.809649,-0.529103,1.5708
-2.04544,-2.21538,1.07738,0.809649,-0.529103,1.5708
-2.04466,-2.22128,1.07236,0.808376,-0.533488,1.5708
-2.04466,-2.22128,1.07236,0.808376,-0.533488,1.5708
-2.04196,-2.22593,1.06825,0.807195,-0.53883,1.57072
-2.03846,-2.22873,1.06569,0.806055,-0.544391,1.5696
-2.03383,-2.23045,1.06407,0.804335,-0.551429,1.56703
-2.02751,-2.23039,1.06411,0.80104,-0.561985,1.56158
-2.02751,-2.23039,1.06411,0.80104,-0.561985,1.56158
-2.02069,-2.23096,1.06367,0.799599,-0.571671,1.55775
-2.02647,-2.22194,1.076,0.788609,-0.60124,1.54707
-2.02197,-2.22277,1.0751,0.792206,-0.605485,1.54907
-2.01734,-2.22214,1.07588,0.794357,-0.610251,1.54898
-2.01138,-2.22064,1.07825,0.794592,-0.61858,1.5461
-2.00857,-2.21505,1.08711,0.791547,-0.631112,1.53988
-2.00857,-2.21505,1.08711,0.791547,-0.631112,1.53988
-2.00919,-2.21304,1.09837,0.792482,-0.650894,1.54163
-2.012,-2.21195,1.10924,0.793939,-0.661868,1.54592
-2.02176,-2.21617,1.14931,0.787479,-0.6959,1.55814
-2.01901,-2.21641,1.14895,0.789598,-0.696437,1.55937
-2.01568,-2.21613,1.15096,0.792866,-0.692758,1.56352
-2.01044,-2.21644,1.15697,0.789438,-0.683847,1.56565
-2.01046,-2.22643,1.17244,0.794324,-0.680564,1.5708
-2.01411,-2.21799,1.17956,0.791597,-0.672512,1.56889
-2.01044,-2.1932,1.13361,0.79142,-0.650242,1.5708
1.11399,-0.952986,2.00484,-2.34229,-0.676024,1.5708
-2.00274,-2.22419,1.16797,0.791561,-0.640571,1.5708
0.765768,-0.844538,2.64833,-1.56816,-0.99143,0.49224
0.90836,-0.678847,2.32241,-1.55665,-0.628532,0.607751
0.90836,-0.678847,2.32241,-1.55665,-0.628532,0.607751
0.90836,-0.678847,2.32241,-1.55665,-0.628532,0.607751
1.13486,-0.909308,1.99301,-2.34501,-0.614186,1.5708
1.13486,-0.909308,1.99301,-2.34501,-0.614186,1.5708
1.13486,-0.909308,1.99301,-2.34501,-0.614186,1.5708
1.13486,-0.909308,1.99301,-2.34501,-0.614186,1.5708
1.13486,-0.909308,1.99301,-2.34501,-0.614186,1.5708
1.13486,-0.909308,1.99301,-2.34501,-0.614186,1.5708
1.13486,-0.909308,1.99301,-2.34501,-0.614186,1.5708
1.13486,-0.909308,1.99301,-2.34501,-0.614186,1.5708
1.11501,-0.914819,2.00131,-2.32863,-0.619931,1.5708
-2.02918,-2.23754,1.15113,0.822069,-0.627826,1.5708
-2.02924,-2.23923,1.14961,0.821114,-0.62915,1.5708
-2.02924,-2.23923,1.14961,0.821114,-0.62915,1.5708
-2.02924,-2.23923,1.14961,0.821114,-0.62915,1.5708
-2.02652,-2.24431,1.14498,0.818934,-0.634511,1.57012
-2.02357,-2.24737,1.14196,0.816425,-0.639721,1.56819
-2.02357,-2.24737,1.14196,0.816425,-0.639721,1.56819
-2.01832,-2.25025,1.13884,0.813166,-0.647282,1.56441
-2.01832,-2.25025,1.13884,0.813166,-0.647282,1.56441
-2.00994,-2.25036,1.13768,0.809239,-0.657658,1.55749
-2.00701,-2.24099,1.14432,0.802099,-0.669106,1.5465
-2.00701,-2.24099,1.14432,0.802099,-0.669106,1.5465
-2.00675,-2.23981,1.14407,0.80466,-0.682646,1.55048
-2.00793,-2.23602,1.1476,0.80215,-0.689575,1.54824
-2.02335,-2.22163,1.17028,0.802216,-0.734579,1.56534
-2.01726,-2.22418,1.17004,0.799462,-0.734653,1.56255
-2.00441,-2.2312,1.17592,0.792806,-0.717426,1.56649
-2.00151,-2.22778,1.17933,0.787029,-0.717663,1.5708
-2.00151,-2.22778,1.17933,0.787029,-0.717663,1.5708
-2.00151,-2.22778,1.17933,0.787029,-0.717663,1.5708
-2.00151,-2.22778,1.17933,0.787029,-0.717663,1.5708
-2.00151,-2.22778,1.17933,0.787029,-0.717663,1.5708
-2.00151,-2.22778,1.17933,0.787029,-0.717663,1.5708
-2.00151,-2.22778,1.17933,0.787029,-0.717663,1.5708
-2.00151,-2.22778,1.17933,0.787029,-0.717663,1.5708
-2.00151,-2.22778,1.17933,0.787029,-0.717663,1.5708
-2.00151,-2.22778,1.17933,0.787029,-0.717663,1.5708
-2.00151,-2.22778,1.17933,0.787029,-0.717663,1.5708
-2.00151,-2.22778,1.17933,0.787029,-0.717663,1.5708
-2.00151,-2.22778,1.17933,0.787029,-0.717663,1.5708
-2.00151,-2.22778,1.17933,0.787029,-0.717663,1.5708
-2.00151,-2.22778,1.17933,0.787029,-0.717663,1.5708
-2.00151,-2.22778,1.17933,0.787029,-0.717663,1.5708
-2.00151,-2.22778,1.17933,0.787029,-0.717663,1.5708
-2.00151,-2.22778,1.17933,0.787029,-0.717663,1.5708
-2.00151,-2.22778,1.17933,0.787029,-0.717663,1.5708
-2.00151,-2.22778,1.17933,0.787029,-0.717663,1.5708
-2.00151,-2.22778,1.17933,0.787029,-0.717663,1.5708
-2.00151,-2.22778,1.17933,0.787029,-0.717663,1.5708
-2.00151,-2.22778,1.17933,0.787029,-0.717663,1.5708
-2.00151,-2.22778,1.17933,0.787029,-0.717663,1.5708
-2.00151,-2.22778,1.17933,0.787029,-0.717663,1.5708
-2.00151,-2.22778,1.17933,0.787029,-0.717663,1.5708
-2.00151,-2.22778,1.17933,0.787029,-0.717663,1.5708
-2.00151,-2.22778,1.17933,0.787029,-0.717663,1.5708
-2.00151,-2.22778,1.17933,0.787029,-0.717663,1.5708
-2.00151,-2.22778,1.17933,0.787029,-0.717663,1.5708
-2.00151,-2.22778,1.17933,0.787029,-0.717663,1.5708
-2.00151,-2.22778,1.17933,0.787029,-0.717663,1.5708
-2.00151,-2.22778,1.17933,0.787029,-0.717663,1.5708
-2.00151,-2.22778,1.17933,0.787029,-0.717663,1.5708
-2.00151,-2.22778,1.17933,0.787029,-0.717663,1.5708
-2.00151,-2.22778,1.17933,0.787029,-0.717663,1.5708
-2.00151,-2.22778,1.17933,0.787029,-0.717663,1.5708
-2.00151,-2.22778,1.17933,0.787029,-0.717663,1.5708
-2.00151,-2.22778,1.17933,0.787029,-0.717663,1.5708
-2.00151,-2.22778,1.17933,0.787029,-0.717663,1.5708
-2.00151,-2.22778,1.17933,0.787029,-0.717663,1.5708
-2.00151,-2.22778,1.17933,0.787029,-0.717663,1.5708
-2.00151,-2.22778,1.17933,0.787029,-0.717663,1.5708
-2.00151,-2.22778,1.17933,0.787029,-0.717663,1.5708
-2.00151,-2.22778,1.17933,0.787029,-0.717663,1.5708
-2.00151,-2.22778,1.17933,0.787029,-0.717663,1.5708
-2.00151,-2.22778,1.17933,0.787029,-0.717663,1.5708
-2.00151,-2.22778,1.17933,0.787029,-0.717663,1.5708
-2.00151,-2.22778,1.17933,0.787029,-0.717663,1.5708
-2.00151,-2.22778,1.17933,0.787029,-0.717663,1.5708
-2.00151,-2.22778,1.17933,0.787029,-0.717663,1.5708
-2.00151,-2.22778,1.17933,0.787029,-0.717663,1.5708
-2.00151,-2.22778,1.17933,0.787029,-0.717663,1.5708
-2.00151,-2.22778,1.17933,0.787029,-0.717663,1.5708
-2.00151,-2.22778,1.17933,0.787029,-0.717663,1.5708
-2.00151,-2.22778,1.17933,0.787029,-0.717663,1.5708
-2.00151,-2.22778,1.17933,0.787029,-0.717663,1.5708
-2.00151,-2.22778,1.17933,0.787029,-0.717663,1.5708
-2.00151,-2.22778,1.17933,0.787029,-0.717663,1.5708
-2.00151,-2.22778,1.17933,0.787029,-0.717663,1.5708
-2.00151,-2.22778,1.17933,0.787029,-0.717663,1.5708
-2.00151,-2.22778,1.17933,0.787029,-0.717663,1.5708
-2.00151,-2.22778,1.17933,0.787029,-0.717663,1.5708
-2.00151,-2.22778,1.17933,0.787029,-0.717663,1.5708
-2.00151,-2.22778,1.17933,0.787029,-0.717663,1.5708
-2.00151,-2.22778,1.17933,0.787029,-0.717663,1.5708
-2.00151,-2.22778,1.17933,0.787029,-0.717663,1.5708
-2.00151,-2.22778,1.17933,0.787029,-0.717663,1.5708
-2.00151,-2.22778,1.17933,0.787029,-0.717663,1.5708
-2.00151,-2.22778,1.17933,0.787029,-0.717663,1.5708
-2.00151,-2.22778,1.17933,0.787029,-0.717663,1.5708
-2.00151,-2.22778,1.17933,0.787029,-0.717663,1.5708
-2.00151,-2.22778,1.17933,0.787029,-0.717663,1.5708
-2.00151,-2.22778,1.17933,0.787029,-0.717663,1.5708
-2.00151,-2.22778,1.17933,0.787029,-0.717663,1.5708
-2.00151,-2.22778,1.17933,0.787029,-0.717663,1.5708
-2.00151,-2.22778,1.17933,0.787029,-0.717663,1.5708
-2.00151,-2.22778,1.17933,0.787029,-0.717663,1.5708
-2.00151,-2.22778,1.17933,0.787029,-0.717663,1.5708
-2.00151,-2.22778,1.17933,0.787029,-0.717663,1.5708
-2.00151,-2.22778,1.17933,0.787029,-0.717663,1.5708
-2.00151,-2.22778,1.17933,0.787029,-0.717663,1.5708
-2.00151,-2.22778,1.17933,0.787029,-0.717663,1.5708
-2.00151,-2.22778,1.17933,0.787029,-0.717663,1.5708
-2.00151,-2.22778,1.17933,0.787029,-0.717663,1.5708
-2.00151,-2.22778,1.17933,0.787029,-0.717663,1.5708
-2.00151,-2.22778,1.17933,0.787029,-0.717663,1.5708
-2.00151,-2.22778,1.17933,0.787029,-0.717663,1.5708
-2.00151,-2.22778,1.17933,0.787029,-0.717663,1.5708
-2.00151,-2.22778,1.17933,0.787029,-0.717663,1.5708
-2.00151,-2.22778,1.17933,0.787029,-0.717663,1.5708
-2.00151,-2.22778,1.17933,0.787029,-0.717663,1.5708
-2.00151,-2.22778,1.17933,0.787029,-0.717663,1.5708
-2.00151,-2.22778,1.17933,0.787029,-0.717663,1.5708
-2.00151,-2.22778,1.17933,0.787029,-0.717663,1.5708
-2.00151,-2.22778,1.17933,0.787029,-0.717663,1.5708
-2.00151,-2.22778,1.17933,0.787029,-0.717663,1.5708
-2.00151,-2.22778,1.17933,0.787029,-0.717663,1.5708
-2.00151,-2.22778,1.17933,0.787029,-0.717663,1.5708
-2.00151,-2.22778,1.17933,0.787029,-0.717663,1.5708
-2.00151,-2.22778,1.17933,0.787029,-0.717663,1.5708
-2.00151,-2.22778,1.17933,0.787029,-0.717663,1.5708
-2.00151,-2.22778,1.17933,0.787029,-0.717663,1.5708
-2.00151,-2.22778,1.17933,0.787029,-0.717663,1.5708
-2.00151,-2.22778,1.17933,0.787029,-0.717663,1.5708
-1.99156,-2.238,1.17741,0.803831,-0.700943,1.5708
-2.00549,-2.20047,1.14779,0.803732,-0.731071,1.5708
-1.98927,-2.23984,1.18433,0.803412,-0.712809,1.5708
-1.98927,-2.23984,1.18433,0.803412,-0.712809,1.5708
-1.98927,-2.23984,1.18433,0.803412,-0.712809,1.5708
-1.98608,-2.23845,1.18543,0.804673,-0.713759,1.57016
-1.98608,-2.23845,1.18543,0.804673,-0.713759,1.57016
-1.98608,-2.23845,1.18543,0.804673,-0.713759,1.57016
-1.98608,-2.23845,1.18543,0.804673,-0.713759,1.57016
-1.98608,-2.23845,1.18543,0.804673,-0.713759,1.57016
-1.98608,-2.23845,1.18543,0.804673,-0.713759,1.57016
-1.98608,-2.23845,1.18543,0.804673,-0.713759,1.57016
-1.98608,-2.23845,1.18543,0.804673,-0.713759,1.57016
-1.98608,-2.23845,1.18543,0.804673,-0.713759,1.57016
-1.98608,-2.23845,1.18543,0.804673,-0.713759,1.57016
-1.98608,-2.23845,1.18543,0.804673,-0.713759,1.57016
-1.98608,-2.23845,1.18543,0.804673,-0.713759,1.57016
-1.98608,-2.23845,1.18543,0.804673,-0.713759,1.57016
-1.98608,-2.23845,1.18543,0.804673,-0.713759,1.57016
-1.98608,-2.23845,1.18543,0.804673,-0.713759,1.57016
-1.98608,-2.23845,1.18543,0.804673,-0.713759,1.57016
-1.98608,-2.23845,1.18543,0.804673,-0.713759,1.57016
-1.98608,-2.23845,1.18543,0.804673,-0.713759,1.57016
-1.98608,-2.23845,1.18543,0.804673,-0.713759,1.57016
-1.98608,-2.23845,1.18543,0.804673,-0.713759,1.57016
-1.98608,-2.23845,1.18543,0.804673,-0.713759,1.57016
-1.98608,-2.23845,1.18543,0.804673,-0.713759,1.57016
-1.98608,-2.23845,1.18543,0.804673,-0.713759,1.57016
-1.98608,-2.23845,1.18543,0.804673,-0.713759,1.57016
-1.98608,-2.23845,1.18543,0.804673,-0.713759,1.57016
-1.98608,-2.23845,1.18543,0.804673,-0.713759,1.57016
-1.98608,-2.23845,1.18543,0.804673,-0.713759,1.57016
-1.98608,-2.23845,1.18543,0.804673,-0.713759,1.57016
-1.98608,-2.23845,1.18543,0.804673,-0.713759,1.57016
-1.98608,-2.23845,1.18543,0.804673,-0.713759,1.57016
-1.98608,-2.23845,1.18543,0.804673,-0.713759,1.57016
-1.98608,-2.23845,1.18543,0.804673,-0.713759,1.57016
-2.00516,-2.23764,1.18769,0.815545,-0.716412,1.5708
-2.00516,-2.23764,1.18769,0.815545,-0.716412,1.5708
-2.00516,-2.23764,1.18769,0.815545,-0.716412,1.5708
-2.00295,-2.23269,1.19274,0.805575,-0.702581,1.5708
-1.9986,-2.23829,1.18757,0.805941,-0.707528,1.5708
-2.00654,-2.24614,1.18779,0.828563,-0.719542,1.55345
-2.0036,-2.23974,1.19536,0.815643,-0.72466,1.5645
-1.99099,-2.23646,1.18978,0.800429,-0.710156,1.5708
-1.98797,-2.23585,1.19037,0.797959,-0.701827,1.5708
-1.98677,-2.23501,1.19193,0.796867,-0.69734,1.5708
-1.98677,-2.23501,1.19193,0.796867,-0.69734,1.5708
-1.98677,-2.23501,1.19193,0.796867,-0.69734,1.5708
-1.98677,-2.23501,1.19193,0.796867,-0.69734,1.5708
-1.98677,-2.23501,1.19193,0.796867,-0.69734,1.5708
-1.98677,-2.23501,1.19193,0.796867,-0.69734,1.5708
-1.98677,-2.23501,1.19193,0.796867,-0.69734,1.5708
-1.98677,-2.23501,1.19193,0.796867,-0.69734,1.5708
-1.98677,-2.23501,1.19193,0.796867,-0.69734,1.5708
-1.98677,-2.23501,1.19193,0.796867,-0.69734,1.5708
-1.98677,-2.23501,1.19193,0.796867,-0.69734,1.5708
-1.98677,-2.23501,1.19193,0.796867,-0.69734,1.5708
-1.98677,-2.23501,1.19193,0.796867,-0.69734,1.5708
-1.98677,-2.23501,1.19193,0.796867,-0.69734,1.5708
-1.98677,-2.23501,1.19193,0.796867,-0.69734,1.5708
-2.01385,-2.22966,1.16144,0.816774,-0.611163,1.5708
-1.84316,-2.11965,1.16057,0.466705,-0.61085,1.5708
-2.01763,-2.22929,1.15593,0.817452,-0.611455,1.5708
-2.01763,-2.22929,1.15593,0.817452,-0.611455,1.5708
-2.01783,-2.23096,1.15445,0.816442,-0.612508,1.5708
-2.01783,-2.23096,1.15445,0.816442,-0.612508,1.5708
-2.01739,-2.23361,1.15201,0.815076,-0.614727,1.5708
-2.01739,-2.23361,1.15201,0.815076,-0.614727,1.5708
-2.01739,-2.23361,1.15201,0.815076,-0.614727,1.5708
-2.01508,-2.2376,1.14821,0.813088,-0.61925,1.57003
-2.01508,-2.2376,1.14821,0.813088,-0.61925,1.57003
-2.01153,-2.24058,1.14508,0.811123,-0.624559,1.56833
-2.01153,-2.24058,1.14508,0.811123,-0.624559,1.56833
-2.00511,-2.24174,1.14306,0.807907,-0.632466,1.56363
-2.00732,-2.22878,1.14715,0.80222,-0.654822,1.56374
-2.00732,-2.22878,1.14715,0.80222,-0.654822,1.56374
-2.00732,-2.22878,1.14715,0.80222,-0.654822,1.56374
-2.00367,-2.22281,1.15152,0.794023,-0.665552,1.55538
-2.00367,-2.22281,1.15152,0.794023,-0.665552,1.55538
-2.00675,-2.21833,1.15566,0.791601,-0.680045,1.5708
-2.0115,-2.21106,1.16293,0.787665,-0.673875,1.56825
-2.0115,-2.21106,1.16293,0.787665,-0.673875,1.56825
-2.0115,-2.21106,1.16293,0.787665,-0.673875,1.56825
-2.0115,-2.21106,1.16293,0.787665,-0.673875,1.56825
-2.0115,-2.21106,1.16293,0.787665,-0.673875,1.56825
1.13216,-0.926662,1.98641,-2.35018,-0.651485,1.5708
-2.01859,-2.21486,1.16752,0.797999,-0.664479,1.5708
-2.01978,-2.22533,1.15682,0.809889,-0.64058,1.55513
-2.02115,-2.20784,1.16244,0.799379,-0.654174,1.5708
-2.01661,-2.21319,1.16008,0.798841,-0.634615,1.5708
-2.0196,-2.2069,1.15765,0.797165,-0.639924,1.5708
-2.0196,-2.2069,1.15765,0.797165,-0.639924,1.5708
-2.0196,-2.2069,1.15765,0.797165,-0.639924,1.5708
-2.0196,-2.2069,1.15765,0.797165,-0.639924,1.5708
-2.0206,-2.21587,1.14341,0.807776,-0.592593,1.5708
-2.0206,-2.21587,1.14341,0.807776,-0.592593,1.5708
-2.0206,-2.21587,1.14341,0.807776,-0.592593,1.5708
-2.02759,-2.21482,1.13607,0.812218,-0.592107,1.5708
1.10859,-0.928989,2.00869,-2.32725,-0.59689,1.5708
1.10753,-0.927677,2.01077,-2.32605,-0.597005,1.5708
-2.04176,-2.2079,1.14333,0.814235,-0.628667,1.5708
-2.0435,-2.2104,1.14116,0.813377,-0.627773,1.5708
-2.0435,-2.2104,1.14116,0.813377,-0.627773,1.5708
-2.0435,-2.2104,1.14116,0.813377,-0.627773,1.5708
-2.04348,-2.21426,1.13761,0.811956,-0.62934,1.5708
-2.04348,-2.21426,1.13761,0.811956,-0.62934,1.5708
-2.04348,-2.21426,1.13761,0.811956,-0.62934,1.5708
-2.04348,-2.21426,1.13761,0.811956,-0.62934,1.5708
-2.04059,-2.22078,1.13153,0.809197,-0.6348,1.57007
-2.04059,-2.22078,1.13153,0.809197,-0.6348,1.57007
-2.03627,-2.22499,1.12722,0.806325,-0.640489,1.5676
-2.03627,-2.22499,1.12722,0.806325,-0.640489,1.5676
-2.03627,-2.22499,1.12722,0.806325,-0.640489,1.5676
-2.03627,-2.22499,1.12722,0.806325,-0.640489,1.5676
-2.0282,-2.22738,1.12413,0.803102,-0.648386,1.56236
-2.0282,-2.22738,1.12413,0.803102,-0.648386,1.56236
-2.0282,-2.22738,1.12413,0.803102,-0.648386,1.56236
-2.0282,-2.22738,1.12413,0.803102,-0.648386,1.56236
-2.02591,-2.22244,1.12797,0.801866,-0.648857,1.55832
-2.02591,-2.22244,1.12797,0.801866,-0.648857,1.55832
-2.02591,-2.22244,1.12797,0.801866,-0.648857,1.55832
-2.02591,-2.22244,1.12797,0.801866,-0.648857,1.55832
-2.02721,-2.21787,1.13189,0.801427,-0.646389,1.55678
-2.02721,-2.21787,1.13189,0.801427,-0.646389,1.55678
-2.02721,-2.21787,1.13189,0.801427,-0.646389,1.55678
-2.03044,-2.21231,1.13678,0.801518,-0.641771,1.55632
-2.03044,-2.21231,1.13678,0.801518,-0.641771,1.55632
-2.03442,-2.20761,1.14099,0.80225,-0.636512,1.55737
-2.03442,-2.20761,1.14099,0.80225,-0.636512,1.55737
-2.0399,-2.20401,1.14429,0.803501,-0.630148,1.56007
-2.0399,-2.20401,1.14429,0.803501,-0.630148,1.56007
-2.04723,-2.2024,1.14586,0.805509,-0.622302,1.56335
-2.04723,-2.2024,1.14586,0.805509,-0.622302,1.56335
-2.04723,-2.2024,1.14586,0.805509,-0.622302,1.56335
-2.04723,-2.2024,1.14586,0.805509,-0.622302,1.56335
-2.05909,-2.20622,1.14245,0.808186,-0.611995,1.56717
-2.05909,-2.20622,1.14245,0.808186,-0.611995,1.56717
-2.05909,-2.20622,1.14245,0.808186,-0.611995,1.56717
-2.05909,-2.20622,1.14245,0.808186,-0.611995,1.56717
-2.05909,-2.20622,1.14245,0.808186,-0.611995,1.56717
-2.05909,-2.20622,1.14245,0.808186,-0.611995,1.56717
-2.05909,-2.20622,1.14245,0.808186,-0.611995,1.56717
-2.05909,-2.20622,1.14245,0.808186,-0.611995,1.56717
-2.05612,-2.21367,1.1354,0.808404,-0.616521,1.56768
-2.05612,-2.21367,1.1354,0.808404,-0.616521,1.56768
-2.05612,-2.21367,1.1354,0.808404,-0.616521,1.56768
-2.05251,-2.2197,1.12952,0.807274,-0.621602,1.56798
-2.05251,-2.2197,1.12952,0.807274,-0.621602,1.56798
-2.04823,-2.2245,1.1246,0.805845,-0.627042,1.5671
-2.04823,-2.2245,1.1246,0.805845,-0.627042,1.5671
-2.04276,-2.22806,1.12057,0.80425,-0.633205,1.56497
-2.04276,-2.22806,1.12057,0.80425,-0.633205,1.56497
-2.03503,-2.22942,1.11801,0.801175,-0.641137,1.55952
-2.03503,-2.22942,1.11801,0.801175,-0.641137,1.55952
-2.03503,-2.22942,1.11801,0.801175,-0.641137,1.55952
-2.03503,-2.22942,1.11801,0.801175,-0.641137,1.55952
-2.03503,-2.22942,1.11801,0.801175,-0.641137,1.55952
-2.03503,-2.22942,1.11801,0.801175,-0.641137,1.55952
-2.02907,-2.22271,1.12285,0.800097,-0.643781,1.55316
-2.02907,-2.22271,1.12285,0.800097,-0.643781,1.55316
-2.02907,-2.22271,1.12285,0.800097,-0.643781,1.55316
-2.02907,-2.22271,1.12285,0.800097,-0.643781,1.55316
-2.02907,-2.22271,1.12285,0.800097,-0.643781,1.55316
-2.02907,-2.22271,1.12285,0.800097,-0.643781,1.55316
-2.02907,-2.22271,1.12285,0.800097,-0.643781,1.55316
-2.02907,-2.22271,1.12285,0.800097,-0.643781,1.55316
-2.03455,-2.21625,1.12848,0.799308,-0.638334,1.55236
-2.03455,-2.21625,1.12848,0.799308,-0.638334,1.55236
-2.03455,-2.21625,1.12848,0.799308,-0.638334,1.55236
-2.04214,-2.21126,1.13282,0.79887,-0.631767,1.55372
-2.04214,-2.21126,1.13282,0.79887,-0.631767,1.55372
-2.04214,-2.21126,1.13282,0.79887,-0.631767,1.55372
-2.05312,-2.20936,1.13424,0.798438,-0.624289,1.55776
-2.05312,-2.20936,1.13424,0.798438,-0.624289,1.55776
-2.05312,-2.20936,1.13424,0.798438,-0.624289,1.55776
-2.06608,-2.21249,1.13005,0.800159,-0.616705,1.56311
-2.06608,-2.21249,1.13005,0.800159,-0.616705,1.56311
-2.06608,-2.21249,1.13005,0.800159,-0.616705,1.56311
-2.06608,-2.21249,1.13005,0.800159,-0.616705,1.56311
-2.06608,-2.21249,1.13005,0.800159,-0.616705,1.56311
-2.06608,-2.21249,1.13005,0.800159,-0.616705,1.56311
-2.06608,-2.21249,1.13005,0.800159,-0.616705,1.56311
-2.06608,-2.21249,1.13005,0.800159,-0.616705,1.56311
-2.06608,-2.21249,1.13005,0.800159,-0.616705,1.56311
-2.06608,-2.21249,1.13005,0.800159,-0.616705,1.56311
-2.06866,-2.1897,1.07484,0.793333,-0.625573,1.5679
-2.06733,-2.19145,1.07327,0.792587,-0.627404,1.56742
-2.06116,-2.19342,1.07077,0.786629,-0.632059,1.56318
-2.05933,-2.19314,1.07066,0.785058,-0.637959,1.56067
-2.06379,-2.18715,1.07425,0.779786,-0.660969,1.56635
-2.06254,-2.188,1.07349,0.779762,-0.66212,1.56609
-2.06276,-2.18959,1.07632,0.780875,-0.672187,1.55948
-2.06276,-2.18959,1.07632,0.780875,-0.672187,1.55948
-2.05905,-2.1898,1.07605,0.778442,-0.675946,1.5552
-2.05835,-2.19055,1.07538,0.777781,-0.677167,1.55448
-2.07347,-2.19737,1.07277,0.80544,-0.685557,1.52484
-2.07347,-2.19737,1.07277,0.80544,-0.685557,1.52484
-2.07347,-2.19737,1.07277,0.80544,-0.685557,1.52484
-2.05861,-2.18807,1.08315,0.779903,-0.684697,1.54838
-2.05861,-2.18807,1.08315,0.779903,-0.684697,1.54838
-2.04912,-2.18185,1.08932,0.763171,-0.678652,1.56849
-2.0495,-2.18069,1.09035,0.763793,-0.677636,1.56879
-2.0527,-2.18039,1.09121,0.769189,-0.672087,1.5708
-2.05375,-2.17951,1.09263,0.771294,-0.667761,1.5708
-2.055,-2.17876,1.0941,0.772715,-0.662435,1.5708
-2.05057,-2.18304,1.09375,0.773755,-0.646126,1.56964
1.07511,-0.954205,2.06967,-2.33924,-0.614489,1.53978
-2.05663,-2.1806,1.09428,0.779335,-0.639153,1.5708
-2.05663,-2.1806,1.09428,0.779335,-0.639153,1.5708
-2.05663,-2.1806,1.09428,0.779335,-0.639153,1.5708
-2.05663,-2.1806,1.09428,0.779335,-0.639153,1.5708
-2.05663,-2.1806,1.09428,0.779335,-0.639153,1.5708
-2.06208,-2.17745,1.09719,0.78061,-0.633505,1.5708
-2.06208,-2.17745,1.09719,0.78061,-0.633505,1.5708
-2.06208,-2.17745,1.09719,0.78061,-0.633505,1.5708
-2.06814,-2.18332,1.07959,0.792252,-0.600252,1.5708
-2.06912,-2.18409,1.07891,0.791454,-0.6002,1.5708
-2.07031,-2.18531,1.07779,0.790638,-0.600273,1.5708
-2.07165,-2.18691,1.07628,0.789919,-0.600447,1.5708
-2.07291,-2.18877,1.07446,0.789173,-0.600885,1.5708
-2.08562,-2.18703,1.05597,0.807026,-0.601396,1.55535
-2.09605,-2.19362,1.04866,0.825867,-0.603973,1.53542
-2.10743,-2.20108,1.04042,0.847184,-0.607423,1.51154
-2.11974,-2.21026,1.03071,0.872102,-0.609635,1.48288
-2.12847,-2.2175,1.02344,0.890069,-0.613635,1.46076
-2.13616,-2.22397,1.01706,0.905972,-0.618809,1.44099
-2.14339,-2.2308,1.0104,0.922237,-0.623143,1.41998
-2.15032,-2.23756,1.00284,0.938985,-0.626372,1.39603
-2.15474,-2.24286,0.99836,0.950442,-0.631126,1.37899
-2.15953,-2.24836,0.993214,0.963166,-0.635574,1.3599
-2.16396,-2.25316,0.988043,0.975201,-0.640426,1.34298
-2.16228,-2.25392,0.987292,0.974806,-0.641943,1.34244
-2.1656,-2.25556,0.98581,0.982002,-0.651716,1.32796
-2.16349,-2.25565,0.987038,0.980961,-0.653336,1.32452
-2.16349,-2.25565,0.987038,0.980961,-0.653336,1.32452
-2.15994,-2.2548,0.987574,0.980782,-0.655471,1.32269
-2.15781,-2.25331,0.988884,0.979662,-0.656915,1.32014
-2.15781,-2.25331,0.988884,0.979662,-0.656915,1.32014
-2.15495,-2.25046,0.992382,0.978547,-0.659215,1.3168
-2.1389,-2.23217,1.01558,0.930897,-0.663916,1.37874
-2.1389,-2.23217,1.01558,0.930897,-0.663916,1.37874
-2.13911,-2.23008,1.01741,0.931548,-0.662673,1.37837
-2.13974,-2.22836,1.01896,0.932075,-0.661298,1.37825
-2.11883,-2.21157,1.03624,0.88478,-0.655907,1.43637
-2.11968,-2.2108,1.03693,0.884958,-0.654915,1.43653
-2.11442,-2.20564,1.03761,0.873537,-0.645088,1.45125
-2.11588,-2.20475,1.03844,0.87361,-0.643735,1.45151
-2.11647,-2.20372,1.03526,0.87359,-0.633054,1.45481
-2.11856,-2.203,1.03369,0.874663,-0.628537,1.4565
-2.12444,-2.20571,1.02823,0.884987,-0.621649,1.44738
-2.12444,-2.20571,1.02823,0.884987,-0.621649,1.44738
-2.1293,-2.20614,1.02765,0.886972,-0.617911,1.45155
-2.12987,-2.20447,1.02141,0.887906,-0.607689,1.45053
-2.12987,-2.20447,1.02141,0.887906,-0.607689,1.45053
-2.13904,-2.20871,1.01231,0.902034,-0.599592,1.43512
-2.14684,-2.21349,1.00433,0.916643,-0.59608,1.42089
-2.1534,-2.21711,0.996921,0.928316,-0.593797,1.41025
-2.1534,-2.21711,0.996921,0.928316,-0.593797,1.41025
-2.16046,-2.22148,0.986131,0.940822,-0.588349,1.39667
-2.16046,-2.22148,0.986131,0.940822,-0.588349,1.39667
-2.17009,-2.22938,0.973292,0.96072,-0.586507,1.37116
-2.17009,-2.22938,0.973292,0.96072,-0.586507,1.37116
-2.18317,-2.24118,0.957195,0.989929,-0.59015,1.33456
-2.18819,-2.2467,0.950003,1.0022,-0.593539,1.31798
-2.19195,-2.25054,0.945127,1.01068,-0.59885,1.30574
-2.19538,-2.25549,0.938964,1.02118,-0.601065,1.28973
-2.1971,-2.2579,0.934708,1.02627,-0.603999,1.27968
-2.19618,-2.25894,0.933746,1.02555,-0.605126,1.27932
-2.20217,-2.26551,0.924433,1.04297,-0.609877,1.2517
-2.20297,-2.2679,0.923071,1.04657,-0.615025,1.24339
-2.20297,-2.2679,0.923071,1.04657,-0.615025,1.24339
-2.20011,-2.26898,0.921984,1.04552,-0.617517,1.24223
-2.19705,-2.26871,0.922169,1.0442,-0.619949,1.23999
-2.20702,-2.2756,0.917858,1.06382,-0.631606,1.21039
-2.20702,-2.2756,0.917858,1.06382,-0.631606,1.21039
-2.20702,-2.2756,0.917858,1.06382,-0.631606,1.21039
-2.20146,-2.26995,0.927144,1.05188,-0.63401,1.22558
-2.20146,-2.26995,0.927144,1.05188,-0.63401,1.22558
-2.19452,-2.26161,0.939084,1.0343,-0.63194,1.24938
-2.19039,-2.25659,0.946279,1.02326,-0.630865,1.26529
-2.18664,-2.25226,0.95174,1.01444,-0.626918,1.27836
-2.18744,-2.25073,0.95312,1.01518,-0.625633,1.27845
-2.17686,-2.2409,0.967724,0.988928,-0.620036,1.31634
-2.17085,-2.23524,0.975881,0.974629,-0.615289,1.33682
-2.16867,-2.23134,0.97932,0.968182,-0.610401,1.34927
-2.16392,-2.22634,0.985561,0.956522,-0.604667,1.3673
-2.15903,-2.22093,0.991553,0.944196,-0.599294,1.38509
-2.15574,-2.21732,0.995114,0.936454,-0.592643,1.39675
-2.15703,-2.2158,0.996516,0.937139,-0.590934,1.39713
-2.1504,-2.2119,1.00132,0.923555,-0.580257,1.41778
-2.14933,-2.20925,1.00288,0.919026,-0.577052,1.42683
-2.15052,-2.20837,1.0037,0.9195,-0.575739,1.4273
-2.14767,-2.20666,1.00373,0.914137,-0.567258,1.43678
-2.14767,-2.20666,1.00373,0.914137,-0.567258,1.43678
-2.14886,-2.20776,1.00325,0.915551,-0.560894,1.4399
-2.14886,-2.20776,1.00325,0.915551,-0.560894,1.4399
-2.14886,-2.20776,1.00325,0.915551,-0.560894,1.4399
-2.14971,-2.20948,1.00177,0.915267,-0.561199,1.44071
-2.15971,-2.217,0.992075,0.938088,-0.560152,1.41551
-2.16235,-2.21974,0.989536,0.943383,-0.563765,1.40756
-2.16196,-2.2212,0.98824,0.942786,-0.564832,1.40754
-2.1748,-2.23072,0.976602,0.970844,-0.571928,1.37303
-2.17893,-2.23526,0.971022,0.980408,-0.576579,1.35819
-2.18431,-2.24072,0.963893,0.993107,-0.580699,1.33993
-2.18358,-2.24248,0.962332,0.992018,-0.582137,1.33957
-2.19531,-2.25219,0.949268,1.01887,-0.590012,1.30185
-2.19461,-2.25423,0.947446,1.01765,-0.591524,1.30157
-2.19302,-2.25575,0.944699,1.01216,-0.596645,1.29603
-2.21559,-2.27275,0.920195,1.06796,-0.602432,1.22852
-2.21453,-2.27448,0.918626,1.06648,-0.603932,1.22788
-2.22419,-2.28384,0.901296,1.09423,-0.606117,1.18305
-2.22419,-2.28384,0.901296,1.09423,-0.606117,1.18305
-2.22419,-2.28384,0.901296,1.09423,-0.606117,1.18305
-2.22754,-2.29005,0.892492,1.10605,-0.602353,1.16297
-2.22754,-2.29005,0.892492,1.10605,-0.602353,1.16297
-2.22754,-2.29005,0.892492,1.10605,-0.602353,1.16297
-2.22798,-2.28803,0.894339,1.10648,-0.601412,1.16231
-2.22447,-2.28514,0.905863,1.09636,-0.598883,1.17608
-2.22516,-2.28394,0.906933,1.09707,-0.597919,1.17621
-2.22621,-2.28223,0.908461,1.09838,-0.596422,1.17668
-2.21773,-2.27452,0.923181,1.07739,-0.588744,1.20857
-2.21237,-2.26789,0.932854,1.06345,-0.584318,1.22893
-2.20577,-2.26119,0.944167,1.0475,-0.578505,1.25081
-2.20652,-2.25908,0.94606,1.04852,-0.576993,1.25086
-2.19688,-2.25244,0.960133,1.02751,-0.566946,1.28119
-2.19287,-2.24887,0.966716,1.01886,-0.561511,1.29499
-2.19287,-2.24887,0.966716,1.01886,-0.561511,1.29499
-2.1954,-2.24546,0.970957,1.02374,-0.555181,1.29909
-2.18144,-2.23839,0.986625,0.99218,-0.549738,1.3336
-2.18144,-2.23839,0.986625,0.99218,-0.549738,1.3336
-2.17978,-2.23808,0.989819,0.990221,-0.543945,1.3378
-2.17978,-2.23808,0.989819,0.990221,-0.543945,1.3378
-2.17978,-2.23808,0.989819,0.990221,-0.543945,1.3378
-2.17978,-2.23808,0.989819,0.990221,-0.543945,1.3378
-2.18998,-2.24625,0.981596,1.01119,-0.546868,1.31612
-2.18998,-2.24625,0.981596,1.01119,-0.546868,1.31612
-2.19637,-2.25288,0.973525,1.02489,-0.551364,1.29638
-2.19639,-2.25445,0.972168,1.02405,-0.552133,1.29637
-2.20734,-2.2639,0.957632,1.05029,-0.555727,1.26116
-2.21242,-2.26933,0.94808,1.06251,-0.558109,1.24363
-2.21843,-2.2757,0.936354,1.07777,-0.559591,1.22018
-2.21833,-2.27775,0.934578,1.07624,-0.560621,1.21984
-2.22775,-2.28567,0.916636,1.09981,-0.564447,1.18282
-2.23312,-2.29325,0.902155,1.11668,-0.56358,1.15484
-2.23286,-2.29577,0.898983,1.11224,-0.56647,1.15177
-2.24392,-2.30428,0.87708,1.14314,-0.568836,1.11063
-2.24766,-2.30851,0.863751,1.15413,-0.568688,1.09006
-2.25121,-2.31279,0.853116,1.16416,-0.570028,1.07087
-2.2543,-2.31621,0.843614,1.17259,-0.570912,1.05274
-2.2543,-2.31621,0.843614,1.17259,-0.570912,1.05274
-2.25942,-2.3214,0.829009,1.18604,-0.571359,1.02938
-2.25942,-2.3214,0.829009,1.18604,-0.571359,1.02938
-2.25942,-2.3214,0.829009,1.18604,-0.571359,1.02938
-2.25942,-2.3214,0.829009,1.18604,-0.571359,1.02938
-2.25942,-2.3214,0.829009,1.18604,-0.571359,1.02938
-2.26128,-2.32034,0.830035,1.18694,-0.569643,1.02993
-2.25645,-2.31582,0.837706,1.17518,-0.56295,1.04861
-2.25675,-2.31448,0.838889,1.17581,-0.562301,1.04848
-2.25725,-2.31242,0.840748,1.17699,-0.5612,1.0485
-2.24921,-2.30482,0.860444,1.15294,-0.557269,1.08487
-2.24685,-2.3025,0.86681,1.14842,-0.555444,1.09323
-2.2446,-2.30032,0.873962,1.14398,-0.553843,1.1009
-2.24479,-2.29841,0.875634,1.14526,-0.552957,1.10105
-2.23744,-2.29171,0.892574,1.12518,-0.549948,1.13026
-2.23752,-2.29,0.89407,1.12602,-0.549177,1.13012
-2.23067,-2.28462,0.907683,1.10959,-0.546339,1.15237
-2.23067,-2.28462,0.907683,1.10959,-0.546339,1.15237
-2.22557,-2.27914,0.918374,1.09838,-0.544497,1.16841
-2.22557,-2.27914,0.918374,1.09838,-0.544497,1.16841
-2.22158,-2.27539,0.92747,1.08875,-0.54442,1.18287
-2.22158,-2.27539,0.92747,1.08875,-0.54442,1.18287
-2.22158,-2.27539,0.92747,1.08875,-0.54442,1.18287
-2.22158,-2.27539,0.92747,1.08875,-0.54442,1.18287
-2.22158,-2.27539,0.92747,1.08875,-0.54442,1.18287
-2.22044,-2.27697,0.926052,1.08801,-0.545957,1.18268
-2.22766,-2.28409,0.91767,1.10607,-0.551502,1.15635
-2.23192,-2.28921,0.909032,1.11776,-0.553622,1.13857
-2.23169,-2.29107,0.907391,1.1167,-0.554552,1.13854
-2.2316,-2.29362,0.903622,1.11284,-0.558031,1.13559
-2.2444,-2.30507,0.879905,1.15236,-0.559047,1.08352
-2.24741,-2.30934,0.870048,1.1611,-0.562723,1.06661
-2.25095,-2.31515,0.858298,1.17326,-0.563349,1.04391
-2.25313,-2.31806,0.850041,1.17848,-0.56443,1.03354
-2.25599,-2.32409,0.838934,1.18992,-0.563438,1.01372
-2.26134,-2.32923,0.825969,1.20325,-0.568616,0.991056
-2.26408,-2.33417,0.815501,1.21364,-0.569096,0.973106
-2.26633,-2.33785,0.806975,1.22191,-0.5698,0.957946
-2.26633,-2.33785,0.806975,1.22191,-0.5698,0.957946
-2.2681,-2.34127,0.799546,1.22877,-0.571086,0.943702
-2.2681,-2.34127,0.799546,1.22877,-0.571086,0.943702
-2.2681,-2.34127,0.799546,1.22877,-0.571086,0.943702
-2.2681,-2.34127,0.799546,1.22877,-0.571086,0.943702
-2.2646,-2.33726,0.810718,1.22098,-0.57088,0.95358
-2.26115,-2.33292,0.822556,1.21001,-0.571012,0.9702
-2.25858,-2.32831,0.833354,1.20034,-0.572502,0.985071
-2.25858,-2.32831,0.833354,1.20034,-0.572502,0.985071
-2.25582,-2.32415,0.846921,1.19455,-0.573462,0.996045
-2.25309,-2.3194,0.858082,1.18495,-0.573838,1.01336
-2.24801,-2.3143,0.870935,1.17261,-0.569542,1.03339
-2.24488,-2.30973,0.88147,1.16334,-0.568712,1.04955
-2.24024,-2.30539,0.894031,1.15173,-0.565512,1.0691
-2.2373,-2.30235,0.903952,1.14381,-0.564185,1.08516
-2.2373,-2.30235,0.903952,1.14381,-0.564185,1.08516
-2.23301,-2.29881,0.917577,1.13467,-0.55947,1.10956
-2.22932,-2.29699,0.926524,1.12665,-0.556269,1.12452
-2.22932,-2.29699,0.926524,1.12665,-0.556269,1.12452
-2.22606,-2.29779,0.933881,1.12363,-0.549288,1.13292
-2.22606,-2.29779,0.933881,1.12363,-0.549288,1.13292
-2.22606,-2.29779,0.933881,1.12363,-0.549288,1.13292
-2.22914,-2.30739,0.928576,1.13945,-0.543038,1.11821
-2.22914,-2.30739,0.928576,1.13945,-0.543038,1.11821
-2.2295,-2.30979,0.926497,1.13862,-0.543607,1.11875
-2.23587,-2.3213,0.911236,1.16499,-0.540585,1.08692
-2.23575,-2.32332,0.909453,1.16433,-0.541345,1.08735
-2.2376,-2.32689,0.90423,1.16344,-0.541341,1.08799
-2.24457,-2.3378,0.881467,1.19824,-0.539067,1.04281
-2.24433,-2.33991,0.879623,1.19696,-0.539809,1.04279
-2.24839,-2.34863,0.858408,1.21976,-0.536579,1.0065
-2.24943,-2.3531,0.848438,1.22753,-0.536109,0.990246
-2.25205,-2.35745,0.837005,1.23686,-0.538537,0.973728
-2.253,-2.36205,0.824443,1.24643,-0.535251,0.957003
-2.2529,-2.36399,0.822747,1.24527,-0.53572,0.957088
-2.25537,-2.36828,0.804443,1.25906,-0.535303,0.933633
-2.25503,-2.37034,0.802582,1.25787,-0.535931,0.93371
-2.25734,-2.37521,0.782261,1.27561,-0.533781,0.904624
-2.25671,-2.37676,0.780855,1.27463,-0.534534,0.904571
-2.25866,-2.38273,0.759931,1.29493,-0.530561,0.872349
-2.25833,-2.38402,0.758708,1.29367,-0.530899,0.871945
-2.2596,-2.3867,0.742413,1.30958,-0.528063,0.847537
-2.2596,-2.3867,0.742413,1.30958,-0.528063,0.847537
-2.2596,-2.3867,0.742413,1.30958,-0.528063,0.847537
-2.25615,-2.38495,0.743258,1.30787,-0.520384,0.851172
-2.25499,-2.38053,0.753561,1.29672,-0.521071,0.870352
-2.25373,-2.37751,0.760803,1.29001,-0.520382,0.883218
-2.25109,-2.37638,0.766225,1.28717,-0.514156,0.889644
-2.24886,-2.37457,0.773102,1.28291,-0.509635,0.898868
-2.24666,-2.37161,0.783441,1.2749,-0.507469,0.913229
-2.24376,-2.37108,0.790511,1.27197,-0.500928,0.920436
-2.24376,-2.37108,0.790511,1.27197,-0.500928,0.920436
-2.24103,-2.37013,0.802191,1.26905,-0.496978,0.932684
-2.23844,-2.36698,0.811736,1.26075,-0.494556,0.946609
-2.23522,-2.36495,0.820334,1.254,-0.490028,0.956245
-2.23309,-2.36416,0.826521,1.25018,-0.487107,0.961363
-2.23309,-2.36416,0.826521,1.25018,-0.487107,0.961363
-2.23309,-2.36416,0.826521,1.25018,-0.487107,0.961363
-2.23309,-2.36416,0.826521,1.25018,-0.487107,0.961363
-2.23309,-2.36416,0.826521,1.25018,-0.487107,0.961363
-2.23309,-2.36416,0.826521,1.25018,-0.487107,0.961363
-2.23309,-2.36416,0.826521,1.25018,-0.487107,0.961363
-2.23142,-2.37545,0.817054,1.26993,-0.477344,0.93348
-2.23142,-2.37545,0.817054,1.26993,-0.477344,0.93348
-2.23323,-2.38501,0.800597,1.28903,-0.474659,0.899294
-2.23339,-2.3902,0.792107,1.29819,-0.471711,0.883428
-2.23325,-2.39225,0.790313,1.2968,-0.472179,0.883203
-2.23381,-2.39696,0.778119,1.30909,-0.4668,0.864118
-2.2342,-2.40118,0.769956,1.31657,-0.465457,0.849947
-2.23441,-2.40503,0.763153,1.32256,-0.464607,0.837704
-2.2352,-2.40917,0.753784,1.33107,-0.463893,0.82081
-2.2359,-2.41348,0.743586,1.34052,-0.462612,0.802837
-2.23722,-2.41696,0.732226,1.35052,-0.462251,0.78441
-2.23722,-2.41696,0.732226,1.35052,-0.462251,0.78441
-2.23549,-2.42544,0.716671,1.36745,-0.455086,0.755528
-2.23549,-2.42544,0.716671,1.36745,-0.455086,0.755528
-2.23549,-2.42544,0.716671,1.36745,-0.455086,0.755528
-2.23321,-2.43021,0.70744,1.37775,-0.449119,0.739725
-2.23321,-2.43021,0.70744,1.37775,-0.449119,0.739725
-2.23321,-2.43021,0.70744,1.37775,-0.449119,0.739725
-2.23179,-2.42774,0.71592,1.37032,-0.448361,0.754344
-2.2631,-2.41942,0.637292,1.42869,-0.499679,0.593511
-2.2631,-2.41942,0.637292,1.42869,-0.499679,0.593511
-2.26031,-2.41776,0.644913,1.42251,-0.498044,0.613506
-2.25879,-2.41728,0.651385,1.41944,-0.495372,0.621971
-2.25879,-2.41728,0.651385,1.41944,-0.495372,0.621971
-2.25778,-2.41656,0.661357,1.41585,-0.495403,0.63526
-2.25778,-2.41656,0.661357,1.41585,-0.495403,0.63526
-2.25385,-2.41656,0.675815,1.40913,-0.489402,0.650724
-2.2341,-2.42055,0.73486,1.369,-0.456718,0.753535
-2.21853,-2.42551,0.765931,1.34832,-0.429108,0.809117
-2.21853,-2.42551,0.765931,1.34832,-0.429108,0.809117
-2.21853,-2.42551,0.765931,1.34832,-0.429108,0.809117
-2.21853,-2.42551,0.765931,1.34832,-0.429108,0.809117
-2.21527,-2.4306,0.771392,1.34884,-0.422585,0.816252
-2.21527,-2.4306,0.771392,1.34884,-0.422585,0.816252
-2.21527,-2.4306,0.771392,1.34884,-0.422585,0.816252
-2.21387,-2.43611,0.766722,1.35347,-0.4208,0.805709
-2.2134,-2.43746,0.765566,1.35246,-0.421308,0.80541
-2.21469,-2.44256,0.754484,1.36557,-0.422647,0.784729
-2.21388,-2.44404,0.753178,1.3645,-0.423377,0.784417
-2.2143,-2.44748,0.743149,1.37517,-0.424015,0.764791
-2.2147,-2.4488,0.739372,1.37768,-0.428556,0.75568
-2.2147,-2.4488,0.739372,1.37768,-0.428556,0.75568
-2.21393,-2.4523,0.732306,1.38429,-0.432728,0.740198
-2.21393,-2.4523,0.732306,1.38429,-0.432728,0.740198
-2.21423,-2.45363,0.726658,1.38878,-0.439925,0.729037
-2.21423,-2.45363,0.726658,1.38878,-0.439925,0.729037
-2.21324,-2.45298,0.726667,1.38867,-0.445114,0.724432
-2.21324,-2.45298,0.726667,1.38867,-0.445114,0.724432
-2.21255,-2.45082,0.729908,1.3865,-0.449466,0.725141
-2.21255,-2.45082,0.729908,1.3865,-0.449466,0.725141
-2.21279,-2.44705,0.735555,1.3819,-0.453572,0.733574
-2.21279,-2.44705,0.735555,1.3819,-0.453572,0.733574
-2.21279,-2.44705,0.735555,1.3819,-0.453572,0.733574
-2.21441,-2.44047,0.74287,1.37744,-0.458807,0.738524
-2.2138,-2.43744,0.748838,1.37204,-0.456694,0.748495
-2.2138,-2.43744,0.748838,1.37204,-0.456694,0.748495
-2.21495,-2.43505,0.750924,1.3739,-0.455731,0.749018
-2.21477,-2.42818,0.764206,1.35547,-0.455856,0.777779
-2.21477,-2.42818,0.764206,1.35547,-0.455856,0.777779
-2.21599,-2.42325,0.768496,1.34819,-0.455182,0.792481
-2.21599,-2.42325,0.768496,1.34819,-0.455182,0.792481
-2.21599,-2.42325,0.768496,1.34819,-0.455182,0.792481
-2.21885,-2.4186,0.766534,1.34409,-0.455255,0.803399
-2.21885,-2.4186,0.766534,1.34409,-0.455255,0.803399
-2.21941,-2.42074,0.764579,1.34478,-0.455406,0.805085
-2.21941,-2.42074,0.764579,1.34478,-0.455406,0.805085
-2.22299,-2.41938,0.753877,1.35049,-0.46183,0.799735
-2.22299,-2.41938,0.753877,1.35049,-0.46183,0.799735
-2.22293,-2.41906,0.752145,1.34814,-0.466325,0.800614
-2.22293,-2.41906,0.752145,1.34814,-0.466325,0.800614
-2.22264,-2.42353,0.745987,1.35506,-0.471905,0.784278
-2.22254,-2.42652,0.741174,1.3608,-0.475036,0.773638
-2.22217,-2.4288,0.738445,1.36418,-0.478659,0.76684
-2.22307,-2.43337,0.728117,1.37676,-0.484882,0.74237
-2.22307,-2.43337,0.728117,1.37676,-0.484882,0.74237
-2.22021,-2.434,0.733907,1.371,-0.49243,0.748797
-2.22135,-2.43812,0.725,1.38248,-0.500738,0.727092
-2.2192,-2.43872,0.724372,1.3823,-0.502429,0.7271
-2.22075,-2.4409,0.723991,1.38569,-0.514751,0.722165
-2.21981,-2.44154,0.725904,1.38503,-0.521531,0.721212
-2.21913,-2.4413,0.729192,1.38285,-0.530182,0.722577
-2.21826,-2.44089,0.732764,1.38054,-0.53833,0.723117
-2.21544,-2.44052,0.732954,1.38045,-0.540402,0.72264
-2.2169,-2.44038,0.739237,1.37712,-0.555303,0.72673
-2.21565,-2.44134,0.740242,1.37869,-0.561103,0.724176
-2.21523,-2.44036,0.746701,1.37432,-0.571627,0.731197
-2.21435,-2.43937,0.751912,1.37103,-0.580448,0.735923
-2.2129,-2.43899,0.756162,1.36926,-0.587498,0.737956
-2.21173,-2.4377,0.765141,1.36326,-0.597157,0.747844
-2.21061,-2.43694,0.772426,1.35887,-0.605823,0.754721
-2.20951,-2.43736,0.775234,1.35892,-0.612093,0.755071
-2.20731,-2.43694,0.775449,1.35922,-0.61366,0.754869
-2.20462,-2.43605,0.777532,1.36023,-0.618191,0.754389
-2.20693,-2.43514,0.789263,1.35096,-0.631339,0.766723
-2.20693,-2.43514,0.789263,1.35096,-0.631339,0.766723
-2.20553,-2.43495,0.79415,1.34977,-0.637976,0.770023
-2.20553,-2.43495,0.79415,1.34977,-0.637976,0.770023
-2.20553,-2.43495,0.79415,1.34977,-0.637976,0.770023
-2.20528,-2.43353,0.797603,1.34843,-0.642896,0.776096
-2.20528,-2.43353,0.797603,1.34843,-0.642896,0.776096
-2.20528,-2.43353,0.797603,1.34843,-0.642896,0.776096
-2.20492,-2.42867,0.8073,1.33829,-0.640819,0.794026
-2.20492,-2.42867,0.8073,1.33829,-0.640819,0.794026
-2.20568,-2.42665,0.809387,1.33466,-0.634708,0.803998
-2.20568,-2.42665,0.809387,1.33466,-0.634708,0.803998
-2.20733,-2.42478,0.807172,1.3335,-0.62652,0.810876
-2.20733,-2.42478,0.807172,1.3335,-0.62652,0.810876
-2.20971,-2.42093,0.807144,1.32842,-0.620449,0.822548
-2.20971,-2.42093,0.807144,1.32842,-0.620449,0.822548
-2.21227,-2.41894,0.802367,1.32781,-0.612053,0.827719
-2.21227,-2.41894,0.802367,1.32781,-0.612053,0.827719
-2.21553,-2.41861,0.795938,1.32997,-0.606677,0.830852
-2.21553,-2.41861,0.795938,1.32997,-0.606677,0.830852
-2.21806,-2.41711,0.791525,1.32953,-0.603582,0.833294
-2.21806,-2.41711,0.791525,1.32953,-0.603582,0.833294
-2.21806,-2.41711,0.791525,1.32953,-0.603582,0.833294
-2.21978,-2.41887,0.79008,1.32934,-0.602696,0.834349
-2.21978,-2.41887,0.79008,1.32934,-0.602696,0.834349
-2.21978,-2.41887,0.79008,1.32934,-0.602696,0.834349
-2.22017,-2.42308,0.779369,1.33901,-0.604317,0.820034
-2.22018,-2.42529,0.779005,1.34093,-0.60981,0.81611
-2.21972,-2.42867,0.776374,1.34566,-0.613588,0.805993
-2.21921,-2.4317,0.773791,1.34989,-0.618637,0.795693
-2.21872,-2.43579,0.767697,1.35763,-0.623316,0.779283
-2.21777,-2.43893,0.767117,1.36053,-0.630143,0.769756
-2.21479,-2.43939,0.766619,1.35914,-0.632283,0.76867
-2.21588,-2.44642,0.757663,1.37345,-0.641731,0.739909
-2.21481,-2.44867,0.754307,1.37751,-0.648723,0.727826
-2.21348,-2.45007,0.75626,1.37741,-0.657089,0.722309
-2.21038,-2.44965,0.75652,1.37635,-0.6591,0.720998
-2.20986,-2.45488,0.754976,1.38358,-0.668851,0.701684
-2.20898,-2.45655,0.755055,1.38565,-0.677188,0.69275
-2.20778,-2.45812,0.75401,1.3886,-0.683695,0.682456
-2.20654,-2.45864,0.754523,1.38992,-0.689394,0.674971
-2.20409,-2.45718,0.755729,1.38982,-0.690976,0.673806
-2.20448,-2.45553,0.769778,1.38009,-0.702595,0.683978
-2.20448,-2.45553,0.769778,1.38009,-0.702595,0.683978
-2.20207,-2.45116,0.78469,1.37049,-0.707402,0.697796
-2.20207,-2.45116,0.78469,1.37049,-0.707402,0.697796
-2.20025,-2.44528,0.80337,1.35788,-0.708563,0.723041
-2.19938,-2.44121,0.812987,1.35056,-0.707323,0.739201
-2.19778,-2.43558,0.828434,1.33789,-0.705711,0.764003
-2.19659,-2.43003,0.84246,1.32633,-0.704346,0.787405
-2.19837,-2.42839,0.843893,1.32803,-0.702719,0.787864
-2.19414,-2.41915,0.868351,1.30458,-0.697805,0.834236
-2.1912,-2.41143,0.884629,1.28786,-0.692797,0.865187
-2.19329,-2.40995,0.885942,1.28929,-0.69092,0.865677
-2.18776,-2.40038,0.905718,1.26648,-0.680785,0.907184
-2.19025,-2.39928,0.90674,1.2682,-0.678626,0.908252
-2.18629,-2.3925,0.91927,1.25131,-0.670027,0.944361
-2.18588,-2.39014,0.920541,1.24802,-0.661945,0.957125
-2.18569,-2.38675,0.924821,1.24135,-0.657215,0.974657
-2.18601,-2.38586,0.925385,1.23954,-0.651378,0.982999
-2.18774,-2.3869,0.92239,1.24227,-0.647266,0.984961
-2.1899,-2.38831,0.921194,1.24241,-0.646097,0.98626
-2.19272,-2.39193,0.908659,1.25468,-0.639831,0.976781
-2.19384,-2.39372,0.907121,1.25438,-0.639522,0.977757
-2.19804,-2.39964,0.889347,1.27221,-0.634346,0.95506
-2.19804,-2.39964,0.889347,1.27221,-0.634346,0.95506
-2.20364,-2.41096,0.865146,1.29555,-0.631465,0.919839
-2.20352,-2.41313,0.863288,1.29435,-0.63201,0.920143
-2.20829,-2.4236,0.837058,1.32105,-0.630641,0.876442
-2.20972,-2.42931,0.82146,1.33354,-0.630473,0.852231
-2.20877,-2.43138,0.819704,1.33154,-0.631452,0.851779
-2.21285,-2.44089,0.793225,1.35671,-0.634179,0.80417
-2.21344,-2.44718,0.774715,1.37124,-0.634224,0.774993
-2.21459,-2.45291,0.755637,1.38586,-0.636202,0.7463
-2.21518,-2.45708,0.740991,1.39604,-0.639264,0.724093
-2.21509,-2.46075,0.728563,1.40465,-0.642125,0.704186
-2.2153,-2.46391,0.716783,1.41293,-0.646533,0.685902
-2.21312,-2.46469,0.716039,1.4115,-0.648041,0.685165
-2.21463,-2.46743,0.704281,1.42115,-0.656343,0.661809
-2.21219,-2.46713,0.704477,1.41955,-0.657833,0.660309
-2.21322,-2.46726,0.698498,1.42387,-0.664848,0.64139
-2.21271,-2.46562,0.702429,1.42012,-0.670036,0.642391
-2.21271,-2.46562,0.702429,1.42012,-0.670036,0.642391
-2.21147,-2.46238,0.706185,1.41721,-0.675329,0.64105
-2.21147,-2.46238,0.706185,1.41721,-0.675329,0.64105
-2.21067,-2.45592,0.721049,1.40574,-0.680247,0.659535
-2.20929,-2.44975,0.73557,1.39297,-0.680139,0.681828
-2.20956,-2.44795,0.737079,1.39455,-0.679891,0.681934
-2.20787,-2.43693,0.765926,1.36654,-0.681425,0.73043
-2.20685,-2.42988,0.778816,1.35392,-0.681147,0.75433
-2.20802,-2.4282,0.780249,1.35542,-0.680071,0.75457
-2.20932,-2.42618,0.782575,1.36069,-0.67744,0.758499
-2.20434,-2.40912,0.816944,1.31535,-0.676079,0.824273
-2.20272,-2.40209,0.82427,1.30444,-0.673949,0.842981
-2.20409,-2.40115,0.825091,1.3053,-0.672801,0.843264
-2.20265,-2.39132,0.835367,1.28814,-0.670084,0.872662
-2.20265,-2.39132,0.835367,1.28814,-0.670084,0.872662
-2.20552,-2.39049,0.836104,1.28912,-0.667826,0.873372
-2.20254,-2.37822,0.843891,1.26872,-0.663085,0.906648
-2.20254,-2.37822,0.843891,1.26872,-0.663085,0.906648
-2.20254,-2.37822,0.843891,1.26872,-0.663085,0.906648
-2.20375,-2.37172,0.840729,1.26101,-0.656947,0.920245
-2.20375,-2.37172,0.840729,1.26101,-0.656947,0.920245
-2.20375,-2.37172,0.840729,1.26101,-0.656947,0.920245
-2.2059,-2.373,0.830259,1.26515,-0.655107,0.90518
-2.2059,-2.373,0.830259,1.26515,-0.655107,0.90518
-2.20501,-2.37461,0.828968,1.26197,-0.6561,0.903507
-2.20824,-2.38248,0.811589,1.28335,-0.653986,0.861594
-2.20824,-2.38248,0.811589,1.28335,-0.653986,0.861594
-2.20952,-2.3902,0.796744,1.29888,-0.654708,0.826825
-2.20952,-2.3902,0.796744,1.29888,-0.654708,0.826825
-2.20933,-2.39591,0.788007,1.30837,-0.656786,0.80172
-2.20933,-2.39591,0.788007,1.30837,-0.656786,0.80172
-2.2099,-2.40146,0.779875,1.3186,-0.661223,0.779794
-2.2099,-2.40146,0.779875,1.3186,-0.661223,0.779794
-2.20769,-2.40225,0.779036,1.31831,-0.663028,0.77978
-2.21069,-2.40517,0.775733,1.32574,-0.672861,0.768649
-2.21069,-2.40517,0.775733,1.32574,-0.672861,0.768649
-2.21057,-2.40236,0.781364,1.32092,-0.683798,0.774116
-2.21057,-2.40236,0.781364,1.32092,-0.683798,0.774116
-2.20802,-2.39995,0.783346,1.32116,-0.685238,0.772524
-2.20723,-2.39305,0.802687,1.30179,-0.696166,0.797925
-2.20723,-2.39305,0.802687,1.30179,-0.696166,0.797925
-2.20329,-2.38446,0.823371,1.28303,-0.703071,0.829706
-2.20238,-2.38327,0.824312,1.28426,-0.703462,0.829779
-2.19785,-2.37472,0.848761,1.25997,-0.709721,0.871117
-2.19507,-2.37001,0.861009,1.24878,-0.714103,0.89107
-2.19507,-2.37001,0.861009,1.24878,-0.714103,0.89107
-2.19051,-2.36507,0.879914,1.23462,-0.720111,0.91657
-2.19051,-2.36507,0.879914,1.23462,-0.720111,0.91657
-2.18653,-2.3607,0.896733,1.22188,-0.726183,0.941479
-2.18653,-2.3607,0.896733,1.22188,-0.726183,0.941479
-2.1833,-2.35989,0.908346,1.21551,-0.724677,0.956328
-2.1833,-2.35989,0.908346,1.21551,-0.724677,0.956328
-2.1833,-2.35989,0.908346,1.21551,-0.724677,0.956328
-2.1818,-2.36079,0.914285,1.21431,-0.717954,0.960347
-2.1818,-2.36079,0.914285,1.21431,-0.717954,0.960347
-2.18215,-2.36125,0.916169,1.21354,-0.715865,0.96765
-2.18267,-2.3608,0.916443,1.21253,-0.715603,0.97475
-2.18267,-2.3608,0.916443,1.21253,-0.715603,0.97475
-2.18175,-2.35771,0.919919,1.20533,-0.712863,0.993457
-2.18175,-2.35771,0.919919,1.20533,-0.712863,0.993457
-2.18175,-2.35771,0.919919,1.20533,-0.712863,0.993457
-2.18395,-2.36018,0.913307,1.21068,-0.705429,0.985908
-2.18395,-2.36018,0.913307,1.21068,-0.705429,0.985908
-2.18557,-2.36075,0.912907,1.21009,-0.704525,0.986095
-2.1893,-2.36671,0.898945,1.22717,-0.697339,0.96274
-2.1893,-2.36671,0.898945,1.22717,-0.697339,0.96274
-2.19344,-2.36985,0.885396,1.24005,-0.691604,0.943595
-2.19344,-2.36985,0.885396,1.24005,-0.691604,0.943595
-2.19628,-2.37136,0.877001,1.24784,-0.68676,0.932237
-2.19628,-2.37136,0.877001,1.24784,-0.68676,0.932237
-2.19839,-2.37018,0.872151,1.25048,-0.682305,0.936299
-2.19839,-2.37018,0.872151,1.25048,-0.682305,0.936299
-2.20055,-2.36601,0.870293,1.24856,-0.680988,0.944205
-2.20055,-2.36601,0.870293,1.24856,-0.680988,0.944205
-2.20055,-2.36601,0.870293,1.24856,-0.680988,0.944205
-2.20188,-2.35789,0.87026,1.24113,-0.676488,0.959055
-2.20188,-2.35789,0.87026,1.24113,-0.676488,0.959055
-2.20326,-2.35689,0.871114,1.242,-0.675241,0.959432
-2.19825,-2.34148,0.886113,1.21242,-0.675091,1.00376
-2.19825,-2.34148,0.886113,1.21242,-0.675091,1.00376
-2.19309,-2.33068,0.898731,1.19023,-0.673942,1.03628
-2.19309,-2.33068,0.898731,1.19023,-0.673942,1.03628
-2.19309,-2.33068,0.898731,1.19023,-0.673942,1.03628
-2.19309,-2.33068,0.898731,1.19023,-0.673942,1.03628
-2.18638,-2.31548,0.915916,1.15733,-0.680574,1.08051
-2.18638,-2.31548,0.915916,1.15733,-0.680574,1.08051
-2.18638,-2.31548,0.915916,1.15733,-0.680574,1.08051
-2.18502,-2.31379,0.914728,1.15159,-0.685696,1.07588
-2.18736,-2.31781,0.907379,1.16001,-0.684883,1.05674
-2.18736,-2.31781,0.907379,1.16001,-0.684883,1.05674
-2.18739,-2.31931,0.906383,1.15615,-0.685583,1.05451
-2.19225,-2.33098,0.889602,1.18178,-0.67812,1.01189
-2.19225,-2.33098,0.889602,1.18178,-0.67812,1.01189
-2.19225,-2.33098,0.889602,1.18178,-0.67812,1.01189
-2.19225,-2.33098,0.889602,1.18178,-0.67812,1.01189
-2.19505,-2.342,0.880393,1.19646,-0.673847,0.984312
-2.19505,-2.342,0.880393,1.19646,-0.673847,0.984312
-2.19505,-2.342,0.880393,1.19646,-0.673847,0.984312
-2.19197,-2.33653,0.890975,1.18586,-0.674747,1.00015
-2.18828,-2.33032,0.900842,1.17361,-0.674645,1.01668
-2.18437,-2.3233,0.911231,1.16037,-0.674986,1.03531
-2.18091,-2.31702,0.919457,1.14958,-0.674204,1.05111
-2.17719,-2.30989,0.929398,1.13665,-0.675184,1.0718
-2.17297,-2.30153,0.93964,1.12184,-0.676615,1.09592
-2.17291,-2.29998,0.940913,1.12317,-0.675983,1.09613
-2.16138,-2.28168,0.965677,1.08329,-0.679978,1.15485
-2.1522,-2.27013,0.980537,1.05787,-0.68154,1.19054
-2.15234,-2.2689,0.981577,1.05862,-0.680841,1.19055
-2.14106,-2.25526,0.996686,1.02772,-0.67941,1.23282
-2.14106,-2.25526,0.996686,1.02772,-0.67941,1.23282
-2.13014,-2.24351,1.0103,0.999838,-0.675837,1.26949
-2.13014,-2.24351,1.0103,0.999838,-0.675837,1.26949
-2.12555,-2.23873,1.01288,0.98868,-0.66777,1.28181
-2.12555,-2.23873,1.01288,0.98868,-0.66777,1.28181
-2.12602,-2.24116,1.00978,0.990922,-0.655057,1.2793
-2.12602,-2.24116,1.00978,0.990922,-0.655057,1.2793
-2.13086,-2.24821,1.00225,1.00328,-0.643199,1.26559
-2.13086,-2.24821,1.00225,1.00328,-0.643199,1.26559
-2.13324,-2.24995,1.00089,1.00273,-0.642328,1.26678
-2.14111,-2.25862,0.989143,1.02463,-0.635148,1.24353
-2.14111,-2.25862,0.989143,1.02463,-0.635148,1.24353
-2.14897,-2.26726,0.975359,1.04403,-0.628244,1.21584
-2.14897,-2.26726,0.975359,1.04403,-0.628244,1.21584
-2.15661,-2.27459,0.962371,1.06078,-0.627281,1.19199
-2.16182,-2.28001,0.95126,1.07457,-0.625182,1.17239
-2.16709,-2.28351,0.941867,1.08506,-0.628288,1.15527
-2.17253,-2.28732,0.931062,1.09649,-0.631202,1.13557
-2.17233,-2.28918,0.929403,1.09491,-0.632288,1.1352
-2.18537,-2.29711,0.902472,1.12645,-0.634028,1.08834
-2.18521,-2.29922,0.900573,1.12507,-0.635019,1.08834
-2.19564,-2.30744,0.876623,1.15313,-0.635761,1.04949
-2.19949,-2.31283,0.86486,1.16576,-0.634527,1.03177
-2.19949,-2.31283,0.86486,1.16576,-0.634527,1.03177
-2.20245,-2.32007,0.856021,1.17797,-0.630392,1.01988
-2.20245,-2.32007,0.856021,1.17797,-0.630392,1.01988
-2.19977,-2.32267,0.864848,1.17525,-0.625693,1.0331
-2.19977,-2.32267,0.864848,1.17525,-0.625693,1.0331
-2.19494,-2.3229,0.884291,1.16579,-0.624163,1.05825
-2.19178,-2.32201,0.89643,1.15915,-0.62434,1.07296
-2.19151,-2.32018,0.898036,1.16089,-0.623783,1.07328
-2.18314,-2.31712,0.923341,1.14134,-0.623347,1.10741
-2.1765,-2.31171,0.939409,1.1264,-0.622816,1.13101
-2.16996,-2.30592,0.953996,1.11226,-0.622402,1.15275
-2.16262,-2.29995,0.968282,1.09753,-0.621068,1.17391
-2.16153,-2.29777,0.970069,1.09933,-0.620774,1.17401
-2.14834,-2.28634,0.996958,1.0659,-0.625046,1.22382
-2.14672,-2.28459,0.998331,1.06753,-0.625169,1.22388
-2.13218,-2.27118,1.0244,1.03007,-0.634474,1.27621
-2.13023,-2.26982,1.02542,1.03106,-0.634991,1.27578
-2.11562,-2.25729,1.04605,0.996658,-0.64429,1.31629
-2.10936,-2.25255,1.05263,0.985562,-0.650482,1.3252
-2.10641,-2.25124,1.05575,0.982503,-0.655634,1.32449
-2.10348,-2.25106,1.05579,0.98222,-0.657621,1.32311
-2.10245,-2.25102,1.05988,0.979584,-0.667694,1.3191
-2.10746,-2.25529,1.05489,0.992138,-0.676611,1.29937
-2.11001,-2.26002,1.05054,1.0015,-0.681616,1.28287
-2.10773,-2.26169,1.04902,1.00026,-0.684197,1.28186
-2.105,-2.26258,1.04749,0.994313,-0.693167,1.27521
-2.13203,-2.28417,1.02362,1.05662,-0.703555,1.19776
-2.12901,-2.28696,1.02038,1.05152,-0.709746,1.19374
-2.15148,-2.30883,0.988786,1.11042,-0.713987,1.11292
-2.15943,-2.32105,0.966797,1.13663,-0.716884,1.06816
-2.16749,-2.33272,0.94578,1.16155,-0.718678,1.02684
-2.17567,-2.34402,0.923259,1.18647,-0.720782,0.986219
-2.18259,-2.35465,0.899143,1.21051,-0.719014,0.946537
-2.18652,-2.36152,0.881612,1.22498,-0.716652,0.922056
-2.18694,-2.36372,0.879711,1.22365,-0.716985,0.922507
-2.19427,-2.37206,0.850737,1.2494,-0.712151,0.882196
-2.19427,-2.37206,0.850737,1.2494,-0.712151,0.882196
-2.19699,-2.37272,0.836746,1.25336,-0.707259,0.877248
-2.19699,-2.37272,0.836746,1.25336,-0.707259,0.877248
-2.19833,-2.3685,0.834627,1.24773,-0.703588,0.88806
-2.19833,-2.3685,0.834627,1.24773,-0.703588,0.88806
-2.19682,-2.3588,0.843305,1.23169,-0.698978,0.916373
-2.19566,-2.35231,0.850065,1.2213,-0.69801,0.93329
-2.19248,-2.34375,0.861625,1.20561,-0.695604,0.958201
-2.1884,-2.33453,0.874191,1.18848,-0.692776,0.984165
-2.18942,-2.33269,0.875827,1.18932,-0.69146,0.983948
-2.18021,-2.31714,0.900294,1.15556,-0.688457,1.03381
-2.17472,-2.30916,0.911535,1.13993,-0.684085,1.05513
-2.17002,-2.30257,0.921986,1.12684,-0.680075,1.07365
-2.16548,-2.2967,0.931578,1.11501,-0.675859,1.08955
-2.16052,-2.29157,0.94168,1.10325,-0.671844,1.10461
-2.1564,-2.28826,0.94998,1.09491,-0.668171,1.11537
-2.15413,-2.28761,0.954168,1.09302,-0.66394,1.11558
-2.15413,-2.28761,0.954168,1.09302,-0.66394,1.11558
-2.14802,-2.28569,0.96658,1.0848,-0.660384,1.12498
-2.14802,-2.28569,0.96658,1.0848,-0.660384,1.12498
-2.14114,-2.28437,0.980352,1.07549,-0.661608,1.13387
-2.14114,-2.28437,0.980352,1.07549,-0.661608,1.13387
-2.13741,-2.28734,0.987881,1.07658,-0.665274,1.12617
-2.13531,-2.2878,0.99263,1.07499,-0.670024,1.12431
-2.13277,-2.28857,0.997246,1.07335,-0.673994,1.12252
-2.13277,-2.28857,0.997246,1.07335,-0.673994,1.12252
-2.13184,-2.2923,0.998587,1.0795,-0.682714,1.10823
-2.12981,-2.29127,1.00337,1.07519,-0.690454,1.11238
-2.13104,-2.29383,1.00043,1.08154,-0.694452,1.10176
-2.13104,-2.29383,1.00043,1.08154,-0.694452,1.10176
-2.12932,-2.29416,1.00237,1.08007,-0.705252,1.099
-2.12968,-2.2952,1.00121,1.08171,-0.709871,1.09507
-2.13423,-2.30004,0.992602,1.09421,-0.713193,1.07743
-2.13752,-2.30298,0.985266,1.10215,-0.716184,1.06558
-2.14089,-2.30608,0.977929,1.10982,-0.718678,1.05516
-2.14089,-2.30608,0.977929,1.10982,-0.718678,1.05516
-2.14839,-2.3139,0.958812,1.1288,-0.717334,1.02675
-2.14839,-2.3139,0.958812,1.1288,-0.717334,1.02675
-2.15726,-2.32357,0.935462,1.15151,-0.713174,0.989321
-2.1616,-2.32874,0.921936,1.16359,-0.709349,0.968364
-2.16424,-2.33248,0.913349,1.17,-0.705582,0.956383
-2.17088,-2.33945,0.896103,1.18717,-0.701953,0.928966
-2.17245,-2.34155,0.894362,1.18615,-0.701503,0.929774
-2.17629,-2.3456,0.890819,1.18434,-0.700007,0.93099
-2.18472,-2.3555,0.853713,1.22328,-0.683962,0.877038
-2.18725,-2.35782,0.84197,1.23006,-0.677445,0.866573
-2.18975,-2.36068,0.833354,1.23567,-0.671061,0.860065
-2.19222,-2.36244,0.831923,1.23519,-0.669805,0.861176
-2.19588,-2.36498,0.81332,1.24872,-0.658029,0.845011
-2.19789,-2.36503,0.808335,1.2502,-0.653365,0.844695
-2.19789,-2.36503,0.808335,1.2502,-0.653365,0.844695
-2.20173,-2.36474,0.801253,1.2521,-0.645713,0.846993
-2.20173,-2.36474,0.801253,1.2521,-0.645713,0.846993
-2.20342,-2.36191,0.799982,1.24869,-0.638029,0.857913
-2.20342,-2.36191,0.799982,1.24869,-0.638029,0.857913
-2.20328,-2.35726,0.805658,1.24025,-0.63272,0.872596
-2.20328,-2.35726,0.805658,1.24025,-0.63272,0.872596
-2.20204,-2.3541,0.814548,1.23229,-0.629703,0.887586
-2.20204,-2.3541,0.814548,1.23229,-0.629703,0.887586
-2.19942,-2.35094,0.824937,1.22402,-0.62789,0.904551
-2.19942,-2.35094,0.824937,1.22402,-0.62789,0.904551
-2.19572,-2.34757,0.840456,1.21258,-0.632222,0.923744
-2.19572,-2.34757,0.840456,1.21258,-0.632222,0.923744
-2.19296,-2.34784,0.848876,1.20996,-0.636808,0.926927
-2.19296,-2.34784,0.848876,1.20996,-0.636808,0.926927
-2.18932,-2.34694,0.849539,1.20978,-0.639138,0.925545
-2.18916,-2.35284,0.85602,1.21356,-0.646198,0.915694
-2.18957,-2.35609,0.854478,1.21921,-0.651907,0.904081
-2.18957,-2.35609,0.854478,1.21921,-0.651907,0.904081
-2.18911,-2.36494,0.850292,1.23196,-0.660229,0.878828
-2.18669,-2.36559,0.849664,1.23104,-0.66211,0.878046
-2.19036,-2.37689,0.84103,1.25072,-0.670529,0.845429
-2.19092,-2.38287,0.835417,1.26014,-0.676386,0.827372
-2.19115,-2.38827,0.831439,1.26788,-0.682315,0.812257
-2.19142,-2.39397,0.827013,1.27634,-0.687778,0.794637
-2.18864,-2.39439,0.826617,1.27514,-0.68988,0.79353
-2.19202,-2.40506,0.819907,1.29213,-0.698875,0.763733
-2.19244,-2.41056,0.813775,1.30188,-0.702587,0.74754
-2.19244,-2.41056,0.813775,1.30188,-0.702587,0.74754
-2.19083,-2.41448,0.817687,1.30459,-0.710942,0.743416
-2.1899,-2.41384,0.824535,1.30099,-0.716215,0.748119
-2.1899,-2.41384,0.824535,1.30099,-0.716215,0.748119
-2.18848,-2.41192,0.826143,1.30178,-0.716867,0.747274
-2.1871,-2.40926,0.843967,1.28971,-0.723037,0.767765
-2.1871,-2.40926,0.843967,1.28971,-0.723037,0.767765
-2.18476,-2.40186,0.860735,1.27571,-0.723562,0.794883
-2.18154,-2.39558,0.874637,1.2618,-0.720909,0.818582
-2.18036,-2.38991,0.885711,1.25077,-0.721083,0.839113
-2.17911,-2.38549,0.893803,1.2425,-0.718125,0.856048
-2.17805,-2.38171,0.900297,1.23546,-0.71362,0.87203
-2.17754,-2.3778,0.907185,1.22785,-0.71099,0.889468
-2.1774,-2.37499,0.909589,1.22398,-0.705505,0.899484
-2.17691,-2.3716,0.915743,1.21652,-0.702678,0.914565
-2.17681,-2.36985,0.918913,1.21227,-0.698287,0.924543
-2.17681,-2.36985,0.918913,1.21227,-0.698287,0.924543
-2.18092,-2.37109,0.918033,1.21241,-0.695795,0.926161
-2.18456,-2.37673,0.901363,1.22981,-0.683866,0.907103
-2.18456,-2.37673,0.901363,1.22981,-0.683866,0.907103
-2.18936,-2.38229,0.886671,1.24221,-0.677097,0.889188
-2.18936,-2.38229,0.886671,1.24221,-0.677097,0.889188
-2.19428,-2.38955,0.869792,1.25652,-0.672397,0.867223
-2.19736,-2.39459,0.859548,1.26608,-0.672378,0.853717
-2.20026,-2.40087,0.847016,1.27811,-0.671166,0.835172
-2.2033,-2.40702,0.833476,1.29062,-0.671145,0.814352
-2.20584,-2.41294,0.820844,1.30207,-0.671764,0.79551
-2.20681,-2.41749,0.813433,1.30824,-0.672079,0.784324
-2.20602,-2.41938,0.811808,1.30697,-0.67308,0.784378
-2.20591,-2.42185,0.808927,1.30318,-0.674882,0.782278
-2.21221,-2.43563,0.780706,1.34049,-0.675561,0.727758
-2.21234,-2.44059,0.772635,1.34834,-0.67755,0.712265
-2.21251,-2.44618,0.766109,1.35674,-0.678891,0.69816
-2.21251,-2.44618,0.766109,1.35674,-0.678891,0.69816
-2.2103,-2.44747,0.764949,1.35614,-0.680699,0.698241
-2.21163,-2.45724,0.7614,1.37079,-0.686733,0.677397
-2.21163,-2.45724,0.7614,1.37079,-0.686733,0.677397
-2.20916,-2.45817,0.771364,1.36908,-0.691888,0.680526
-2.20708,-2.45677,0.783495,1.36294,-0.694213,0.690226
-2.20563,-2.4552,0.793915,1.35863,-0.697331,0.698496
-2.20292,-2.45186,0.811023,1.34859,-0.699272,0.717089
-2.20087,-2.44748,0.828104,1.33809,-0.702865,0.737019
-2.20042,-2.44479,0.830348,1.34012,-0.702789,0.736793
-2.19522,-2.43322,0.871533,1.30639,-0.707987,0.793896
-2.1901,-2.42331,0.896983,1.28452,-0.709353,0.831228
-2.18538,-2.41342,0.921846,1.26281,-0.711003,0.868614
-2.17953,-2.40242,0.947697,1.23826,-0.711557,0.910768
-2.17444,-2.3915,0.967912,1.2169,-0.711852,0.948008
-2.16755,-2.37971,0.988531,1.19256,-0.709227,0.987082
-2.16136,-2.36735,1.00771,1.16785,-0.709441,1.025
-2.15503,-2.35656,1.02489,1.14499,-0.709226,1.05971
-2.15607,-2.35519,1.02608,1.14592,-0.707906,1.05992
-2.14899,-2.34407,1.04088,1.12122,-0.70517,1.10004
-2.14899,-2.34407,1.04088,1.12122,-0.70517,1.10004
-2.15187,-2.34381,1.04108,1.12188,-0.703034,1.10122
-2.15187,-2.34381,1.04108,1.12188,-0.703034,1.10122
-2.15548,-2.34249,1.0291,1.12804,-0.695041,1.09583
-2.15548,-2.34249,1.0291,1.12804,-0.695041,1.09583
-2.16946,-2.35812,1.00023,1.16603,-0.687378,1.04424
-2.1699,-2.36056,0.998507,1.16512,-0.687788,1.04477
-2.18146,-2.37535,0.967282,1.20392,-0.681318,0.99051
-2.18155,-2.37753,0.965448,1.20247,-0.681988,0.990664
-2.19158,-2.39198,0.934703,1.23787,-0.679309,0.936079
-2.19627,-2.40209,0.913708,1.25871,-0.676826,0.902123
-2.20142,-2.41294,0.892081,1.28077,-0.676237,0.866331
-2.20575,-2.42338,0.869036,1.30272,-0.674945,0.8304
-2.20847,-2.43181,0.850151,1.31943,-0.674616,0.801847
-2.2115,-2.43933,0.831372,1.33567,-0.676798,0.772299
-2.21283,-2.44486,0.819083,1.34564,-0.679284,0.753135
-2.214,-2.45013,0.807497,1.3556,-0.682343,0.735419
-2.2149,-2.45483,0.796199,1.36549,-0.685302,0.718532
-2.21525,-2.458,0.789348,1.37164,-0.689012,0.707407
-2.21525,-2.458,0.789348,1.37164,-0.689012,0.707407
-2.21371,-2.45922,0.79081,1.3719,-0.696234,0.706236
-2.21208,-2.45834,0.791485,1.37252,-0.697388,0.706003
-2.21131,-2.45521,0.810842,1.35893,-0.706238,0.729346
-2.21034,-2.45363,0.812124,1.36,-0.70669,0.729055
-2.2074,-2.44912,0.835441,1.34372,-0.71172,0.758214
-2.20687,-2.44673,0.837456,1.34538,-0.711673,0.757887
-2.20129,-2.43674,0.877189,1.31296,-0.716739,0.813249
-2.19719,-2.4293,0.896434,1.29725,-0.717722,0.840699
-2.19725,-2.42667,0.898649,1.29901,-0.71705,0.840385
-2.18816,-2.41133,0.944109,1.25669,-0.71906,0.911176
-2.18139,-2.39968,0.966317,1.23295,-0.717998,0.948762
-2.17559,-2.3894,0.986319,1.21224,-0.716838,0.982525
-2.17559,-2.3894,0.986319,1.21224,-0.716838,0.982525
-2.15981,-2.36185,1.03781,1.15272,-0.716603,1.07857
-2.15003,-2.34912,1.05276,1.1271,-0.712258,1.11503
-2.13795,-2.33266,1.07655,1.09025,-0.711041,1.16912
-2.12563,-2.31735,1.09562,1.05591,-0.709192,1.21608
-2.12637,-2.3156,1.09713,1.05694,-0.707707,1.21624
-2.10568,-2.29352,1.12093,1.00336,-0.702489,1.28642
-2.09601,-2.28385,1.12748,0.981146,-0.698532,1.31253
-2.09601,-2.28385,1.12748,0.981146,-0.698532,1.31253
-2.09732,-2.28268,1.1285,0.981671,-0.697028,1.31289
-2.09732,-2.28268,1.1285,0.981671,-0.697028,1.31289
-2.09976,-2.28429,1.12697,0.982164,-0.695858,1.3152
-2.0984,-2.2773,1.12062,0.976052,-0.695089,1.32695
-2.0984,-2.2773,1.12062,0.976052,-0.695089,1.32695
-2.11585,-2.29158,1.09968,1.01394,-0.694382,1.28246
-2.12379,-2.30015,1.08787,1.03324,-0.694978,1.25759
-2.13284,-2.30986,1.07531,1.05488,-0.696864,1.23002
-2.13286,-2.31202,1.07344,1.05343,-0.697905,1.22999
-2.15662,-2.33689,1.03724,1.11808,-0.697368,1.14389
-2.15517,-2.33937,1.03509,1.11638,-0.699354,1.14354
-2.15223,-2.34123,1.03238,1.11015,-0.704847,1.13837
-2.1774,-2.36997,0.99082,1.18549,-0.704021,1.04166
-2.17671,-2.3761,0.980652,1.19414,-0.705295,1.02457
-2.17539,-2.37747,0.979439,1.19351,-0.706712,1.02461
-2.18102,-2.38828,0.967379,1.21519,-0.71108,0.99234
-2.18102,-2.38828,0.967379,1.21519,-0.71108,0.99234
-2.17903,-2.39207,0.970813,1.21671,-0.716219,0.992044
-2.17903,-2.39207,0.970813,1.21671,-0.716219,0.992044
-2.17722,-2.39053,0.972056,1.21808,-0.716866,0.991799
-2.16863,-2.38386,1.00195,1.19103,-0.722943,1.03413
-2.16767,-2.38218,1.00335,1.19226,-0.722949,1.03386
-2.15554,-2.36842,1.03891,1.15292,-0.72846,1.09371
-2.15494,-2.36644,1.04054,1.15426,-0.727935,1.09347
-2.1345,-2.34372,1.0852,1.09465,-0.731306,1.1786
-2.11727,-2.32623,1.11046,1.05253,-0.732055,1.23431
-2.09956,-2.30929,1.13446,1.01065,-0.731714,1.28844
-2.07887,-2.29102,1.15783,0.963867,-0.730282,1.34738
-2.05592,-2.27261,1.17926,0.9145,-0.728419,1.40762
-2.03265,-2.25554,1.19714,0.866724,-0.726035,1.46317
-2.00511,-2.2374,1.21492,0.812101,-0.723113,1.52442
-2.00535,-2.23611,1.21605,0.812829,-0.721968,1.52469
-2.00826,-2.23578,1.21719,0.81687,-0.71543,1.53038
-2.00763,-2.23479,1.21923,0.817623,-0.711515,1.53061
-2.00868,-2.23537,1.21982,0.818648,-0.706858,1.53287
-2.00891,-2.23478,1.22042,0.818896,-0.70594,1.53301
-2.01048,-2.23446,1.22088,0.819464,-0.70374,1.53438
-2.01236,-2.23625,1.21946,0.822443,-0.698482,1.53992
-2.01236,-2.23625,1.21946,0.822443,-0.698482,1.53992
-2.01302,-2.238,1.21703,0.820246,-0.695841,1.54084
-2.01048,-2.23767,1.21113,0.818322,-0.69246,1.54043
-2.01048,-2.23767,1.21113,0.818322,-0.69246,1.54043
-2.01138,-2.23955,1.20942,0.817048,-0.693286,1.54051
-2.01303,-2.24141,1.20498,0.814968,-0.696974,1.54055
-2.0147,-2.2426,1.20013,0.816511,-0.700461,1.54389
-2.05639,-2.25505,1.16856,0.891366,-0.706739,1.46726
-2.05699,-2.25778,1.16355,0.893214,-0.710518,1.46167
-2.06692,-2.26566,1.15439,0.913419,-0.712644,1.43609
-2.08727,-2.28204,1.13564,0.957846,-0.712362,1.38298
-2.09813,-2.29325,1.1233,0.98348,-0.714388,1.34994
-2.10942,-2.30512,1.11068,1.01069,-0.716073,1.31516
-2.10898,-2.3066,1.10938,1.01013,-0.717045,1.31532
-2.1235,-2.32297,1.09231,1.04875,-0.716372,1.26844
-2.1235,-2.32297,1.09231,1.04875,-0.716372,1.26844
-2.1235,-2.32297,1.09231,1.04875,-0.716372,1.26844
-2.1235,-2.32297,1.09231,1.04875,-0.716372,1.26844
-2.1235,-2.32297,1.09231,1.04875,-0.716372,1.26844
-2.12137,-2.32207,1.09315,1.05013,-0.71689,1.2684
-2.10511,-2.31782,1.12047,1.01801,-0.715381,1.31104
-2.09423,-2.30893,1.13384,0.994268,-0.71459,1.34134
-2.09423,-2.30893,1.13384,0.994268,-0.71459,1.34134
-2.06432,-2.2825,1.16735,0.927367,-0.711862,1.42519
-2.04153,-2.2669,1.18316,0.882863,-0.707887,1.47262
-2.04147,-2.26483,1.18499,0.883498,-0.706678,1.47217
-2.04142,-2.26208,1.18932,0.886048,-0.700675,1.47345
-2.03391,-2.26877,1.19591,0.884375,-0.684439,1.47408
-2.00287,-2.24583,1.22189,0.811856,-0.690395,1.55432
-2.00394,-2.24402,1.22283,0.814893,-0.685056,1.55785
-2.00236,-2.24252,1.22331,0.815353,-0.678583,1.55847
-2.00001,-2.24278,1.22095,0.813579,-0.667176,1.56029
-1.9943,-2.23575,1.218,0.802583,-0.660247,1.5708
-1.9943,-2.23575,1.218,0.802583,-0.660247,1.5708
-1.99641,-2.23515,1.21858,0.802523,-0.65872,1.5708
-2.00178,-2.23745,1.21527,0.809476,-0.653651,1.5708
-2.00178,-2.23745,1.21527,0.809476,-0.653651,1.5708
-2.00331,-2.23863,1.21415,0.808805,-0.653596,1.5708
-2.00467,-2.23986,1.21286,0.808462,-0.653646,1.5708
-2.00958,-2.24083,1.20852,0.811009,-0.652432,1.5708
-2.01681,-2.23369,1.19226,0.82022,-0.656588,1.5616
-2.01681,-2.23369,1.19226,0.82022,-0.656588,1.5616
-2.01728,-2.23599,1.19031,0.818965,-0.657815,1.56159
-2.04859,-2.25268,1.16965,0.878554,-0.66099,1.49813
-2.05463,-2.25792,1.16245,0.890882,-0.664409,1.48258
-2.0598,-2.26248,1.1575,0.901046,-0.667384,1.47075
-2.0727,-2.27179,1.14655,0.927959,-0.671164,1.43827
-2.07849,-2.27665,1.14067,0.940058,-0.676135,1.42377
-2.0798,-2.27851,1.13897,0.942633,-0.681089,1.42032
-2.08408,-2.28175,1.1347,0.951744,-0.686726,1.40868
-2.08408,-2.28175,1.1347,0.951744,-0.686726,1.40868
-2.07971,-2.28048,1.13851,0.943827,-0.695977,1.41607
-2.07971,-2.28048,1.13851,0.943827,-0.695977,1.41607
-2.07235,-2.27711,1.14681,0.931035,-0.70618,1.43015
-2.07235,-2.27711,1.14681,0.931035,-0.70618,1.43015
-2.04515,-2.2594,1.17422,0.875668,-0.718416,1.49312
-2.02688,-2.24943,1.18668,0.843071,-0.722489,1.52511
-2.00619,-2.23798,1.20073,0.805644,-0.725376,1.56199
-2.00515,-2.23664,1.20191,0.806255,-0.725046,1.56144
-1.99983,-2.23517,1.20512,0.805235,-0.726122,1.55681
-2.00023,-2.23418,1.2082,0.806096,-0.722465,1.55735
-1.99359,-2.24272,1.22262,0.803692,-0.717296,1.55996
-1.99359,-2.24272,1.22262,0.803692,-0.717296,1.55996
-1.99359,-2.24272,1.22262,0.803692,-0.717296,1.55996
-1.99359,-2.24272,1.22262,0.803692,-0.717296,1.55996
-1.99359,-2.24272,1.22262,0.803692,-0.717296,1.55996
-1.99434,-2.2365,1.22804,0.80647,-0.712625,1.56032
-1.99434,-2.2365,1.22804,0.80647,-0.712625,1.56032
-1.99434,-2.2365,1.22804,0.80647,-0.712625,1.56032
-1.99738,-2.23219,1.23206,0.809932,-0.706701,1.56229
-1.80536,-2.15553,1.27903,0.465946,-0.691993,1.5708
-1.9681,-2.24194,1.19981,0.798052,-0.624931,1.5708
-1.9681,-2.24194,1.19981,0.798052,-0.624931,1.5708
-1.9681,-2.24194,1.19981,0.798052,-0.624931,1.5708
-1.9681,-2.24194,1.19981,0.798052,-0.624931,1.5708
-1.9681,-2.24194,1.19981,0.798052,-0.624931,1.5708
-1.9681,-2.24194,1.19981,0.798052,-0.624931,1.5708
-1.9681,-2.24194,1.19981,0.798052,-0.624931,1.5708
-1.9681,-2.24194,1.19981,0.798052,-0.624931,1.5708
-1.9681,-2.24194,1.19981,0.798052,-0.624931,1.5708
-1.97139,-2.24828,1.19459,0.797099,-0.628356,1.5708
-1.97139,-2.24828,1.19459,0.797099,-0.628356,1.5708
-1.97254,-2.25269,1.1907,0.797695,-0.632135,1.5708
-2.02017,-2.24826,1.21193,0.834557,-0.708959,1.5708
-2.01929,-2.24967,1.21069,0.834227,-0.710017,1.57078
-2.01475,-2.25127,1.21103,0.830618,-0.710004,1.5708
-2.01249,-2.25115,1.21149,0.828914,-0.715947,1.56873
-2.01386,-2.24951,1.21497,0.827988,-0.724923,1.5708
-2.00888,-2.25197,1.21576,0.825067,-0.725465,1.5708
-2.00951,-2.25091,1.21854,0.82558,-0.731551,1.5708
-2.00951,-2.25091,1.21854,0.82558,-0.731551,1.5708
-2.00951,-2.25091,1.21854,0.82558,-0.731551,1.5708
-2.00951,-2.25091,1.21854,0.82558,-0.731551,1.5708
-2.00951,-2.25091,1.21854,0.82558,-0.731551,1.5708
-2.00951,-2.25091,1.21854,0.82558,-0.731551,1.5708
-2.00951,-2.25091,1.21854,0.82558,-0.731551,1.5708
-2.00599,-2.24665,1.22222,0.828535,-0.730467,1.56994
-2.00599,-2.24665,1.22222,0.828535,-0.730467,1.56994
-2.00461,-2.24329,1.22549,0.830316,-0.728666,1.56941
-2.00461,-2.24329,1.22549,0.830316,-0.728666,1.56941
-2.00461,-2.24329,1.22549,0.830316,-0.728666,1.56941
-2.00461,-2.24329,1.22549,0.830316,-0.728666,1.56941
-2.00614,-2.2388,1.23001,0.832228,-0.72419,1.56961
-2.00614,-2.2388,1.23001,0.832228,-0.72419,1.56961
-2.00872,-2.23561,1.23367,0.834083,-0.719137,1.56981