2.61169,-0.986653,-0.0882556,1.81333,1.03607,1.32621,2.80407
2.61239,-0.984547,-0.0891873,1.81386,1.03682,1.3249,2.79739
2.61309,-0.982294,-0.0900909,1.81473,1.03731,1.32367,2.79121
2.6138,-0.97993,-0.0909668,1.81588,1.03755,1.3225,2.78549
2.61449,-0.977618,-0.0919082,1.81681,1.03804,1.32119,2.77911
2.61521,-0.975537,-0.0928041,1.81731,1.03875,1.31997,2.77262
2.61592,-0.973288,-0.0937083,1.81816,1.03924,1.31873,2.76641
2.61663,-0.971038,-0.094613,1.819,1.03972,1.31749,2.7602
2.6173,-0.968597,-0.0955535,1.8202,1.03995,1.31625,2.75424
2.61806,-0.966377,-0.0963912,1.82104,1.04038,1.31508,2.74826
2.61874,-0.964298,-0.0973285,1.8215,1.04116,1.31378,2.74152
2.61942,-0.961828,-0.0982651,1.8227,1.04136,1.3125,2.73556
2.62015,-0.959809,-0.0991348,1.82313,1.04211,1.3113,2.72903
2.62086,-0.957566,-0.100037,1.82394,1.04259,1.31006,2.72278
2.62156,-0.955187,-0.100934,1.82501,1.04283,1.3089,2.71698
2.62227,-0.953088,-0.10185,1.82553,1.04355,1.30758,2.71025
2.62297,-0.950848,-0.102755,1.82632,1.04403,1.30633,2.70398
2.62368,-0.948483,-0.103633,1.82741,1.04423,1.30515,2.6982
2.62438,-0.946375,-0.104567,1.82788,1.04498,1.30385,2.69142
2.62509,-0.944138,-0.105473,1.82866,1.04546,1.3026,2.68513
2.62577,-0.941771,-0.106512,1.82979,1.04517,1.30154,2.67968
2.62649,-0.939673,-0.107286,1.83018,1.04642,1.30011,2.67253
2.6272,-0.937438,-0.108188,1.83094,1.04689,1.29887,2.66622
2.6279,-0.93521,-0.109095,1.83168,1.04737,1.29762,2.6599
2.6286,-0.93298,-0.109997,1.83243,1.04785,1.29638,2.65358
2.62931,-0.930613,-0.110872,1.83347,1.04802,1.29518,2.64776
2.63,-0.928526,-0.11181,1.83389,1.0488,1.29388,2.64092
2.63071,-0.926299,-0.112712,1.83462,1.04928,1.29264,2.63458
2.63142,-0.923932,-0.113585,1.83564,1.04945,1.29143,2.62874
2.63212,-0.921687,-0.114492,1.83647,1.04993,1.29012,2.62227
2.63283,-0.919462,-0.115394,1.83717,1.05042,1.28886,2.61589
2.63351,-0.91741,-0.116336,1.83745,1.05119,1.28764,2.60915
2.63421,-0.915192,-0.117242,1.83814,1.05167,1.28639,2.60278
2.63493,-0.912823,-0.118114,1.83915,1.05182,1.28517,2.59691
2.63564,-0.910516,-0.119023,1.83993,1.05224,1.2839,2.59055
2.63632,-0.908543,-0.11996,1.84019,1.0531,1.28263,2.58362
2.63703,-0.906171,-0.120832,1.84118,1.05325,1.28142,2.57774
2.63772,-0.904116,-0.121771,1.84152,1.05406,1.28013,2.57082
2.63843,-0.901742,-0.122644,1.84251,1.0542,1.27891,2.56493
2.63912,-0.899697,-0.123581,1.84283,1.05502,1.27763,2.55799
2.63982,-0.897487,-0.124486,1.84347,1.0555,1.27637,2.55156
2.64051,-0.895281,-0.125391,1.84411,1.05598,1.27512,2.54513
2.64122,-0.892902,-0.126265,1.84508,1.0561,1.2739,2.53922
2.64191,-0.890871,-0.1272,1.84537,1.05694,1.27262,2.53225
2.64259,-0.888522,-0.128122,1.84634,1.0571,1.27143,2.52629
2.64331,-0.886466,-0.129008,1.84661,1.0579,1.27011,2.51935
2.644,-0.884267,-0.129912,1.84722,1.05839,1.26886,2.51289
2.64472,-0.881903,-0.130782,1.84819,1.05857,1.26755,2.50673
2.64536,-0.879668,-0.131751,1.84883,1.05892,1.26629,2.50032
2.64606,-0.877534,-0.132633,1.8494,1.05944,1.26517,2.49406
2.64679,-0.875483,-0.133522,1.84959,1.06032,1.26385,2.48697
2.64748,-0.873289,-0.134425,1.85017,1.0608,1.2626,2.48048
2.64818,-0.871099,-0.135327,1.85074,1.06129,1.26134,2.47398
2.64887,-0.868908,-0.136224,1.85132,1.06177,1.26009,2.46748
2.64949,-0.866623,-0.137112,1.85225,1.06191,1.25894,2.46175
2.65026,-0.864535,-0.138029,1.85243,1.06275,1.25759,2.45444
2.6509,-0.862181,-0.138952,1.85334,1.06283,1.25634,2.44846
2.65165,-0.860163,-0.139824,1.85352,1.06372,1.25509,2.4414
2.65234,-0.857769,-0.140709,1.85443,1.06379,1.25383,2.43539
2.65303,-0.855805,-0.141628,1.85458,1.0647,1.25258,2.42829
2.65373,-0.85341,-0.142508,1.85548,1.06477,1.25132,2.42229
2.65442,-0.851448,-0.143428,1.85562,1.06569,1.25008,2.41518
2.65511,-0.849274,-0.144327,1.85614,1.06618,1.24882,2.40862
2.65575,-0.846909,-0.145253,1.85703,1.06627,1.24759,2.40258
2.65649,-0.844925,-0.146119,1.85715,1.06716,1.24632,2.39548
2.65718,-0.842529,-0.147002,1.85802,1.06721,1.24506,2.38945
2.65787,-0.840584,-0.147911,1.85813,1.06815,1.24382,2.3823
2.65856,-0.83842,-0.148809,1.8586,1.06865,1.24257,2.3757
2.65925,-0.836255,-0.149705,1.85908,1.06915,1.24132,2.3691
2.65994,-0.83409,-0.150601,1.85955,1.06965,1.24007,2.36249
2.66063,-0.831929,-0.151497,1.86001,1.07015,1.23883,2.35587
2.66127,-0.829543,-0.152403,1.86089,1.07025,1.23748,2.34963
2.66198,-0.827408,-0.153293,1.86135,1.07073,1.23632,2.34312
2.66269,-0.825452,-0.154181,1.86136,1.07165,1.23508,2.33599
2.66338,-0.823298,-0.155074,1.8618,1.07215,1.23383,2.32935
2.66406,-0.821143,-0.155967,1.86223,1.07266,1.23259,2.3227
2.66475,-0.818992,-0.156859,1.86266,1.07316,1.23134,2.31604
2.66543,-0.816594,-0.15774,1.86349,1.07318,1.23006,2.30996
2.6661,-0.814502,-0.158644,1.86397,1.07372,1.22883,2.30325
2.6668,-0.812547,-0.159534,1.8639,1.07469,1.2276,2.29604
2.66749,-0.810404,-0.160424,1.8643,1.0752,1.22636,2.28936
2.66817,-0.808259,-0.161314,1.86469,1.07571,1.22511,2.28268
2.66888,-0.805908,-0.162164,1.8654,1.07605,1.22379,2.27616
2.66954,-0.803981,-0.163091,1.86547,1.07674,1.22263,2.26929
2.67022,-0.80184,-0.163971,1.86585,1.07725,1.22139,2.2626
2.6709,-0.799707,-0.164861,1.86621,1.07777,1.22015,2.25587
2.67158,-0.797572,-0.165742,1.86658,1.07828,1.21891,2.24916
2.67226,-0.795441,-0.166629,1.86694,1.0788,1.21767,2.24242
2.67287,-0.793289,-0.167564,1.86738,1.07889,1.21628,2.23594
2.67362,-0.791187,-0.168405,1.86763,1.07985,1.21518,2.22896
2.6743,-0.789059,-0.169288,1.86797,1.08037,1.21395,2.22221
2.67494,-0.786825,-0.170147,1.86871,1.08039,1.21276,2.21628
2.67567,-0.784464,-0.171032,1.86919,1.0808,1.21137,2.20932
2.67634,-0.782367,-0.171933,1.86947,1.0813,1.21015,2.20256
2.67702,-0.780576,-0.172816,1.86927,1.08248,1.209,2.19518
2.67769,-0.77846,-0.173696,1.86958,1.08301,1.20777,2.1884
2.67834,-0.7762,-0.174571,1.8702,1.08307,1.20648,2.18212
2.67904,-0.774234,-0.175453,1.87018,1.08408,1.2053,2.17483
2.67972,-0.772122,-0.176325,1.87047,1.08461,1.20407,2.16804
2.68039,-0.770015,-0.177202,1.87075,1.08515,1.20284,2.16123
2.68106,-0.76791,-0.178078,1.87103,1.08569,1.20161,2.15443
2.6817,-0.765685,-0.17893,1.87172,1.08568,1.20041,2.14843
2.68241,-0.763703,-0.179826,1.87157,1.08677,1.19915,2.14079
2.68308,-0.761605,-0.180699,1.87183,1.08731,1.19793,2.13397
2.68372,-0.759382,-0.18155,1.87251,1.08729,1.19673,2.12795
2.68442,-0.757411,-0.182442,1.87233,1.08841,1.19548,2.12029
2.68509,-0.755318,-0.183312,1.87257,1.08895,1.19425,2.11345
2.68576,-0.753228,-0.184181,1.8728,1.0895,1.19303,2.1066
2.68643,-0.751137,-0.185049,1.87303,1.09006,1.19181,2.09974
2.6871,-0.749051,-0.185916,1.87326,1.09061,1.19059,2.09287
2.68777,-0.746818,-0.186774,1.87386,1.0905,1.18944,2.08686
2.68839,-0.744688,-0.187631,1.87426,1.09099,1.18815,2.08011
2.6891,-0.742805,-0.188513,1.87388,1.09228,1.18693,2.07224
2.68977,-0.740727,-0.189375,1.87408,1.09285,1.18571,2.06535
2.69039,-0.738497,-0.190253,1.87464,1.09289,1.18446,2.05901
2.6911,-0.736454,-0.191092,1.87486,1.09364,1.18328,2.05194
2.69176,-0.734506,-0.191958,1.87464,1.09454,1.18207,2.04465
2.69242,-0.732433,-0.192809,1.87482,1.09511,1.18086,2.03775
2.69307,-0.730163,-0.193682,1.87537,1.09532,1.17962,2.03116
2.69374,-0.728305,-0.194527,1.87514,1.09625,1.17844,2.02388
2.6944,-0.726242,-0.195382,1.87529,1.09683,1.17723,2.01695
2.69504,-0.724031,-0.196211,1.87589,1.09677,1.17602,2.01083
2.69572,-0.722127,-0.19709,1.87558,1.09798,1.17482,2.00306
2.69638,-0.720069,-0.197941,1.87572,1.09857,1.17362,1.99611
2.69704,-0.717811,-0.1988,1.87623,1.0988,1.17238,1.98947
2.69769,-0.715762,-0.19965,1.87639,1.09926,1.17118,1.98267
2.69835,-0.713918,-0.200489,1.87608,1.10032,1.17001,1.97521
2.69896,-0.711706,-0.201349,1.87658,1.10033,1.16872,1.96881
2.69966,-0.70983,-0.202182,1.8763,1.10151,1.16762,1.96125
2.7003,-0.707626,-0.203004,1.87686,1.10143,1.1664,1.95508
2.70097,-0.705751,-0.203871,1.87649,1.1027,1.16523,1.94726
2.70157,-0.703546,-0.204774,1.87695,1.10304,1.16405,1.94055
2.70225,-0.701454,-0.205553,1.87712,1.10356,1.16276,1.93359
2.70293,-0.69965,-0.206392,1.87673,1.1045,1.16166,1.92623
2.70358,-0.697622,-0.20723,1.87679,1.10511,1.16047,1.91921
2.70421,-0.695426,-0.208044,1.87733,1.10502,1.15924,1.91301
2.70488,-0.693573,-0.208902,1.87691,1.10632,1.1581,1.90515
2.70552,-0.691551,-0.209735,1.87696,1.10694,1.15691,1.89811
2.70617,-0.689532,-0.210567,1.877,1.10755,1.15573,1.89106
2.70674,-0.687308,-0.211425,1.87754,1.10746,1.15451,1.88485
2.70746,-0.685505,-0.212229,1.87707,1.10879,1.15337,1.87695
2.70809,-0.683316,-0.213057,1.87753,1.10892,1.15214,1.87037
2.70875,-0.681484,-0.213882,1.87711,1.11003,1.15102,1.86282
2.70939,-0.679479,-0.214707,1.87712,1.11066,1.14985,1.85574
2.71006,-0.677284,-0.215486,1.87745,1.11108,1.14859,1.84887
2.71067,-0.675476,-0.216353,1.87712,1.11192,1.1475,1.84157
2.7112,-0.673255,-0.217225,1.8776,1.11176,1.14618,1.83523
2.71201,-0.671348,-0.217958,1.87738,1.11293,1.14507,1.82746
2.71259,-0.669487,-0.218804,1.87708,1.11383,1.144,1.82027
2.71322,-0.667498,-0.219614,1.87706,1.11447,1.14285,1.81317
2.71386,-0.665512,-0.220432,1.87702,1.11512,1.14168,1.80602
2.71449,-0.663529,-0.221244,1.87698,1.11576,1.14052,1.7989
2.71513,-0.661548,-0.222055,1.87694,1.11641,1.13936,1.79176
2.71576,-0.659568,-0.222864,1.87689,1.11707,1.13821,1.78462
2.71639,-0.657593,-0.223672,1.87683,1.11772,1.13705,1.77748
2.71703,-0.65562,-0.224477,1.87676,1.11838,1.1359,1.77033
2.71766,-0.653648,-0.225282,1.87669,1.11904,1.13475,1.76317
2.71829,-0.651682,-0.226084,1.87662,1.1197,1.1336,1.75601
2.71888,-0.649547,-0.226893,1.87699,1.11974,1.13236,1.74944
2.71953,-0.647749,-0.227675,1.87645,1.12103,1.13131,1.7417
2.72016,-0.645792,-0.22847,1.87636,1.1217,1.13018,1.73451
2.72079,-0.643687,-0.229273,1.87656,1.12234,1.12905,1.72741
2.72141,-0.641884,-0.230063,1.87614,1.12305,1.1279,1.7201
2.72203,-0.639934,-0.230855,1.87603,1.12373,1.12676,1.7129
2.72273,-0.637939,-0.231604,1.87613,1.12426,1.12566,1.70586
2.72317,-0.635759,-0.232479,1.87635,1.1242,1.12435,1.6994
2.7239,-0.634101,-0.233221,1.87565,1.12579,1.12336,1.69127
2.72452,-0.63216,-0.234005,1.87552,1.12648,1.12223,1.68404
2.72514,-0.630225,-0.234788,1.87537,1.12717,1.12111,1.67682
2.72578,-0.628123,-0.235557,1.87558,1.12738,1.11994,1.67002
2.72637,-0.626362,-0.236349,1.87506,1.12857,1.11886,1.66234
2.72708,-0.624315,-0.237085,1.87513,1.12923,1.11782,1.6552
2.7276,-0.622511,-0.2379,1.87473,1.12997,1.11662,1.64784
2.72821,-0.620589,-0.238673,1.87455,1.13068,1.11551,1.64058
2.72882,-0.618668,-0.23944,1.87438,1.13139,1.1144,1.63332
2.72943,-0.616757,-0.24021,1.87419,1.13211,1.11329,1.62605
2.73004,-0.614843,-0.240977,1.87399,1.13282,1.11218,1.61877
2.73064,-0.612935,-0.241742,1.87379,1.13354,1.11107,1.61149
2.73124,-0.611027,-0.242498,1.87359,1.13426,1.10997,1.60423
2.73185,-0.609126,-0.243263,1.87337,1.13499,1.10887,1.5969
2.73245,-0.607224,-0.244016,1.87316,1.13572,1.10777,1.58961
2.73302,-0.605248,-0.244776,1.87327,1.13574,1.10655,1.58293
2.73366,-0.603437,-0.245531,1.87269,1.13718,1.10557,1.57499
2.73426,-0.601339,-0.246291,1.87288,1.1374,1.10441,1.56812
2.73486,-0.599656,-0.247029,1.87222,1.13866,1.10339,1.56035
2.73545,-0.597771,-0.247771,1.87197,1.1394,1.10231,1.55305
2.73605,-0.595894,-0.248521,1.87171,1.14015,1.10122,1.54568
2.73664,-0.594017,-0.249266,1.87145,1.1409,1.10014,1.53834
2.73725,-0.592044,-0.249994,1.87149,1.14109,1.09902,1.53157
2.73783,-0.590271,-0.250748,1.8709,1.14241,1.09798,1.52364
2.73842,-0.588404,-0.251486,1.87062,1.14317,1.0969,1.51628
2.73901,-0.586539,-0.252222,1.87033,1.14394,1.09583,1.50892
2.7396,-0.584678,-0.252955,1.87004,1.1447,1.09476,1.50155
2.74019,-0.582821,-0.253687,1.86974,1.14547,1.09369,1.49418
2.74077,-0.580783,-0.254422,1.86987,1.14563,1.09255,1.48736
2.74136,-0.57911,-0.255138,1.86913,1.14702,1.09156,1.47941
2.74194,-0.577266,-0.255863,1.86881,1.1478,1.0905,1.47202
2.74252,-0.575417,-0.256577,1.86849,1.14857,1.08945,1.46465
2.7431,-0.573576,-0.257296,1.86816,1.14936,1.08839,1.45722
2.74368,-0.571742,-0.258014,1.86782,1.15015,1.08734,1.4498
2.74426,-0.569906,-0.258729,1.86747,1.15094,1.08629,1.44239
2.74483,-0.568075,-0.259442,1.86712,1.15174,1.08524,1.43497
2.74541,-0.566245,-0.260147,1.86677,1.15253,1.08419,1.42755
2.74592,-0.564235,-0.260885,1.86687,1.15247,1.08303,1.42093
2.74666,-0.562484,-0.261531,1.86624,1.15419,1.08224,1.4127
2.74712,-0.560781,-0.26226,1.86567,1.15494,1.08107,1.40523
2.74769,-0.558966,-0.262957,1.86529,1.15575,1.08004,1.39779
2.74818,-0.556988,-0.263692,1.86533,1.15565,1.07886,1.39118
2.74882,-0.555348,-0.264346,1.86452,1.15739,1.07798,1.38288
2.7494,-0.553373,-0.265037,1.86454,1.1576,1.07688,1.37596
2.74995,-0.551748,-0.265732,1.86371,1.15903,1.07593,1.36794
2.75051,-0.549948,-0.266412,1.8633,1.15986,1.07491,1.3605
2.75107,-0.548157,-0.267102,1.86288,1.16069,1.07389,1.35298
2.75163,-0.546365,-0.267779,1.86246,1.16152,1.07287,1.34552
2.75215,-0.544497,-0.268473,1.86241,1.16155,1.07172,1.33872
2.75286,-0.542674,-0.26911,1.86181,1.16325,1.07099,1.33053
2.75331,-0.54081,-0.269836,1.86152,1.16381,1.06983,1.32319
2.75385,-0.539247,-0.270489,1.86071,1.1649,1.06884,1.3155
2.7544,-0.537474,-0.27116,1.86025,1.16575,1.06783,1.30798
2.75495,-0.535707,-0.271828,1.85979,1.1666,1.06683,1.30047
2.75557,-0.533714,-0.272467,1.85971,1.16719,1.06575,1.29304
2.75611,-0.531938,-0.273132,1.85927,1.16788,1.06476,1.28573
2.7566,-0.530425,-0.273816,1.85838,1.16919,1.06385,1.27788
2.75724,-0.528542,-0.274447,1.85811,1.17009,1.06299,1.27037
2.75768,-0.526918,-0.275122,1.85741,1.17093,1.06188,1.26281
2.75822,-0.525176,-0.275775,1.85691,1.17181,1.0609,1.25525
2.75883,-0.523209,-0.276393,1.85676,1.1726,1.05991,1.24777
2.75932,-0.521476,-0.277085,1.85626,1.17333,1.05893,1.24032
2.7599,-0.51972,-0.277678,1.85573,1.17435,1.05793,1.23262
2.76036,-0.518231,-0.278356,1.85486,1.17534,1.057,1.225
2.76092,-0.516283,-0.27901,1.85473,1.17598,1.05604,1.21764
2.76143,-0.51478,-0.27963,1.8538,1.17713,1.05506,1.20984
2.76196,-0.513061,-0.280262,1.85326,1.17803,1.0541,1.20225
2.76248,-0.511344,-0.280893,1.85272,1.17894,1.05314,1.19466
2.763,-0.509629,-0.281512,1.85217,1.17984,1.05219,1.1871
2.76361,-0.507705,-0.282112,1.85198,1.18048,1.05118,1.1796
2.76405,-0.50622,-0.282762,1.85105,1.18167,1.05029,1.17186
2.76456,-0.504299,-0.283397,1.85097,1.18187,1.04923,1.16488
2.76509,-0.502824,-0.283997,1.8499,1.1835,1.0484,1.15663
2.76569,-0.500909,-0.284581,1.84969,1.18417,1.0474,1.14914
2.76616,-0.499217,-0.285186,1.84911,1.18475,1.04633,1.14186
2.76664,-0.497758,-0.285829,1.84814,1.18629,1.04558,1.13375
2.76717,-0.495849,-0.286451,1.84795,1.18694,1.04465,1.12637
2.76766,-0.4944,-0.287035,1.84693,1.18816,1.04372,1.11848
2.76817,-0.492728,-0.287634,1.84632,1.1891,1.0428,1.11083
2.76871,-0.490839,-0.288227,1.84619,1.18947,1.04181,1.1037
2.76918,-0.489394,-0.288823,1.84508,1.191,1.04095,1.09552
2.76976,-0.487547,-0.289392,1.84474,1.19181,1.04007,1.08795
2.77018,-0.486075,-0.29,1.84381,1.19291,1.03912,1.0802
2.77067,-0.484314,-0.29059,1.84361,1.19303,1.03808,1.07326
2.77117,-0.482769,-0.29116,1.84253,1.19483,1.0373,1.06487
2.77177,-0.480948,-0.291711,1.84214,1.19578,1.03649,1.05721
2.77216,-0.479484,-0.292311,1.84121,1.19677,1.0355,1.04949
2.77264,-0.477847,-0.292878,1.84055,1.19774,1.03461,1.04181
2.77318,-0.475993,-0.293436,1.84031,1.19806,1.0336,1.03458
2.77362,-0.474589,-0.294015,1.83919,1.1997,1.03282,1.0264
2.77417,-0.472753,-0.294561,1.83898,1.20013,1.03189,1.0192
2.77458,-0.471342,-0.295144,1.83783,1.20166,1.03105,1.01102
2.77507,-0.469728,-0.295695,1.83712,1.20266,1.03017,1.00328
2.77555,-0.468117,-0.296249,1.83642,1.20366,1.02929,0.995563
2.77609,-0.466269,-0.296783,1.83613,1.20415,1.02835,0.988244
2.7765,-0.464904,-0.297348,1.835,1.20566,1.02754,0.980113
2.77697,-0.463301,-0.297886,1.83428,1.20666,1.02667,0.972418
2.7775,-0.46148,-0.298419,1.834,1.20702,1.02569,0.965128
2.77794,-0.459975,-0.298955,1.8332,1.20789,1.02477,0.957525
2.77838,-0.458531,-0.299506,1.83208,1.20971,1.02408,0.949162
2.77888,-0.456785,-0.300035,1.83169,1.20998,1.0231,0.942004
2.77938,-0.455138,-0.300545,1.83097,1.21115,1.02225,0.934052
2.77969,-0.453706,-0.301162,1.83001,1.21202,1.02109,0.926417
2.78027,-0.45223,-0.301667,1.82906,1.21382,1.02066,0.918144
2.78076,-0.450501,-0.302184,1.82866,1.2141,1.01969,0.910976
2.78126,-0.448873,-0.30268,1.82791,1.21529,1.01886,0.903014
2.78163,-0.447546,-0.303218,1.82674,1.21694,1.01814,0.89483
2.78221,-0.445834,-0.303696,1.8262,1.21801,1.01747,0.887077
2.78253,-0.444445,-0.304235,1.82516,1.21903,1.01648,0.879268
2.78298,-0.4429,-0.304739,1.82436,1.22008,1.01565,0.871477
2.78342,-0.441357,-0.305235,1.82357,1.22114,1.01483,0.863692
2.78386,-0.439825,-0.305734,1.82275,1.2222,1.01401,0.855888
2.7843,-0.438293,-0.306229,1.82193,1.22326,1.01319,0.848084
2.78474,-0.436767,-0.30672,1.82111,1.22433,1.01238,0.84028
2.78526,-0.434999,-0.307188,1.82071,1.2249,1.01152,0.832882
2.78561,-0.433721,-0.307689,1.81946,1.22647,1.01076,0.824659
2.78613,-0.431977,-0.308129,1.81895,1.22733,1.00989,0.816915
2.78647,-0.430704,-0.30865,1.81777,1.22863,1.00916,0.809015
2.787,-0.428996,-0.309099,1.81723,1.22954,1.00842,0.801331
2.78736,-0.427447,-0.309609,1.81649,1.23048,1.00757,0.793656
2.78775,-0.426201,-0.310066,1.81519,1.2319,1.00678,0.78552
2.78826,-0.424499,-0.310489,1.81462,1.23278,1.00591,0.777748
2.7887,-0.423016,-0.310959,1.81375,1.23407,1.00529,0.769836
2.78909,-0.421498,-0.311427,1.81296,1.23472,1.00437,0.762369
2.78941,-0.420263,-0.311908,1.81168,1.2363,1.00365,0.754141
2.78983,-0.41879,-0.312361,1.81078,1.23741,1.00288,0.746287
2.79024,-0.417321,-0.31281,1.80988,1.23853,1.0021,0.738426
2.79064,-0.415853,-0.313252,1.80899,1.23964,1.00134,0.730571
2.79104,-0.414397,-0.313695,1.80807,1.24076,1.00058,0.722698
2.79145,-0.412941,-0.314135,1.80715,1.24189,0.999815,0.714825
2.79195,-0.411348,-0.314547,1.80647,1.24301,0.999225,0.707011
2.79224,-0.410045,-0.315003,1.8053,1.24415,0.998306,0.699074
2.79272,-0.40836,-0.315419,1.80483,1.24461,0.997463,0.691704
2.79311,-0.406938,-0.315841,1.80384,1.2457,0.996669,0.683848
2.79342,-0.405735,-0.316283,1.80248,1.24756,0.996065,0.675416
2.79386,-0.404159,-0.316697,1.80192,1.24789,0.995182,0.668188
2.7942,-0.402724,-0.317128,1.80085,1.24919,0.994404,0.660142
2.79458,-0.40146,-0.317527,1.79961,1.251,0.993853,0.651764
2.79496,-0.400051,-0.31794,1.79864,1.25216,0.993126,0.643817
2.79538,-0.398508,-0.318347,1.7981,1.25245,0.992253,0.636672
2.79574,-0.397054,-0.318756,1.79696,1.2539,0.99153,0.628427
2.79609,-0.395576,-0.319132,1.79619,1.25482,0.990754,0.62072
2.79644,-0.39444,-0.319518,1.7947,1.25681,0.990249,0.612159
2.79693,-0.392876,-0.319878,1.79397,1.25782,0.989623,0.604366
2.79718,-0.391664,-0.320301,1.79269,1.25916,0.988826,0.596308
2.79755,-0.390283,-0.320688,1.79168,1.26034,0.98812,0.588379
2.79791,-0.388908,-0.321071,1.79067,1.26153,0.987417,0.580446
2.79834,-0.387282,-0.32145,1.79007,1.26217,0.986661,0.572963
2.79863,-0.386169,-0.321828,1.78861,1.2639,0.986021,0.564567
2.79906,-0.384549,-0.322184,1.78803,1.26445,0.985225,0.557179
2.79933,-0.383445,-0.322567,1.78655,1.26629,0.984638,0.548682
2.79968,-0.382098,-0.322935,1.78549,1.2675,0.983954,0.540724
2.80015,-0.380601,-0.323272,1.7847,1.26869,0.983466,0.532833
2.80048,-0.379167,-0.323612,1.7837,1.26966,0.982496,0.524846
2.80077,-0.377827,-0.324019,1.78288,1.27029,0.981773,0.517558
2.80106,-0.376737,-0.324369,1.78125,1.27233,0.981245,0.508887
2.80152,-0.375212,-0.324693,1.78049,1.2734,0.980715,0.501079
2.80173,-0.374085,-0.325066,1.7791,1.27477,0.97991,0.492947
2.80209,-0.372579,-0.32543,1.7784,1.27534,0.979099,0.48544
2.8024,-0.371453,-0.32575,1.77692,1.27723,0.978589,0.476994
2.80273,-0.370144,-0.326087,1.77582,1.27846,0.977934,0.469014
2.80314,-0.368617,-0.326403,1.77495,1.27951,0.977292,0.461052
2.80337,-0.367541,-0.32675,1.7736,1.28093,0.976633,0.453041
2.80369,-0.366243,-0.327071,1.77249,1.28217,0.97599,0.445092
2.80405,-0.36488,-0.327387,1.77149,1.28312,0.975229,0.437118
2.80433,-0.363673,-0.327718,1.77024,1.28467,0.974708,0.429059
2.80472,-0.362195,-0.32802,1.76935,1.28541,0.973955,0.421302
2.80495,-0.36112,-0.328349,1.76797,1.28717,0.973441,0.413058
2.8053,-0.359776,-0.32865,1.76694,1.28813,0.972697,0.40511
2.80566,-0.358352,-0.32895,1.76611,1.28896,0.97209,0.397645
2.80587,-0.357326,-0.32927,1.76452,1.29096,0.971567,0.38903
2.80617,-0.356071,-0.32957,1.76335,1.29223,0.970948,0.381013
2.80646,-0.354822,-0.329868,1.76219,1.2935,0.970333,0.372996
2.80689,-0.353398,-0.330134,1.7613,1.29463,0.969885,0.365114
2.80705,-0.352338,-0.330452,1.75983,1.29605,0.969113,0.356949
2.80734,-0.351099,-0.330735,1.75865,1.29733,0.96851,0.348928
2.80771,-0.349649,-0.331011,1.75786,1.29808,0.967859,0.341321
2.80791,-0.348644,-0.331297,1.75627,1.29991,0.96731,0.332864
2.80819,-0.34743,-0.331575,1.75506,1.3012,0.966716,0.324824
2.80854,-0.346042,-0.331852,1.75415,1.30227,0.966178,0.316944
2.80874,-0.345005,-0.332129,1.75266,1.30377,0.96554,0.308777
2.80902,-0.343802,-0.332388,1.75142,1.30509,0.964952,0.300699
2.80939,-0.342376,-0.332637,1.75042,1.30621,0.96441,0.292656
2.80963,-0.341208,-0.332902,1.74927,1.30738,0.963694,0.284695
2.80983,-0.340219,-0.333172,1.74772,1.30902,0.963219,0.276549
2.81009,-0.339036,-0.333427,1.74648,1.31033,0.962648,0.268495
2.81035,-0.337856,-0.333678,1.74523,1.31165,0.96208,0.260434
2.81061,-0.336678,-0.333922,1.74398,1.31297,0.961517,0.252391
2.81087,-0.335514,-0.334169,1.74272,1.31429,0.960955,0.244312
2.81119,-0.334073,-0.334392,1.74188,1.31492,0.960169,0.236814
2.81146,-0.333088,-0.334703,1.7404,1.3163,0.959929,0.228442
2.81161,-0.33204,-0.334883,1.7389,1.31829,0.95929,0.220106
2.81141,-0.330873,-0.334812,1.7377,1.31889,0.958523,0.212466
2.81179,-0.329711,-0.334949,1.73633,1.32089,0.95831,0.203919
2.81213,-0.328321,-0.335148,1.7353,1.32195,0.957727,0.195909
2.81237,-0.3273,-0.335408,1.73399,1.32341,0.957449,0.187888
2.81264,-0.326138,-0.33562,1.73278,1.32412,0.956738,0.18027
2.81281,-0.325145,-0.335818,1.73133,1.32624,0.95636,0.171743
2.81296,-0.32407,-0.33604,1.72981,1.32764,0.955637,0.163498
2.81325,-0.322872,-0.336227,1.72869,1.32898,0.955224,0.155526
2.81353,-0.321626,-0.336443,1.72757,1.32959,0.954498,0.147941
2.8137,-0.320671,-0.336635,1.72602,1.33171,0.954176,0.139333
2.81385,-0.319659,-0.33686,1.72448,1.3331,0.953556,0.131118
2.81406,-0.318569,-0.337057,1.72313,1.33447,0.953045,0.123018
2.81427,-0.317482,-0.33725,1.72178,1.33584,0.952537,0.114912
2.81457,-0.316367,-0.337423,1.72064,1.33718,0.952244,0.106993
2.81477,-0.3152,-0.33763,1.71927,1.33794,0.95141,0.0991732
2.8149,-0.314259,-0.337813,1.71769,1.33999,0.951029,0.0905883
2.81523,-0.31313,-0.337978,1.71658,1.34128,0.950834,0.0826711
2.81539,-0.311952,-0.338229,1.71528,1.34212,0.950142,0.0746373
2.81549,-0.311081,-0.338346,1.71355,1.34416,0.949553,0.0662425
2.81569,-0.310031,-0.338518,1.71216,1.34555,0.949071,0.0581229
2.81588,-0.308988,-0.338687,1.71076,1.34695,0.948589,0.0500018
2.81607,-0.307949,-0.338852,1.70935,1.34836,0.948109,0.0418754
2.81625,-0.306916,-0.339015,1.70795,1.34976,0.947634,0.03375
2.81653,-0.305697,-0.339214,1.70696,1.35044,0.947205,0.0262046
2.81661,-0.304868,-0.339331,1.70511,1.35258,0.94669,0.0174904
2.81679,-0.30385,-0.339484,1.70369,1.354,0.946227,0.00935758
2.81709,-0.302721,-0.339673,1.70262,1.35454,0.945826,0.00188477
2.8172,-0.301808,-0.33981,1.70095,1.35672,0.94556,-0.00678636
2.81742,-0.300648,-0.339964,1.69977,1.3577,0.944978,-0.0147196
2.81747,-0.299838,-0.340068,1.69792,1.35969,0.944393,-0.0231936
2.81776,-0.298631,-0.340229,1.69698,1.36032,0.944002,-0.0306103
2.81797,-0.297806,-0.340335,1.69527,1.36236,0.943906,-0.0392978
2.81795,-0.296885,-0.340475,1.69354,1.36398,0.943053,-0.0476299
2.81824,-0.295696,-0.340625,1.69259,1.36463,0.942677,-0.055047
2.81826,-0.294941,-0.340731,1.69059,1.36687,0.942177,-0.0639332
2.81841,-0.293977,-0.340855,1.68911,1.36831,0.941746,-0.0720866
2.81847,-0.293011,-0.34087,1.68762,1.36974,0.94134,-0.0802502
2.81855,-0.291962,-0.340791,1.68632,1.37112,0.941124,-0.0882955
2.81837,-0.291072,-0.34062,1.68463,1.37256,0.940612,-0.096596
2.81847,-0.290126,-0.340677,1.68312,1.374,0.940203,-0.104763
2.8186,-0.289159,-0.340603,1.68183,1.37529,0.940103,-0.112733
2.81831,-0.288217,-0.340366,1.68009,1.37683,0.939503,-0.121121
2.81856,-0.287104,-0.340483,1.67896,1.37783,0.939262,-0.128936
2.8184,-0.286355,-0.340354,1.67704,1.37972,0.938735,-0.137469
2.81846,-0.285436,-0.340371,1.6755,1.38118,0.938349,-0.145643
2.81864,-0.284531,-0.340534,1.67396,1.38267,0.93793,-0.153812
2.81848,-0.283342,-0.3402,1.67279,1.38327,0.937471,-0.16149
2.81865,-0.28268,-0.340183,1.67094,1.38546,0.93772,-0.170177
2.8186,-0.2818,-0.34033,1.66931,1.38702,0.936857,-0.178367
2.81871,-0.280912,-0.340401,1.66775,1.3885,0.93647,-0.186546
2.8185,-0.27994,-0.339897,1.66651,1.38952,0.936453,-0.194386
2.81871,-0.279131,-0.340222,1.66466,1.39129,0.935947,-0.202837
2.81839,-0.278158,-0.339759,1.66324,1.392,0.935457,-0.210507
2.81858,-0.277317,-0.339811,1.66157,1.39379,0.935452,-0.218953
2.81836,-0.27648,-0.339715,1.65984,1.39578,0.93482,-0.227524
2.81844,-0.275626,-0.33976,1.65825,1.39728,0.934452,-0.235713
2.81843,-0.27477,-0.339708,1.65664,1.39876,0.934109,-0.243911
2.81843,-0.273919,-0.339658,1.65503,1.40025,0.93377,-0.252108
2.81843,-0.273074,-0.339608,1.65342,1.40174,0.933433,-0.260306
2.81843,-0.272234,-0.339558,1.6518,1.40324,0.933098,-0.268509
2.81843,-0.271401,-0.33951,1.65017,1.40474,0.932766,-0.27671
2.81842,-0.270574,-0.339463,1.64854,1.40624,0.932435,-0.284912
2.81856,-0.269478,-0.339413,1.6472,1.40726,0.931953,-0.292908
2.81859,-0.268955,-0.339361,1.64524,1.40935,0.932113,-0.301244
2.81853,-0.268129,-0.339451,1.64362,1.41078,0.931431,-0.309513
2.81851,-0.267132,-0.339244,1.64219,1.41161,0.931043,-0.317345
2.81841,-0.266519,-0.33922,1.6403,1.41379,0.930823,-0.325953
2.81852,-0.265653,-0.339235,1.63885,1.41516,0.930733,-0.33392
2.81827,-0.264928,-0.338976,1.63696,1.41681,0.930227,-0.342386
2.81833,-0.264154,-0.339006,1.63528,1.41835,0.929895,-0.350595
2.81871,-0.26334,-0.339452,1.63381,1.41978,0.929438,-0.358568
2.81843,-0.262618,-0.339052,1.6319,1.42144,0.92925,-0.367024
2.81844,-0.261872,-0.339245,1.63032,1.42237,0.928595,-0.374693
2.81836,-0.261093,-0.338906,1.62851,1.42451,0.928654,-0.383461
2.81841,-0.260346,-0.338922,1.6268,1.42607,0.928339,-0.391682
2.8184,-0.2596,-0.338886,1.62509,1.42761,0.92804,-0.399904
2.81859,-0.258811,-0.338908,1.6236,1.42828,0.927782,-0.407446
2.81836,-0.258123,-0.338771,1.62164,1.43071,0.927458,-0.416354
2.81839,-0.257398,-0.338778,1.61992,1.43228,0.927156,-0.424578
2.8186,-0.25662,-0.338725,1.61828,1.43382,0.927246,-0.432588
2.8183,-0.255785,-0.338389,1.61677,1.43523,0.926931,-0.440868
2.81817,-0.255229,-0.338419,1.61469,1.43693,0.926353,-0.449274
2.81835,-0.254292,-0.338444,1.61349,1.43759,0.926124,-0.456515
2.81821,-0.253829,-0.338409,1.61118,1.44008,0.925776,-0.465737
2.81834,-0.252875,-0.338379,1.6097,1.44131,0.925483,-0.473864
2.81823,-0.252453,-0.338391,1.60764,1.44325,0.925212,-0.482201
2.81871,-0.251737,-0.33894,1.60601,1.44485,0.924819,-0.490174
2.81837,-0.251068,-0.338241,1.60414,1.44635,0.925169,-0.498494
2.81818,-0.250424,-0.338261,1.6023,1.448,0.924406,-0.506915
2.81818,-0.249759,-0.338241,1.6005,1.4496,0.924139,-0.515157
2.81817,-0.249098,-0.338214,1.59871,1.45119,0.923875,-0.523358
2.81816,-0.248451,-0.33819,1.5969,1.45279,0.923612,-0.531639
2.81816,-0.247804,-0.338162,1.59509,1.4544,0.923353,-0.539885
2.81825,-0.247067,-0.338118,1.59345,1.4557,0.923136,-0.548143
2.81871,-0.246633,-0.338793,1.59148,1.45753,0.922877,-0.556007
2.81807,-0.245902,-0.338026,1.58961,1.45922,0.922599,-0.564625
2.81813,-0.245186,-0.338018,1.588,1.46054,0.922511,-0.572681
2.8181,-0.24441,-0.337965,1.58624,1.46206,0.922043,-0.581
2.818,-0.244046,-0.337907,1.58409,1.46407,0.921867,-0.589376
2.81798,-0.243433,-0.337858,1.58225,1.46568,0.921634,-0.59763
2.81812,-0.242749,-0.337801,1.58062,1.46652,0.921364,-0.605379
2.81799,-0.242228,-0.337807,1.57869,1.46804,0.920994,-0.613404
2.81787,-0.241654,-0.337713,1.57665,1.47057,0.920936,-0.622397
2.81783,-0.241072,-0.337661,1.57477,1.4722,0.920709,-0.630653
2.81778,-0.240493,-0.337605,1.57289,1.47383,0.920486,-0.638915
2.81774,-0.239921,-0.337546,1.571,1.47547,0.920267,-0.647175
2.81769,-0.239355,-0.337486,1.56911,1.47711,0.92005,-0.655436
2.81781,-0.238694,-0.337413,1.56746,1.4779,0.919755,-0.66315
2.81758,-0.238237,-0.337357,1.5653,1.4804,0.91963,-0.671966
2.81752,-0.23769,-0.33729,1.56339,1.48204,0.91942,-0.68023
2.81764,-0.237065,-0.33721,1.56173,1.48285,0.919154,-0.687941
2.8174,-0.236606,-0.337148,1.55955,1.48535,0.919017,-0.696768
2.81733,-0.236076,-0.337074,1.55762,1.487,0.918816,-0.705036
2.81741,-0.23544,-0.336959,1.55598,1.48855,0.918904,-0.713098
2.81719,-0.235028,-0.336919,1.55374,1.49032,0.91843,-0.72158
2.81705,-0.234462,-0.336915,1.55188,1.49145,0.917915,-0.7296
2.81704,-0.234003,-0.336753,1.54984,1.49365,0.918057,-0.73813
2.81695,-0.233501,-0.336669,1.54788,1.49531,0.917872,-0.746404
2.81705,-0.232967,-0.336576,1.54613,1.4962,0.917713,-0.754133
2.81695,-0.23232,-0.336512,1.54438,1.49779,0.917514,-0.762104
2.81688,-0.231876,-0.336421,1.54252,1.49959,0.917521,-0.770508
2.8166,-0.231543,-0.336304,1.53999,1.50201,0.917173,-0.779519
2.8165,-0.231069,-0.336208,1.53799,1.50369,0.917004,-0.787802
2.81658,-0.230652,-0.336072,1.53594,1.50534,0.917362,-0.796023
2.8163,-0.230138,-0.336008,1.534,1.50706,0.916679,-0.804367
2.81634,-0.229677,-0.335888,1.53203,1.50837,0.916649,-0.812564
2.81609,-0.229227,-0.335798,1.52998,1.51043,0.916367,-0.820941
2.81617,-0.228755,-0.335701,1.52832,1.51153,0.91649,-0.828682
2.81587,-0.228341,-0.335581,1.52593,1.51382,0.916066,-0.837519
2.81578,-0.227929,-0.335505,1.52393,1.51538,0.916105,-0.845771
2.81563,-0.22748,-0.335355,1.52186,1.51722,0.915776,-0.854098
2.81551,-0.227057,-0.335238,1.51981,1.51892,0.915636,-0.862393
2.81538,-0.22664,-0.33512,1.51776,1.52063,0.915499,-0.870685
2.81525,-0.226224,-0.334996,1.51571,1.52233,0.915368,-0.878964
2.81531,-0.225847,-0.334891,1.51386,1.52327,0.915399,-0.886489
2.81498,-0.225428,-0.334751,1.51157,1.52576,0.915104,-0.895571
2.81484,-0.22503,-0.334622,1.5095,1.52747,0.914984,-0.903871
2.8147,-0.224642,-0.334493,1.50741,1.52919,0.914863,-0.912172
2.81456,-0.22426,-0.334361,1.50533,1.53091,0.914745,-0.920472
2.81464,-0.223874,-0.334213,1.50338,1.53219,0.915074,-0.928324
2.81439,-0.223368,-0.334047,1.50134,1.53414,0.914561,-0.937136
2.81411,-0.223153,-0.333956,1.49902,1.53608,0.914405,-0.945379
2.81395,-0.222791,-0.333815,1.49691,1.53781,0.914303,-0.953685
2.81379,-0.222442,-0.333674,1.49479,1.53955,0.914195,-0.961992
2.81363,-0.222095,-0.33353,1.49267,1.54128,0.914096,-0.970299
2.81362,-0.221716,-0.333339,1.4908,1.5429,0.914271,-0.97835
2.81355,-0.221404,-0.333262,1.48878,1.54383,0.914155,-0.986008
2.81321,-0.2209,-0.333065,1.48648,1.54644,0.913955,-0.995218
2.8131,-0.220735,-0.33295,1.48415,1.54776,0.913932,-1.00341
2.81277,-0.220447,-0.332777,1.48194,1.54999,0.913647,-1.01186
2.81259,-0.220135,-0.33262,1.47978,1.55174,0.913566,-1.02017
2.81241,-0.219823,-0.332458,1.47762,1.55349,0.913493,-1.02846
2.81222,-0.219528,-0.332298,1.47543,1.55524,0.913415,-1.0368
2.81213,-0.219249,-0.332175,1.47347,1.55635,0.913305,-1.04431
2.81184,-0.218939,-0.331965,1.47107,1.55875,0.913276,-1.05342
2.81179,-0.218495,-0.331832,1.46924,1.56005,0.913501,-1.06119
2.81144,-0.218388,-0.33163,1.46666,1.56228,0.913148,-1.07008
2.81148,-0.218064,-0.331483,1.46467,1.56316,0.91328,-1.07762
2.81114,-0.217825,-0.331276,1.4625,1.56565,0.913279,-1.08656
2.81082,-0.217593,-0.331109,1.46002,1.56759,0.912984,-1.09505
2.81061,-0.21734,-0.330931,1.45779,1.56936,0.912936,-1.10338
2.81039,-0.217093,-0.330751,1.45556,1.57114,0.91289,-1.11171
2.81034,-0.216839,-0.330591,1.45342,1.57251,0.913207,-1.11966
2.81001,-0.216666,-0.330441,1.4511,1.57443,0.913064,-1.12817
2.80988,-0.216371,-0.330219,1.44894,1.57612,0.913123,-1.13642
2.8095,-0.216166,-0.33001,1.44655,1.57827,0.912738,-1.14503
2.80927,-0.215947,-0.329819,1.44428,1.58005,0.91271,-1.15336
2.80919,-0.215711,-0.329651,1.44214,1.58148,0.913063,-1.16134
2.80879,-0.215531,-0.329432,1.43973,1.58364,0.912659,-1.17003
2.80871,-0.215324,-0.329252,1.43747,1.5851,0.913041,-1.17808
2.80831,-0.215138,-0.329036,1.43515,1.58723,0.912623,-1.18671
2.80806,-0.21495,-0.328835,1.43285,1.58903,0.912611,-1.19505
2.80781,-0.214769,-0.328632,1.43054,1.59083,0.9126,-1.20339
2.80762,-0.214651,-0.328508,1.42826,1.59212,0.912725,-1.21124
2.8073,-0.214424,-0.328219,1.4259,1.59444,0.91259,-1.22007
2.80719,-0.214069,-0.327971,1.4238,1.59572,0.912398,-1.22796
2.80677,-0.214101,-0.327796,1.42124,1.59806,0.912596,-1.23676
2.80671,-0.213788,-0.327605,1.41931,1.59915,0.912719,-1.24438
2.8064,-0.213941,-0.327402,1.41648,1.60125,0.913038,-1.25295
2.80596,-0.213664,-0.327147,1.41419,1.60351,0.912627,-1.26181
2.80568,-0.213531,-0.326927,1.41183,1.60533,0.912643,-1.27016
2.8054,-0.213399,-0.326701,1.40947,1.60715,0.912664,-1.2785
2.80511,-0.213277,-0.326474,1.40709,1.60897,0.912688,-1.28685
2.80496,-0.213204,-0.326282,1.40469,1.6105,0.913128,-1.29494
2.80453,-0.213051,-0.326016,1.40232,1.61263,0.912745,-1.30357
2.80423,-0.212953,-0.325785,1.39992,1.61447,0.912779,-1.31193
2.80408,-0.212821,-0.325626,1.39773,1.6155,0.912841,-1.3195
2.80363,-0.212759,-0.325312,1.39511,1.61814,0.912855,-1.32864
2.80332,-0.212679,-0.325076,1.39268,1.61998,0.912901,-1.337
2.80313,-0.212586,-0.324788,1.39043,1.62173,0.913074,-1.3452
2.8027,-0.212527,-0.324594,1.38783,1.62366,0.912999,-1.35373
2.80253,-0.212308,-0.324469,1.38587,1.62437,0.912837,-1.36096
2.80207,-0.212399,-0.324104,1.38294,1.62736,0.913113,-1.37046
2.80174,-0.212344,-0.323855,1.38049,1.62921,0.913172,-1.37882
2.80156,-0.212232,-0.323543,1.37823,1.63061,0.913053,-1.3867
2.80107,-0.212252,-0.323336,1.37556,1.63291,0.913309,-1.39556
2.80074,-0.212215,-0.32308,1.37308,1.63477,0.913381,-1.40393
2.80059,-0.21204,-0.322808,1.37075,1.63633,0.913742,-1.41205
2.80016,-0.212132,-0.322526,1.36829,1.63843,0.913655,-1.42054
2.79972,-0.212137,-0.322296,1.36562,1.64036,0.913622,-1.42905
2.79951,-0.212107,-0.321998,1.36312,1.6422,0.914076,-1.43735
2.79901,-0.212125,-0.321766,1.3606,1.6441,0.913796,-1.4458
2.79878,-0.211975,-0.321411,1.3583,1.64573,0.913585,-1.45396
2.79842,-0.212101,-0.321249,1.35578,1.64755,0.914238,-1.46226
2.79793,-0.212144,-0.32095,1.35301,1.64972,0.914089,-1.47094
2.79757,-0.212163,-0.320673,1.35047,1.6516,0.914194,-1.47933
2.7972,-0.212189,-0.320395,1.34792,1.65348,0.914302,-1.48771
2.79682,-0.212215,-0.32011,1.34537,1.65536,0.914416,-1.49609
2.79663,-0.212248,-0.319898,1.34299,1.65643,0.914601,-1.50372
2.79606,-0.212301,-0.319541,1.34023,1.65913,0.914651,-1.51287
2.79567,-0.212352,-0.319253,1.33765,1.66102,0.914772,-1.52126
2.79539,-0.212475,-0.319049,1.33511,1.6624,0.915146,-1.5292
2.79505,-0.212441,-0.318629,1.33269,1.66466,0.915286,-1.53783
2.79449,-0.212539,-0.318374,1.32986,1.6667,0.915164,-1.54644
2.79409,-0.212614,-0.318075,1.32725,1.6686,0.915303,-1.55483
2.79383,-0.212602,-0.31774,1.3249,1.67037,0.915654,-1.56303
2.79328,-0.212783,-0.317472,1.32201,1.67241,0.915592,-1.57163
2.79286,-0.212877,-0.317166,1.31937,1.67431,0.915742,-1.58003
2.79265,-0.212903,-0.316944,1.3171,1.67533,0.915937,-1.58759
2.79203,-0.213083,-0.316547,1.31408,1.67813,0.916056,-1.59683
2.7916,-0.213197,-0.316234,1.31142,1.68004,0.916216,-1.60524
2.79117,-0.213316,-0.315919,1.30876,1.68196,0.916382,-1.61364
2.79074,-0.213442,-0.315601,1.30608,1.68387,0.916552,-1.62205
2.79053,-0.213578,-0.315337,1.30355,1.68504,0.916885,-1.62975
2.78986,-0.213712,-0.314957,1.30071,1.68771,0.916905,-1.63887
2.78942,-0.213857,-0.314632,1.29801,1.68963,0.917085,-1.64728
2.78919,-0.213959,-0.314264,1.29542,1.69138,0.917691,-1.65551
2.78862,-0.214149,-0.313958,1.29275,1.69337,0.917624,-1.66393
2.78828,-0.211557,-0.31444,1.296,1.69113,0.914501,-1.66095
2.78808,-0.20942,-0.315128,1.29905,1.688,0.911958,-1.65689
2.78806,-0.206707,-0.315816,1.30292,1.68435,0.909333,-1.65273
2.78776,-0.204144,-0.316288,1.30624,1.68207,0.906373,-1.64972
2.78773,-0.201761,-0.317043,1.30973,1.67819,0.903945,-1.64511
2.78755,-0.199295,-0.317656,1.31313,1.67508,0.901261,-1.64129
2.78723,-0.197109,-0.318237,1.31627,1.67235,0.898407,-1.63784
2.78717,-0.194433,-0.318747,1.31974,1.66936,0.895909,-1.63425
2.78699,-0.191933,-0.319487,1.32322,1.66568,0.893245,-1.62976
2.7868,-0.189487,-0.320096,1.32656,1.66251,0.890587,-1.6259
2.7865,-0.187354,-0.320732,1.32957,1.65941,0.887836,-1.62191
2.78639,-0.184615,-0.321311,1.3332,1.65614,0.885289,-1.61816
2.78607,-0.182419,-0.321977,1.33633,1.65329,0.882728,-1.61418
2.78598,-0.179764,-0.322554,1.33979,1.6497,0.880009,-1.61038
2.78561,-0.177521,-0.323114,1.34272,1.64706,0.877267,-1.60702
2.78552,-0.174932,-0.323762,1.34633,1.64321,0.874761,-1.60257
2.7852,-0.172618,-0.32435,1.34954,1.64027,0.872067,-1.59872
2.78504,-0.170118,-0.324967,1.35283,1.63665,0.869537,-1.59471
2.78479,-0.167719,-0.325568,1.35605,1.63334,0.866936,-1.59077
2.78445,-0.165431,-0.326158,1.35922,1.63037,0.864248,-1.5869
2.7842,-0.163194,-0.326806,1.36218,1.62669,0.861654,-1.58276
2.78389,-0.160657,-0.327348,1.36557,1.6237,0.858882,-1.57945
2.78374,-0.15833,-0.327938,1.36866,1.62008,0.856626,-1.57493
2.78334,-0.15603,-0.328572,1.37171,1.61688,0.853824,-1.57107
2.78304,-0.153596,-0.329062,1.37487,1.61411,0.851221,-1.56779
2.78286,-0.151163,-0.329742,1.37818,1.60988,0.848881,-1.56298
2.78243,-0.148796,-0.33033,1.38124,1.60673,0.84582,-1.55902
2.78228,-0.146345,-0.33094,1.38458,1.60289,0.843792,-1.55484
2.78197,-0.143995,-0.331534,1.38769,1.59943,0.841251,-1.55079
2.78151,-0.141877,-0.332151,1.39058,1.59622,0.838383,-1.54716
2.78134,-0.139306,-0.332716,1.39387,1.59246,0.83619,-1.54266
2.78101,-0.136971,-0.333309,1.39695,1.58894,0.833666,-1.53858
2.78052,-0.134872,-0.333908,1.39955,1.586,0.830913,-1.53492
2.78034,-0.132309,-0.334488,1.40307,1.58187,0.82864,-1.53039
2.77999,-0.12999,-0.335077,1.40611,1.57831,0.826135,-1.52627
2.77964,-0.127672,-0.335666,1.40914,1.57473,0.823637,-1.52214
2.77913,-0.125526,-0.336216,1.41193,1.57196,0.82072,-1.51873
2.77878,-0.123309,-0.336851,1.41485,1.56804,0.818438,-1.51382
2.77837,-0.120851,-0.337413,1.41789,1.56488,0.815915,-1.51055
2.77817,-0.118445,-0.338011,1.42116,1.56025,0.813707,-1.50551
2.77765,-0.116242,-0.338609,1.42406,1.55719,0.810989,-1.50172
2.77722,-0.113961,-0.339236,1.42696,1.55344,0.808482,-1.49769
2.77701,-0.111576,-0.339766,1.43006,1.54921,0.806323,-1.4929
2.7766,-0.109297,-0.340351,1.433,1.54549,0.803872,-1.48867
2.7762,-0.107021,-0.340936,1.43593,1.54176,0.801428,-1.48443
2.77578,-0.104749,-0.34152,1.43885,1.53801,0.79899,-1.48018
2.77533,-0.10245,-0.342088,1.44172,1.53451,0.796394,-1.47608
2.77478,-0.100359,-0.342713,1.44454,1.53105,0.793676,-1.47195
2.77451,-0.0979617,-0.343267,1.44756,1.52666,0.791716,-1.46733
2.77407,-0.0957108,-0.343851,1.45044,1.52284,0.7893,-1.46302
2.77362,-0.0934642,-0.344434,1.4533,1.519,0.786894,-1.45869
2.77301,-0.0912794,-0.345073,1.45611,1.5156,0.783977,-1.45472
2.77272,-0.088979,-0.345598,1.45901,1.51128,0.782098,-1.45
2.77211,-0.0867971,-0.346239,1.46158,1.50789,0.779364,-1.44613
2.77179,-0.0845171,-0.346763,1.46467,1.50347,0.777326,-1.44125
2.77118,-0.0823335,-0.347399,1.46723,1.50006,0.774613,-1.43747
2.77067,-0.0802695,-0.347972,1.46995,1.49658,0.772227,-1.43328
2.77035,-0.0778529,-0.34851,1.47309,1.49163,0.770213,-1.42801
2.76985,-0.075646,-0.349095,1.47588,1.48765,0.767853,-1.42356
2.76936,-0.0734391,-0.349679,1.47865,1.48365,0.7655,-1.4191
2.76886,-0.0712369,-0.350263,1.48141,1.47967,0.763164,-1.41467
2.76831,-0.0692184,-0.350823,1.48373,1.47638,0.760647,-1.41083
2.7677,-0.0668895,-0.351492,1.48665,1.47225,0.758174,-1.40631
2.76723,-0.0649159,-0.352022,1.48911,1.46846,0.755914,-1.40209
2.76668,-0.0627736,-0.352627,1.49181,1.4643,0.753555,-1.39748
2.76625,-0.0602978,-0.353196,1.49509,1.45924,0.751511,-1.392
2.76571,-0.0581244,-0.353784,1.49779,1.4551,0.749203,-1.38743
2.76516,-0.0559547,-0.354374,1.50048,1.45094,0.746899,-1.38284
2.76462,-0.0537896,-0.354965,1.50317,1.44677,0.744602,-1.37823
2.76406,-0.0516291,-0.355557,1.50584,1.44257,0.74231,-1.3736
2.76338,-0.0494208,-0.356221,1.50847,1.43876,0.739434,-1.36918
2.76293,-0.0474237,-0.356727,1.51106,1.43427,0.737525,-1.36445
2.76236,-0.0451798,-0.35734,1.5138,1.42987,0.735474,-1.35962
2.76179,-0.0430362,-0.357936,1.51644,1.42559,0.73321,-1.35492
2.76116,-0.0410482,-0.358557,1.51886,1.42196,0.730889,-1.35052
2.76062,-0.0387709,-0.359137,1.52167,1.41698,0.728696,-1.34547
2.76003,-0.0366413,-0.359738,1.52428,1.41264,0.726451,-1.34072
2.75944,-0.0345185,-0.360343,1.52688,1.40828,0.724211,-1.33595
2.75884,-0.0324023,-0.360949,1.52946,1.4039,0.721979,-1.33115
2.75823,-0.0302889,-0.361558,1.53204,1.3995,0.719752,-1.32634
2.75756,-0.0283702,-0.362201,1.53424,1.39627,0.717112,-1.32266
2.75701,-0.0260775,-0.362784,1.53716,1.39066,0.715313,-1.3167
2.75637,-0.0242649,-0.36342,1.53943,1.38619,0.713041,-1.31175
2.75577,-0.0218861,-0.364019,1.54224,1.38168,0.71091,-1.30691
2.7551,-0.019933,-0.364667,1.54457,1.37799,0.708618,-1.30246
2.75452,-0.0177122,-0.365266,1.54728,1.37266,0.706524,-1.29708
2.75388,-0.0156371,-0.365896,1.54979,1.36808,0.704348,-1.29211
2.75326,-0.0135887,-0.366513,1.55223,1.36377,0.70218,-1.28749
2.7526,-0.0114914,-0.36716,1.55477,1.35891,0.700009,-1.28215
2.75196,-0.00942661,-0.367798,1.55725,1.35429,0.69785,-1.27713
2.75118,-0.00737528,-0.36856,1.55964,1.35007,0.695026,-1.27234
2.75063,-0.00551249,-0.369111,1.56176,1.346,0.693245,-1.26818
2.74996,-0.00350149,-0.369773,1.56421,1.34144,0.691103,-1.26312
2.74924,-0.00136667,-0.37049,1.56675,1.33615,0.688747,-1.25739
2.74868,0.000699075,-0.371049,1.56921,1.33153,0.686932,-1.25249
2.74802,0.00286059,-0.371704,1.57192,1.32608,0.68505,-1.24659
2.74732,0.00486373,-0.372409,1.57405,1.32222,0.682548,-1.24235
2.74669,0.00692148,-0.37304,1.57674,1.31648,0.680847,-1.23623
2.74602,0.0089387,-0.373717,1.57913,1.31165,0.678752,-1.23102
2.74526,0.0108398,-0.374501,1.58117,1.30716,0.67618,-1.22638
2.74468,0.0129704,-0.375082,1.58389,1.30193,0.674588,-1.22054
2.744,0.0149755,-0.375776,1.58625,1.29701,0.672524,-1.21524
2.74322,0.0168438,-0.376597,1.58833,1.29278,0.669814,-1.21054
2.74265,0.0189743,-0.377176,1.59095,1.28712,0.668416,-1.2046
2.74198,0.0209661,-0.377886,1.59329,1.28214,0.666369,-1.19924
2.7413,0.0229537,-0.378602,1.59562,1.27713,0.664334,-1.19386
2.74057,0.0246552,-0.379385,1.59749,1.27311,0.662117,-1.18942
2.73994,0.0269126,-0.380054,1.60024,1.26704,0.66029,-1.18302
2.73927,0.0288871,-0.380787,1.60255,1.262,0.658283,-1.17761
2.73848,0.0307619,-0.381667,1.60458,1.25744,0.655712,-1.17258
2.73782,0.032596,-0.382394,1.60686,1.25177,0.654069,-1.16654
2.73719,0.0346362,-0.383109,1.60913,1.24716,0.651921,-1.16157
2.73656,0.0367278,-0.383807,1.61165,1.24136,0.650339,-1.15549
2.73588,0.0386754,-0.384584,1.61391,1.23614,0.648371,-1.14991
2.73512,0.0404719,-0.385484,1.61583,1.23155,0.645959,-1.14485
2.73454,0.0425567,-0.386158,1.61838,1.22563,0.644476,-1.13867
2.73387,0.0444901,-0.38696,1.62061,1.22034,0.64254,-1.133
2.73321,0.0464192,-0.38777,1.62283,1.21501,0.640615,-1.12732
2.73248,0.0482169,-0.388686,1.62476,1.21032,0.638169,-1.12219
2.73185,0.0503074,-0.389476,1.62701,1.20495,0.636301,-1.11674
2.73115,0.0519794,-0.390363,1.6292,1.19889,0.634775,-1.11014
2.73058,0.0540857,-0.391107,1.6316,1.19344,0.633022,-1.1043
2.72994,0.055989,-0.391967,1.63377,1.18797,0.631151,-1.09848
2.7293,0.0578893,-0.392838,1.63594,1.18248,0.62929,-1.09263
2.72856,0.0596246,-0.39384,1.6379,1.17695,0.627128,-1.0869
2.72802,0.061678,-0.394607,1.64024,1.17143,0.625598,-1.08087
2.7274,0.0635596,-0.395515,1.64237,1.16584,0.623775,-1.07492
2.72677,0.0654439,-0.396426,1.6445,1.16024,0.621955,-1.06897
2.72616,0.0673201,-0.39735,1.64662,1.15462,0.620153,-1.063
2.72553,0.069097,-0.398317,1.64844,1.14929,0.61821,-1.05735
2.72495,0.0710558,-0.399238,1.65081,1.14333,0.616591,-1.05103
2.72435,0.0729199,-0.400208,1.65291,1.13753,0.614814,-1.04487
2.72367,0.0747013,-0.401301,1.65498,1.13191,0.612903,-1.03887
2.72318,0.0766304,-0.402181,1.65706,1.12601,0.611321,-1.03266
2.72262,0.0784758,-0.403194,1.65912,1.12017,0.609598,-1.02647
2.72193,0.0800517,-0.40435,1.66112,1.11457,0.608107,-1.02046
2.72151,0.0821593,-0.405262,1.66322,1.10846,0.606181,-1.01408
2.72098,0.0839951,-0.406318,1.66526,1.10256,0.604494,-1.00785
2.72039,0.0859396,-0.407418,1.66719,1.0975,0.602573,-1.00256
2.71984,0.0876208,-0.408544,1.66926,1.09141,0.60111,-0.996061
2.71944,0.0894729,-0.409587,1.67131,1.08468,0.599519,-0.988971
2.71894,0.0912935,-0.4107,1.67332,1.07867,0.597884,-0.982628
2.71843,0.0931415,-0.411866,1.67544,1.07278,0.596266,-0.976422
2.71798,0.0948814,-0.412989,1.67727,1.06662,0.59481,-0.970017
2.71754,0.0967198,-0.414162,1.67926,1.06044,0.593088,-0.963435
2.71711,0.098517,-0.415359,1.68122,1.05428,0.591524,-0.956953
2.71668,0.100316,-0.416559,1.68318,1.04813,0.589968,-0.950481
2.71632,0.102205,-0.41771,1.68526,1.04195,0.588583,-0.944032
2.71589,0.103845,-0.418989,1.68711,1.03599,0.587033,-0.937745
2.71551,0.10568,-0.420318,1.68899,1.02943,0.585416,-0.930858
2.71522,0.107604,-0.42149,1.6911,1.02319,0.584135,-0.924377
2.71478,0.10928,-0.422931,1.69296,1.01706,0.582473,-0.917898
2.71457,0.111192,-0.424052,1.69477,1.01109,0.581117,-0.911743
2.7142,0.112783,-0.425613,1.69661,1.00411,0.579582,-0.904347
2.71393,0.114667,-0.426828,1.69877,0.998245,0.578318,-0.898501
2.71372,0.116478,-0.428099,1.70022,0.992567,0.576817,-0.89231
2.71341,0.118077,-0.429794,1.70224,0.984849,0.575386,-0.884234
2.71318,0.119829,-0.431245,1.70409,0.978327,0.574037,-0.877433
2.71299,0.121581,-0.432713,1.70594,0.971812,0.5727,-0.870646
2.71279,0.123384,-0.434056,1.70792,0.965733,0.571647,-0.864546
2.7126,0.125383,-0.435557,1.70977,0.959521,0.570268,-0.857997
2.71253,0.127065,-0.436998,1.71156,0.953058,0.568874,-0.851389
2.71243,0.128567,-0.438836,1.71325,0.945474,0.567544,-0.843275
2.71234,0.130305,-0.440427,1.71505,0.938822,0.566307,-0.836376
2.71229,0.132042,-0.442044,1.71685,0.932144,0.56509,-0.829459
2.71225,0.133815,-0.443431,1.71876,0.926179,0.564494,-0.823278
2.71225,0.13551,-0.445359,1.72042,0.918711,0.562721,-0.815565
2.71233,0.137289,-0.446886,1.72221,0.912266,0.561707,-0.808932
2.7123,0.138969,-0.448751,1.72395,0.905236,0.560428,-0.801658
2.71237,0.140848,-0.450159,1.72584,0.899345,0.559899,-0.795646
2.71254,0.142588,-0.452123,1.72769,0.891641,0.558601,-0.787725
2.71262,0.144135,-0.454101,1.72917,0.884705,0.557178,-0.780517
2.71275,0.145983,-0.455591,1.731,0.878913,0.556486,-0.774592
2.71298,0.147575,-0.4578,1.73261,0.870939,0.55512,-0.766386
2.71322,0.149407,-0.459446,1.73445,0.864552,0.554436,-0.759864
2.71349,0.151169,-0.46139,1.73623,0.85743,0.553528,-0.752598
2.71381,0.152803,-0.463277,1.73789,0.850495,0.552747,-0.745488
2.7141,0.154593,-0.465322,1.73963,0.843408,0.551784,-0.738268
2.71443,0.156154,-0.467557,1.74106,0.836166,0.550393,-0.730842
2.71477,0.157868,-0.469548,1.74272,0.829283,0.549507,-0.723846
2.71518,0.1596,-0.471481,1.74443,0.822535,0.548956,-0.716967
2.71566,0.16129,-0.473749,1.74602,0.815077,0.547847,-0.709393
2.71614,0.163003,-0.475879,1.74766,0.808014,0.547049,-0.702231
2.71666,0.164715,-0.478039,1.74929,0.800937,0.546277,-0.695065
2.71711,0.16645,-0.47997,1.75094,0.794662,0.545912,-0.688688
2.71781,0.168142,-0.482455,1.75252,0.786739,0.544808,-0.68072
2.71835,0.16965,-0.484731,1.75388,0.779974,0.544033,-0.67381
2.7191,0.17157,-0.486992,1.75571,0.772489,0.543444,-0.666367
2.71959,0.173363,-0.489086,1.7573,0.766524,0.542576,-0.660302
2.72053,0.175004,-0.491556,1.75881,0.758381,0.542206,-0.652253
2.72121,0.176681,-0.493872,1.7604,0.751603,0.541769,-0.645377
2.72212,0.178443,-0.496443,1.762,0.743862,0.541027,-0.637673
2.72297,0.180165,-0.498881,1.76355,0.736683,0.540489,-0.630507
2.72385,0.18189,-0.50135,1.76509,0.729497,0.539977,-0.623347
2.72477,0.183616,-0.50385,1.76662,0.722305,0.539491,-0.616194
2.72573,0.185343,-0.506379,1.76814,0.715109,0.539033,-0.609049
2.72669,0.187117,-0.508885,1.76967,0.708101,0.538448,-0.602145
2.72776,0.188808,-0.511532,1.77116,0.700702,0.538194,-0.594787
2.72881,0.190479,-0.514126,1.77258,0.693635,0.537814,-0.587775
2.72995,0.192285,-0.516802,1.77415,0.686289,0.537466,-0.580574
2.73098,0.193974,-0.519315,1.77562,0.679607,0.537419,-0.5739
2.73229,0.195776,-0.522195,1.7771,0.671871,0.536841,-0.566414
2.73351,0.197528,-0.524933,1.77856,0.664664,0.536569,-0.559358
2.73478,0.199281,-0.5277,1.78001,0.657462,0.536324,-0.552321
2.73608,0.201041,-0.530497,1.78146,0.65026,0.536105,-0.545301
2.73742,0.202805,-0.533321,1.78289,0.643063,0.535912,-0.5383
2.73855,0.204602,-0.535818,1.78438,0.637026,0.535816,-0.532182
2.74021,0.206347,-0.539056,1.78574,0.628689,0.535608,-0.524368
2.7414,0.208188,-0.541385,1.78727,0.622678,0.535919,-0.518568
2.74316,0.209911,-0.544901,1.78855,0.614339,0.535406,-0.510526
2.74449,0.211647,-0.547604,1.78993,0.607843,0.53561,-0.504243
2.74579,0.213606,-0.550067,1.79148,0.601734,0.535671,-0.498475
2.74777,0.21529,-0.553778,1.79269,0.593032,0.535259,-0.490104
2.74902,0.217068,-0.556395,1.79395,0.587114,0.535071,-0.484521
2.75112,0.218798,-0.559839,1.79527,0.578798,0.535334,-0.476535
2.75273,0.220892,-0.562725,1.79682,0.572026,0.535346,-0.47016
2.7542,0.222592,-0.565616,1.79817,0.565786,0.535653,-0.464037
2.75637,0.2244,-0.569267,1.79943,0.557367,0.535615,-0.456255
2.75819,0.226246,-0.572414,1.80076,0.550312,0.535758,-0.44962
2.76003,0.228096,-0.575587,1.80207,0.543273,0.535922,-0.443017
2.76163,0.230115,-0.578542,1.80363,0.536711,0.53627,-0.437113
2.76383,0.23182,-0.582002,1.80467,0.529241,0.536316,-0.429914
2.76573,0.23369,-0.58519,1.80596,0.522301,0.536526,-0.423461
2.76754,0.235651,-0.5881,1.80735,0.515859,0.537014,-0.417524
2.7697,0.237624,-0.591477,1.80864,0.50859,0.537036,-0.41086
2.77152,0.239439,-0.594837,1.80997,0.501723,0.537673,-0.404729
2.77386,0.24128,-0.598341,1.81102,0.49451,0.537709,-0.397832
2.77597,0.243197,-0.601668,1.81226,0.487629,0.538054,-0.391539
2.77767,0.245191,-0.604391,1.81368,0.482012,0.538699,-0.386304
2.78028,0.247069,-0.608364,1.81472,0.473943,0.538812,-0.379095
2.78249,0.248893,-0.611731,1.81584,0.467197,0.539201,-0.372926
2.78469,0.250978,-0.615117,1.81714,0.460352,0.539652,-0.366823
2.78644,0.252822,-0.61799,1.81835,0.454811,0.540326,-0.361763
2.78859,0.254948,-0.62119,1.81965,0.448427,0.540655,-0.356053
2.79126,0.256915,-0.624944,1.82099,0.440685,0.541587,-0.349401
2.79387,0.258925,-0.628789,1.82188,0.433484,0.54157,-0.342841
2.79617,0.261092,-0.632021,1.82317,0.426983,0.542158,-0.337185
2.79861,0.262971,-0.635677,1.82421,0.420218,0.542646,-0.331144
2.80096,0.265143,-0.638953,1.82546,0.413747,0.543262,-0.325553
2.80344,0.267059,-0.642603,1.82649,0.407065,0.543791,-0.319641
2.80589,0.269123,-0.646078,1.82762,0.400532,0.54439,-0.313965
2.80837,0.271198,-0.649559,1.82875,0.394028,0.545005,-0.30834
2.81086,0.273286,-0.653046,1.82986,0.387555,0.545636,-0.302767
2.81288,0.275423,-0.655847,1.83117,0.382404,0.546533,-0.29811
2.81582,0.277673,-0.659688,1.83226,0.374853,0.54703,-0.292154
2.81848,0.279628,-0.663535,1.83314,0.368325,0.547626,-0.286368
2.8181,0.281123,-0.665051,1.83422,0.361082,0.547931,-0.279036
2.81859,0.282754,-0.667044,1.83528,0.355,0.548675,-0.273243
2.8186,0.284332,-0.668841,1.83634,0.347796,0.549031,-0.266083
2.81871,0.285933,-0.670716,1.8374,0.340519,0.549381,-0.258877
2.81871,0.28755,-0.672638,1.83844,0.332891,0.54963,-0.251293
2.81871,0.289083,-0.674362,1.83947,0.325748,0.550054,-0.244152
2.81871,0.290652,-0.676193,1.8405,0.318779,0.550555,-0.237261
2.81846,0.292131,-0.677787,1.84152,0.311522,0.55097,-0.229916
2.81871,0.293737,-0.679744,1.84253,0.304546,0.551498,-0.223074
2.81871,0.295302,-0.681622,1.84352,0.297728,0.55209,-0.216364
2.81854,0.296714,-0.683098,1.84451,0.291586,0.552897,-0.210209
2.81805,0.298188,-0.684732,1.84549,0.283209,0.55303,-0.201585
2.81871,0.299877,-0.686971,1.84647,0.276417,0.553674,-0.195083
2.81827,0.301348,-0.688167,1.8476,0.270276,0.55441,-0.188757
2.81871,0.302922,-0.690602,1.84839,0.262424,0.55487,-0.181149
2.81871,0.304439,-0.692425,1.84933,0.255442,0.555494,-0.174194
2.81859,0.305875,-0.694049,1.85027,0.249439,0.556412,-0.168247
2.81867,0.307569,-0.69583,1.85128,0.242479,0.557012,-0.161294
2.81871,0.308935,-0.697827,1.85212,0.235218,0.55765,-0.154089
2.81843,0.310394,-0.699567,1.85303,0.227559,0.558141,-0.146285
2.81857,0.311923,-0.701494,1.85393,0.220691,0.558865,-0.139488
2.81871,0.313481,-0.703484,1.85483,0.213942,0.559634,-0.132865
2.81866,0.314926,-0.705232,1.85572,0.206949,0.560352,-0.12581
2.81871,0.316423,-0.707108,1.85659,0.200099,0.561121,-0.118991
2.81849,0.31772,-0.708702,1.85749,0.194269,0.562155,-0.11298
2.81835,0.319278,-0.710592,1.85832,0.186277,0.562674,-0.105028
2.81871,0.320873,-0.71273,1.85917,0.179572,0.563514,-0.0985123
2.81871,0.322337,-0.71458,1.86002,0.172953,0.564393,-0.0919169
2.81857,0.323692,-0.71618,1.86086,0.166994,0.565451,-0.0859279
2.8187,0.325178,-0.718148,1.86171,0.160047,0.566483,-0.079009
2.81871,0.326707,-0.720181,1.86249,0.152437,0.566946,-0.0713527
2.81869,0.328123,-0.721986,1.8633,0.145726,0.567854,-0.0645921
2.81857,0.329532,-0.723788,1.8641,0.138958,0.568765,-0.0577563
2.81864,0.331044,-0.725502,1.86508,0.133099,0.570094,-0.0519369
2.81858,0.332371,-0.727437,1.86568,0.12652,0.570868,-0.0453697
2.81868,0.333827,-0.729385,1.86645,0.119932,0.571845,-0.0387173
2.81871,0.335301,-0.731403,1.86721,0.11232,0.572616,-0.0310923
2.81863,0.336696,-0.733246,1.86796,0.105662,0.573614,-0.0243665
2.81861,0.338108,-0.735131,1.86871,0.0990476,0.574632,-0.0177131
2.81866,0.339527,-0.736642,1.86965,0.0944142,0.576072,-0.0129617
2.81862,0.340903,-0.738836,1.87019,0.0866716,0.57688,-0.00534017
2.81871,0.34242,-0.740982,1.87091,0.079799,0.577866,0.00146811
2.81871,0.343754,-0.742789,1.87161,0.0728513,0.578873,0.00860686
2.81867,0.345135,-0.744674,1.87232,0.0663251,0.579971,0.0152018
2.81866,0.346521,-0.746579,1.87301,0.0598322,0.581086,0.0217539
2.81871,0.347948,-0.748422,1.87379,0.053847,0.582422,0.0277484
2.81871,0.349299,-0.750438,1.87438,0.0469437,0.58337,0.0347373
2.81868,0.350707,-0.752074,1.87533,0.0419123,0.584705,0.0395628
2.81871,0.352114,-0.754094,1.87584,0.0352137,0.586089,0.0466441
2.81871,0.353405,-0.756206,1.87636,0.0277351,0.586909,0.0541546
2.81867,0.354729,-0.758019,1.87702,0.0221207,0.588255,0.0597837
2.81871,0.35612,-0.760068,1.87764,0.0150349,0.589347,0.0670127
2.81553,0.356411,-0.760228,1.87826,0.00741048,0.590575,0.0763106
2.81806,0.358664,-0.763355,1.87924,0.00275056,0.59236,0.0797135
2.81867,0.360263,-0.765674,1.87986,-0.00320577,0.593583,0.085442
2.81871,0.361489,-0.767824,1.88009,-0.0100963,0.594407,0.0925118
2.81871,0.36282,-0.769769,1.88068,-0.016322,0.595712,0.0988396
2.81856,0.364063,-0.771506,1.88129,-0.0215691,0.597193,0.104158
2.81864,0.365442,-0.773635,1.88184,-0.0287286,0.598366,0.111499
2.81868,0.36677,-0.775609,1.88241,-0.0348719,0.599713,0.117739
2.81852,0.368019,-0.77738,1.88301,-0.0404203,0.601233,0.123472
2.81863,0.369366,-0.7795,1.88352,-0.0471314,0.60246,0.130272
2.81868,0.370682,-0.781487,1.88405,-0.0532007,0.603851,0.136449
2.81869,0.371956,-0.78327,1.88487,-0.0583405,0.605583,0.141675
2.81871,0.373444,-0.785368,1.88541,-0.0651925,0.60686,0.148529
2.81871,0.374616,-0.787441,1.88564,-0.0707297,0.608183,0.154225
2.81871,0.375838,-0.789381,1.88613,-0.0772904,0.609576,0.161097
2.81871,0.377152,-0.791386,1.88664,-0.0829523,0.611071,0.166818
2.8187,0.37838,-0.793337,1.88712,-0.0891986,0.612524,0.173323
2.81871,0.379879,-0.795035,1.88785,-0.0940353,0.614172,0.178164
2.8187,0.380899,-0.797302,1.88807,-0.101006,0.615532,0.185472
2.81871,0.38222,-0.799367,1.88854,-0.106692,0.617058,0.19122
2.8187,0.383397,-0.801277,1.88899,-0.112719,0.618594,0.197548
2.81871,0.384701,-0.803334,1.88945,-0.11831,0.620155,0.203213
2.81871,0.385944,-0.805337,1.88988,-0.124094,0.62172,0.209182
2.81869,0.387104,-0.807262,1.89031,-0.130095,0.623295,0.21551
2.81868,0.388324,-0.809257,1.89073,-0.135842,0.624891,0.221471
2.81868,0.389545,-0.811262,1.89114,-0.141558,0.626499,0.227398
2.81871,0.390899,-0.813022,1.89163,-0.146253,0.628051,0.232214
2.81858,0.391908,-0.815101,1.89197,-0.152016,0.629858,0.238227
2.81871,0.393196,-0.817111,1.8923,-0.157766,0.631513,0.244181
2.81871,0.394611,-0.81916,1.89278,-0.16304,0.632709,0.24962
2.81871,0.395569,-0.821327,1.89309,-0.169737,0.634751,0.256717
2.81871,0.39675,-0.823358,1.89344,-0.175319,0.636433,0.262551
2.81871,0.397982,-0.825425,1.8938,-0.180759,0.638131,0.268168
2.81871,0.399176,-0.827456,1.89415,-0.186128,0.639851,0.273753
2.81871,0.400275,-0.829428,1.89448,-0.191843,0.641587,0.279862
2.81871,0.401507,-0.831517,1.89481,-0.197096,0.64332,0.285269
2.81871,0.402494,-0.833401,1.89515,-0.202095,0.645085,0.290866
2.81867,0.403729,-0.83551,1.89544,-0.208159,0.646861,0.297049
2.81869,0.404883,-0.837559,1.89574,-0.213531,0.64864,0.302706
2.81868,0.406015,-0.839593,1.89604,-0.218893,0.650437,0.308382
2.81871,0.4072,-0.841672,1.89633,-0.224056,0.652234,0.313762
2.81871,0.408289,-0.843698,1.8966,-0.229516,0.654061,0.319614
2.81865,0.409383,-0.845722,1.89687,-0.234811,0.655903,0.325271
2.81871,0.410709,-0.84764,1.89702,-0.239592,0.657478,0.330318
2.81871,0.411663,-0.849797,1.89741,-0.24461,0.659615,0.335554
2.81868,0.412882,-0.851428,1.89742,-0.24915,0.66087,0.340494
2.81871,0.413863,-0.853927,1.89789,-0.255089,0.663361,0.346754
2.81871,0.414921,-0.856032,1.89809,-0.260783,0.665249,0.352949
2.81861,0.415959,-0.858057,1.89831,-0.265936,0.667175,0.358536
2.81871,0.417264,-0.859842,1.89842,-0.269712,0.668565,0.362732
2.81862,0.418106,-0.862195,1.89873,-0.276092,0.67103,0.36946
2.81861,0.419168,-0.864264,1.89892,-0.281137,0.672974,0.374905
2.8186,0.420223,-0.866336,1.89911,-0.286153,0.674933,0.380329
2.81871,0.421328,-0.868461,1.89929,-0.291102,0.67688,0.385618
2.81871,0.422404,-0.87051,1.89947,-0.295654,0.678857,0.390475
2.81865,0.42338,-0.8726,1.89962,-0.301016,0.680869,0.396423
2.81871,0.424445,-0.87471,1.89977,-0.305903,0.68286,0.401705
2.81871,0.425727,-0.876501,1.89987,-0.310058,0.684407,0.406061
2.81871,0.426769,-0.878613,1.89996,-0.314912,0.68637,0.411375
2.81871,0.427731,-0.88077,1.90019,-0.320276,0.688506,0.417196
2.81868,0.428494,-0.883075,1.9003,-0.325275,0.691004,0.42293
2.81871,0.429505,-0.885183,1.90041,-0.330044,0.693062,0.428164
2.81854,0.43041,-0.887218,1.90052,-0.334844,0.695177,0.433573
2.81855,0.431401,-0.889329,1.90061,-0.339562,0.697262,0.438783
2.81854,0.432374,-0.891434,1.9007,-0.344261,0.699363,0.443998
2.81854,0.433345,-0.893546,1.90078,-0.34893,0.701474,0.449186
2.81854,0.434306,-0.895658,1.90085,-0.35357,0.703597,0.454357
2.81871,0.435556,-0.897635,1.90083,-0.357923,0.705268,0.458968
2.81864,0.436263,-0.899932,1.90097,-0.362746,0.707852,0.464549
2.81851,0.43714,-0.902007,1.90102,-0.367347,0.710039,0.469798
2.81871,0.438181,-0.904202,1.90105,-0.371822,0.712153,0.474698
2.81871,0.439174,-0.906331,1.9011,-0.376045,0.714293,0.479358
2.81871,0.440178,-0.908273,1.90091,-0.380605,0.715897,0.484483
2.81871,0.441283,-0.910374,1.90109,-0.385348,0.718275,0.489727
2.81871,0.442002,-0.91252,1.90103,-0.388843,0.720493,0.494131
2.81849,0.442632,-0.914791,1.90113,-0.394168,0.723215,0.500192
2.81871,0.443641,-0.917011,1.90112,-0.398487,0.725389,0.504981
2.81852,0.444419,-0.919087,1.9011,-0.402891,0.727688,0.510168
2.81871,0.445405,-0.921299,1.90107,-0.407159,0.729887,0.51494
2.81864,0.446342,-0.923232,1.90093,-0.411397,0.731898,0.519863
2.81856,0.44705,-0.925554,1.901,-0.415772,0.734475,0.525
2.81852,0.447878,-0.927699,1.90095,-0.420028,0.736778,0.529973
2.81853,0.448727,-0.92986,1.90089,-0.424242,0.739075,0.534876
2.81853,0.449564,-0.932023,1.90082,-0.428435,0.741386,0.539778
2.8187,0.450501,-0.934247,1.90075,-0.432558,0.743646,0.544476
2.81871,0.451424,-0.936447,1.90068,-0.436534,0.745915,0.54902
2.81856,0.452049,-0.938538,1.90058,-0.440845,0.748368,0.554349
2.81871,0.453072,-0.940777,1.9005,-0.444574,0.750581,0.558478
2.81871,0.453955,-0.942647,1.90045,-0.448761,0.752734,0.563502
2.81865,0.454494,-0.945103,1.90026,-0.453009,0.75543,0.568738
2.81871,0.45553,-0.946874,1.89998,-0.456084,0.75706,0.572327
2.81871,0.456466,-0.949036,1.89995,-0.460184,0.759454,0.577107
2.81871,0.456987,-0.951711,1.89988,-0.464713,0.762498,0.582572
2.81871,0.457728,-0.953584,1.8996,-0.468193,0.76437,0.586993
2.81862,0.458302,-0.956045,1.89957,-0.472792,0.767466,0.592609
2.81871,0.459377,-0.957856,1.89937,-0.475789,0.769189,0.59621
2.81871,0.459902,-0.960469,1.89926,-0.480294,0.772256,0.60161
2.81871,0.460824,-0.962456,1.89892,-0.483882,0.774027,0.606112
2.81871,0.461643,-0.964419,1.8988,-0.487368,0.776428,0.61031
2.81871,0.462384,-0.966743,1.89869,-0.491486,0.779028,0.615251
2.8187,0.462663,-0.969324,1.89849,-0.495646,0.782214,0.620695
2.81871,0.463648,-0.971252,1.89841,-0.499258,0.784353,0.624916
2.81871,0.464109,-0.973768,1.89807,-0.502907,0.787155,0.62969
2.81871,0.4648,-0.975897,1.89789,-0.506065,0.789603,0.63364
2.81871,0.465482,-0.978213,1.89763,-0.510066,0.79216,0.638682
2.81871,0.466016,-0.980461,1.89737,-0.513986,0.794805,0.643818
2.81871,0.46693,-0.982459,1.89703,-0.517076,0.796768,0.647881
2.81871,0.467716,-0.98457,1.89684,-0.521016,0.799214,0.652492
2.81866,0.467886,-0.987176,1.8966,-0.524682,0.802505,0.657592
2.81866,0.468497,-0.989426,1.89633,-0.528194,0.805089,0.662152
2.81866,0.469098,-0.991678,1.89606,-0.531677,0.807682,0.666696
2.81871,0.470034,-0.993671,1.89561,-0.534992,0.809516,0.670916
2.81863,0.470262,-0.996193,1.89548,-0.538572,0.812907,0.675773
2.81871,0.47151,-0.997825,1.89552,-0.541005,0.814822,0.678634
2.81871,0.471454,-1.00074,1.89487,-0.545348,0.818129,0.684705
2.81871,0.472519,-1.00265,1.89458,-0.548799,0.820163,0.68884
2.81871,0.47284,-1.00501,1.89424,-0.551637,0.822855,0.693192
2.81871,0.473604,-1.0073,1.89401,-0.555095,0.825452,0.697426
2.81871,0.473981,-1.00953,1.89346,-0.558774,0.828208,0.702414
2.81871,0.474342,-1.01193,1.89311,-0.561366,0.830723,0.706494
2.8187,0.474632,-1.01445,1.89286,-0.565082,0.834142,0.711487
2.81869,0.475116,-1.01675,1.8925,-0.568281,0.836855,0.715931
2.81871,0.476187,-1.01842,1.89216,-0.570875,0.838641,0.719272
2.81864,0.476029,-1.02135,1.89175,-0.574598,0.842323,0.724816
2.81868,0.476558,-1.02356,1.89132,-0.577695,0.844961,0.729119
2.81867,0.476971,-1.02599,1.89098,-0.580807,0.847787,0.73357
2.81867,0.477411,-1.02831,1.89058,-0.583871,0.850543,0.73795
2.81868,0.477841,-1.03064,1.89018,-0.586911,0.853309,0.742323
2.81868,0.478261,-1.03297,1.88976,-0.589925,0.856085,0.746687
2.81868,0.47867,-1.03531,1.88934,-0.592912,0.858872,0.751043
2.81871,0.479418,-1.03729,1.88884,-0.595906,0.861235,0.755115
2.8187,0.479464,-1.04,1.88848,-0.598804,0.864469,0.759712
2.81871,0.479938,-1.04233,1.88805,-0.601532,0.867182,0.763672
2.81869,0.480186,-1.04471,1.88758,-0.604595,0.870126,0.768387
2.81868,0.480533,-1.04707,1.88712,-0.607447,0.872967,0.772705
2.81871,0.481045,-1.04942,1.88668,-0.610048,0.875649,0.776483
2.81871,0.48136,-1.05183,1.88619,-0.613011,0.87855,0.781018
2.81869,0.481515,-1.0542,1.88571,-0.615854,0.881547,0.78561
2.81869,0.481809,-1.05658,1.88522,-0.618601,0.884435,0.789906
2.81869,0.482096,-1.05898,1.88472,-0.621323,0.887329,0.794192
2.81869,0.482372,-1.06137,1.88422,-0.624019,0.890233,0.798469
2.81871,0.483336,-1.06302,1.88378,-0.625999,0.892017,0.801308
2.81871,0.483492,-1.06567,1.88323,-0.628954,0.895011,0.805914
2.81866,0.483104,-1.0686,1.88267,-0.631942,0.899024,0.811288
2.81871,0.483485,-1.07099,1.88217,-0.634336,0.901812,0.815069
2.8187,0.483569,-1.07346,1.88161,-0.637092,0.904911,0.819754
2.81869,0.483757,-1.07589,1.88106,-0.639624,0.907887,0.824005
2.81869,0.48394,-1.07833,1.88051,-0.642131,0.91087,0.828246
2.81871,0.484344,-1.08075,1.87997,-0.644452,0.91365,0.831953
2.81871,0.484484,-1.08298,1.87943,-0.646687,0.916468,0.836283
2.81871,0.484644,-1.0854,1.87876,-0.649522,0.919572,0.840721
2.81871,0.484555,-1.08817,1.87823,-0.651887,0.922894,0.845134
2.81871,0.485405,-1.08997,1.87771,-0.653921,0.924827,0.848368
2.81871,0.485431,-1.09259,1.87702,-0.656691,0.927921,0.852986
2.8187,0.48485,-1.09562,1.87644,-0.658914,0.932044,0.857778
2.8187,0.484918,-1.09812,1.87583,-0.661203,0.935118,0.861987
2.8187,0.484974,-1.10062,1.87522,-0.663463,0.938202,0.86619
2.81871,0.485696,-1.10254,1.87462,-0.665621,0.940239,0.869631
2.8187,0.485045,-1.10566,1.87396,-0.667897,0.944403,0.874577
2.81871,0.485412,-1.10771,1.87361,-0.669311,0.947055,0.877886
2.81871,0.485399,-1.11047,1.87269,-0.672351,0.950159,0.882871
2.81871,0.485898,-1.11251,1.87211,-0.674305,0.952575,0.886295
2.8187,0.484986,-1.11584,1.87137,-0.676431,0.956955,0.891345
2.81871,0.485052,-1.11839,1.87072,-0.678443,0.960014,0.895296
2.81871,0.485275,-1.12054,1.87018,-0.680622,0.962887,0.899085
2.81871,0.48478,-1.12357,1.86936,-0.682536,0.966492,0.903897
2.8187,0.484668,-1.12616,1.86867,-0.684509,0.969703,0.908087
2.8187,0.484547,-1.12876,1.86798,-0.686457,0.972922,0.912271
2.81871,0.485247,-1.13073,1.86741,-0.688478,0.975316,0.915715
2.81871,0.484255,-1.134,1.86657,-0.690266,0.979396,0.920632
2.8187,0.484469,-1.13643,1.86584,-0.692421,0.982322,0.924695
2.81871,0.483887,-1.13928,1.86514,-0.693954,0.985925,0.928998
2.8187,0.483673,-1.14193,1.86441,-0.695754,0.989211,0.933188
2.8187,0.483443,-1.1446,1.86368,-0.697525,0.992509,0.937375
2.8187,0.483193,-1.14728,1.86294,-0.699263,0.995821,0.941561
2.8187,0.482925,-1.14997,1.86219,-0.700974,0.999146,0.945751
2.81871,0.483363,-1.15193,1.86151,-0.702365,1.00137,0.949178
2.81871,0.48296,-1.15476,1.86068,-0.704468,1.00476,0.953632
2.81871,0.481996,-1.15811,1.85991,-0.705917,1.00921,0.958334
2.81871,0.481646,-1.16085,1.85913,-0.707504,1.0126,0.962535
2.81871,0.481511,-1.16345,1.85841,-0.708739,1.01568,0.965905
2.81871,0.481023,-1.16615,1.85759,-0.710561,1.0192,0.970846
2.81871,0.480586,-1.16914,1.85677,-0.712137,1.02276,0.975092
2.81871,0.480042,-1.17193,1.85597,-0.713536,1.02627,0.97937
2.81871,0.480096,-1.17431,1.85514,-0.715115,1.02904,0.983324
2.81871,0.479104,-1.17755,1.85435,-0.71636,1.03321,0.987819
2.81871,0.478597,-1.18039,1.85353,-0.717721,1.0367,0.992053
2.81871,0.478068,-1.18324,1.8527,-0.719048,1.04021,0.99629
2.81871,0.478142,-1.18548,1.85171,-0.720495,1.04257,1.0001
2.81871,0.476945,-1.18898,1.85103,-0.721608,1.04727,1.00479
2.81871,0.476341,-1.19188,1.85018,-0.722834,1.05083,1.00905
2.81871,0.476036,-1.19458,1.84934,-0.724247,1.05418,1.01322
2.81871,0.475962,-1.19702,1.84848,-0.725629,1.05681,1.01704
2.8187,0.474376,-1.20067,1.8476,-0.726307,1.06161,1.02188
2.81871,0.474407,-1.20316,1.84673,-0.727631,1.0642,1.02576
2.81871,0.473492,-1.2062,1.84586,-0.728814,1.06806,1.03023
2.81871,0.472505,-1.20945,1.84502,-0.729236,1.07216,1.03392
2.81871,0.47139,-1.21266,1.84407,-0.730442,1.07624,1.03911
2.81871,0.471225,-1.21506,1.84318,-0.731247,1.07879,1.04266
2.81871,0.469728,-1.21877,1.84227,-0.73229,1.08366,1.04779
2.81871,0.469162,-1.22167,1.84142,-0.732946,1.08702,1.05131
2.81871,0.468444,-1.22446,1.84044,-0.734147,1.09054,1.05625
2.81871,0.466994,-1.22809,1.83951,-0.734774,1.09496,1.06092
2.81871,0.467047,-1.23039,1.83858,-0.735876,1.09722,1.06446
2.81871,0.465006,-1.23443,1.83764,-0.736229,1.1026,1.06974
2.81871,0.464311,-1.23722,1.83681,-0.736583,1.10577,1.07346
2.8187,0.462875,-1.24086,1.83575,-0.737521,1.11033,1.07863
2.81871,0.461757,-1.24412,1.8348,-0.738103,1.11424,1.0831
2.81871,0.460918,-1.24718,1.8339,-0.738421,1.11775,1.08669
2.81871,0.459415,-1.25071,1.83287,-0.739143,1.12211,1.09209
2.81871,0.458182,-1.25405,1.83189,-0.739595,1.12608,1.09662
2.81871,0.457426,-1.25694,1.83081,-0.740367,1.12928,1.1011
2.81871,0.455898,-1.26062,1.82998,-0.740204,1.13374,1.10497
2.81871,0.454235,-1.26425,1.82893,-0.740675,1.13817,1.11035
2.81871,0.452832,-1.26772,1.82793,-0.740941,1.14226,1.11497
2.81871,0.451384,-1.27122,1.82693,-0.741155,1.14638,1.11962
2.81871,0.450919,-1.27387,1.82584,-0.741769,1.14889,1.12346
2.81871,0.448541,-1.27826,1.82491,-0.741474,1.15453,1.12874
2.81871,0.446746,-1.28194,1.82387,-0.741497,1.15892,1.13374
2.81871,0.445446,-1.28536,1.82291,-0.741362,1.16274,1.13764
2.81871,0.44426,-1.28864,1.82204,-0.741859,1.16654,1.14268
2.81871,0.441989,-1.29281,1.82082,-0.741269,1.17136,1.14738
2.81871,0.440031,-1.29672,1.81973,-0.741221,1.17592,1.15271
2.81871,0.43877,-1.30003,1.81887,-0.741378,1.1796,1.15719
2.81871,0.435997,-1.30453,1.8176,-0.740679,1.18494,1.16288
2.81871,0.434167,-1.30808,1.81644,-0.740372,1.18904,1.16764
2.81871,0.43332,-1.31124,1.81568,-0.740612,1.19231,1.17187
2.81871,0.429774,-1.31649,1.81438,-0.739436,1.1985,1.17801
2.81871,0.428414,-1.31982,1.81324,-0.739468,1.20225,1.18252
2.81871,0.425538,-1.32461,1.81224,-0.738284,1.20749,1.18788
2.81871,0.422885,-1.32899,1.81111,-0.737564,1.21247,1.1936
2.81871,0.420737,-1.33309,1.81005,-0.73678,1.2169,1.19831
2.81871,0.41827,-1.33737,1.80897,-0.735858,1.22159,1.20339
2.81871,0.415191,-1.34214,1.80779,-0.734968,1.22696,1.20975
2.81871,0.413127,-1.34605,1.80675,-0.734259,1.23141,1.21465
2.81871,0.409551,-1.35131,1.80554,-0.732784,1.23694,1.22088
2.81871,0.407057,-1.35569,1.80447,-0.731567,1.24152,1.22567
2.81871,0.404547,-1.35999,1.80344,-0.730826,1.24612,1.23164
2.81871,0.400629,-1.3655,1.80218,-0.729139,1.25209,1.23805
2.81871,0.396921,-1.37079,1.80098,-0.727234,1.25774,1.24418
2.81871,0.394586,-1.37482,1.79971,-0.726229,1.26147,1.2495
2.81871,0.389734,-1.38126,1.79866,-0.723732,1.26869,1.25649
2.81871,0.385863,-1.38673,1.7975,-0.72176,1.27434,1.26286
2.81871,0.381839,-1.39232,1.79632,-0.719653,1.28008,1.26935
2.81853,0.378289,-1.39741,1.79523,-0.717849,1.28544,1.27558
2.81871,0.373106,-1.40408,1.79396,-0.714905,1.29199,1.28288
2.81871,0.369261,-1.40931,1.79274,-0.712641,1.29726,1.28888
2.81871,0.363346,-1.41672,1.79158,-0.709351,1.30455,1.29724
2.81871,0.357989,-1.42344,1.79037,-0.706209,1.31112,1.30481
2.81871,0.352624,-1.43027,1.78918,-0.702974,1.31765,1.31232
2.81871,0.347687,-1.4365,1.78801,-0.699946,1.3238,1.31962
2.81871,0.339519,-1.44566,1.78674,-0.694962,1.33231,1.32949
2.81871,0.3329,-1.45353,1.78556,-0.690644,1.3395,1.33776
2.81871,0.325831,-1.46164,1.7844,-0.686123,1.34715,1.34716
2.81871,0.318213,-1.47035,1.78341,-0.681321,1.35517,1.35622
2.81869,0.306475,-1.48247,1.78182,-0.67374,1.36557,1.36939
2.81869,0.293209,-1.496,1.78057,-0.664911,1.37715,1.3837
2.81871,0.281462,-1.50822,1.77939,-0.656804,1.38747,1.39682
2.81871,0.257432,-1.53103,1.77805,-0.640752,1.40557,1.42018
2.81871,0.223304,-1.5626,1.77698,-0.617441,1.42923,1.45243
2.34023,-0.0818998,-1.34218,1.77557,-0.391723,1.58423,1.73022
2.33379,-0.0873434,-1.34186,1.77423,-0.386048,1.58871,1.73798
2.32746,-0.0924537,-1.34135,1.77296,-0.380603,1.59283,1.74554
2.32109,-0.0974362,-1.34069,1.77167,-0.375224,1.59686,1.75297
2.31464,-0.10231,-1.33984,1.7704,-0.36993,1.60081,1.7603
2.3082,-0.107037,-1.33886,1.7691,-0.364696,1.60464,1.76749
2.30174,-0.111655,-1.33776,1.7678,-0.359509,1.60839,1.77458
2.2953,-0.116145,-1.33655,1.76649,-0.354418,1.61203,1.78154
2.28888,-0.120535,-1.33526,1.76517,-0.349321,1.61559,1.78843
2.28246,-0.124836,-1.3339,1.76385,-0.344314,1.61909,1.79521
2.27606,-0.129038,-1.33245,1.76253,-0.339362,1.62251,1.8019
2.27013,-0.132742,-1.33105,1.76135,-0.33482,1.62574,1.80807
2.26332,-0.137159,-1.32934,1.75986,-0.329618,1.62913,1.81501
2.25699,-0.14109,-1.3277,1.75853,-0.324819,1.63233,1.82143
2.25068,-0.144937,-1.326,1.75718,-0.320067,1.63547,1.82778
2.24441,-0.148701,-1.32425,1.75583,-0.315363,1.63854,1.83404
2.23816,-0.152394,-1.32245,1.75448,-0.3107,1.64155,1.84023
2.23211,-0.155882,-1.32067,1.7532,-0.306055,1.6444,1.84609
2.22576,-0.159563,-1.31875,1.75175,-0.301496,1.64739,1.8524
2.21962,-0.163045,-1.31685,1.75038,-0.296952,1.65022,1.85838
2.21351,-0.166466,-1.31491,1.749,-0.292443,1.653,1.8643
2.20764,-0.16965,-1.31298,1.7478,-0.288032,1.65606,1.86989
2.20137,-0.173128,-1.31098,1.74644,-0.283584,1.6587,1.8759
2.19535,-0.17638,-1.30893,1.74484,-0.279119,1.66104,1.88171
2.18941,-0.179554,-1.30691,1.74344,-0.274753,1.66359,1.88738
2.18348,-0.182696,-1.30486,1.74204,-0.270403,1.66611,1.89302
2.17783,-0.185578,-1.30286,1.74096,-0.266113,1.66883,1.89826
2.17189,-0.188725,-1.30077,1.73952,-0.261841,1.6713,1.90389
2.1659,-0.191831,-1.29864,1.73779,-0.257521,1.67341,1.90963
2.1601,-0.194788,-1.29654,1.73637,-0.253276,1.67576,1.91507
2.15461,-0.1975,-1.29446,1.73504,-0.248985,1.67807,1.92015
2.1486,-0.200578,-1.2923,1.73351,-0.244883,1.68033,1.92582
2.14293,-0.203399,-1.29016,1.73207,-0.240697,1.68254,1.93114
2.13726,-0.206198,-1.28802,1.73063,-0.236575,1.68473,1.9364
2.13165,-0.208948,-1.28586,1.72917,-0.232421,1.68687,1.94164
2.12606,-0.21167,-1.28371,1.72772,-0.228313,1.68897,1.94684
2.12051,-0.214361,-1.28155,1.72626,-0.224222,1.69104,1.952
2.1153,-0.217052,-1.27993,1.72496,-0.220368,1.69294,1.95696
2.10966,-0.219767,-1.2775,1.72332,-0.215972,1.69509,1.96235
2.10449,-0.222197,-1.27553,1.7221,-0.212385,1.69686,1.9672
2.09895,-0.224953,-1.27337,1.72056,-0.208341,1.69879,1.97215
2.09335,-0.22746,-1.27096,1.71888,-0.203942,1.70087,1.97742
2.08821,-0.229891,-1.26892,1.71749,-0.199901,1.70264,1.98179
2.08263,-0.23244,-1.26657,1.71589,-0.195987,1.70455,1.9873
2.07732,-0.234883,-1.26439,1.71439,-0.192075,1.70632,1.99217
2.07219,-0.237225,-1.26221,1.71315,-0.188059,1.70833,1.99678
2.06699,-0.239606,-1.26002,1.71171,-0.184254,1.71013,2.00168
2.06157,-0.242085,-1.2578,1.70985,-0.18028,1.7115,2.00671
2.05635,-0.244443,-1.2556,1.70834,-0.176407,1.71317,2.01149
2.05156,-0.24656,-1.2535,1.70707,-0.172643,1.71491,2.01588
2.04605,-0.249079,-1.25121,1.70527,-0.168649,1.71639,2.02099
2.04094,-0.251367,-1.24902,1.70373,-0.164798,1.71796,2.02569
2.03622,-0.253425,-1.24693,1.70245,-0.161094,1.71961,2.03002
2.03077,-0.255887,-1.24464,1.70066,-0.157166,1.72103,2.03502
2.02579,-0.258156,-1.24238,1.69928,-0.153174,1.72282,2.03947
2.02071,-0.260317,-1.24023,1.69755,-0.149531,1.72398,2.04428
2.01574,-0.262501,-1.23804,1.69598,-0.14574,1.7254,2.04886
2.01077,-0.264675,-1.23586,1.69442,-0.141992,1.72681,2.05341
2.00598,-0.266847,-1.23385,1.6931,-0.138639,1.7281,2.05784
2.00091,-0.268961,-1.23147,1.69127,-0.134462,1.72954,2.06248
1.99612,-0.271096,-1.22926,1.68994,-0.130647,1.73122,2.06679
1.99133,-0.273089,-1.22716,1.68832,-0.127134,1.73253,2.07133
1.98632,-0.275264,-1.22492,1.68651,-0.123258,1.73342,2.07591
1.9815,-0.277335,-1.22275,1.68491,-0.119548,1.73466,2.08035
1.97669,-0.279393,-1.22057,1.68332,-0.115862,1.73589,2.08476
1.97192,-0.281429,-1.21839,1.68171,-0.112163,1.73707,2.08915
1.96717,-0.283456,-1.21622,1.68009,-0.108483,1.73824,2.09353
1.96247,-0.285506,-1.21402,1.67871,-0.104696,1.73972,2.09775
1.95799,-0.287295,-1.21211,1.67717,-0.101738,1.74048,2.10221
1.95304,-0.289452,-1.20973,1.67524,-0.0975324,1.74162,2.10654
1.94838,-0.291418,-1.20755,1.67361,-0.093872,1.74268,2.11084
1.94373,-0.293376,-1.20539,1.67198,-0.0902543,1.74374,2.11512
1.9391,-0.295318,-1.20323,1.67034,-0.0866395,1.74476,2.11937
1.9345,-0.297246,-1.20107,1.66869,-0.0830209,1.74575,2.12362
1.93023,-0.299015,-1.19899,1.6674,-0.0794979,1.74699,2.12754
1.92536,-0.301075,-1.19678,1.66539,-0.0758286,1.74769,2.13206
1.92118,-0.302827,-1.19479,1.66407,-0.0726959,1.74853,2.13613
1.9163,-0.30486,-1.19249,1.66206,-0.0686705,1.74953,2.14043
1.91179,-0.306735,-1.19035,1.6604,-0.0651055,1.75042,2.14459
1.9073,-0.308598,-1.18822,1.65873,-0.061571,1.75129,2.14872
1.90284,-0.310447,-1.18608,1.65705,-0.0580081,1.75213,2.15285
1.89838,-0.312291,-1.18394,1.65537,-0.0544739,1.75297,2.15696
1.89396,-0.314119,-1.18181,1.65368,-0.0509445,1.75375,2.16105
1.88954,-0.315942,-1.17968,1.65199,-0.0474291,1.75455,2.16512
1.88516,-0.317749,-1.17756,1.65029,-0.0439171,1.75529,2.16918
1.88079,-0.319552,-1.17545,1.64859,-0.0404133,1.75603,2.17322
1.87642,-0.321459,-1.17336,1.64701,-0.0371751,1.75685,2.17738
1.87209,-0.32313,-1.17122,1.64517,-0.0334314,1.75744,2.18127
1.86778,-0.324903,-1.16912,1.64345,-0.0299546,1.75812,2.18526
1.86347,-0.326668,-1.16701,1.64173,-0.0264857,1.75877,2.18925
1.85919,-0.328425,-1.16491,1.64,-0.0230241,1.7594,2.19321
1.85491,-0.330176,-1.16281,1.63828,-0.0195791,1.76003,2.19717
1.85066,-0.331912,-1.16071,1.63655,-0.0161412,1.76063,2.2011
1.84642,-0.333641,-1.15862,1.63481,-0.0127169,1.7612,2.20501
1.8422,-0.335362,-1.15652,1.63306,-0.00927913,1.76176,2.20892
1.838,-0.337074,-1.15443,1.63131,-0.00585579,1.76228,2.21282
1.83391,-0.338724,-1.15237,1.6296,-0.00246413,1.76281,2.21661
1.82964,-0.340482,-1.15027,1.62781,0.000956877,1.76331,2.22056
1.82549,-0.342172,-1.14819,1.62604,0.00435293,1.76377,2.22441
1.8214,-0.34396,-1.14621,1.62444,0.00750872,1.76436,2.2282
1.8174,-0.345454,-1.14409,1.62274,0.0110965,1.76488,2.2319
1.81312,-0.347209,-1.142,1.62073,0.0144678,1.7651,2.23586
1.80902,-0.34887,-1.13993,1.61895,0.0178477,1.76551,2.23966
1.80495,-0.350526,-1.13787,1.61716,0.0211892,1.76589,2.24343
1.80089,-0.352171,-1.13581,1.61536,0.0245529,1.76625,2.2472
1.79684,-0.353818,-1.13377,1.61358,0.0278591,1.76661,2.25094
1.79281,-0.355451,-1.13171,1.61177,0.0312247,1.76693,2.25469
1.7888,-0.357084,-1.12967,1.60996,0.0345507,1.76724,2.25842
1.7848,-0.358708,-1.12763,1.60816,0.0378671,1.76754,2.26213
1.78077,-0.360364,-1.12568,1.60643,0.0408206,1.76767,2.26606
1.77683,-0.361941,-1.12356,1.60453,0.0444733,1.76808,2.26952
1.77288,-0.363546,-1.12153,1.6027,0.0477724,1.76831,2.27319
1.76894,-0.365147,-1.1195,1.60088,0.0510584,1.76854,2.27684
1.76513,-0.366653,-1.11752,1.59914,0.0542996,1.76878,2.2804
1.76133,-0.368235,-1.11549,1.59754,0.0575958,1.76921,2.28392
1.75719,-0.369919,-1.11345,1.59537,0.0608754,1.76911,2.28775
1.7533,-0.371498,-1.11144,1.59352,0.064131,1.76927,2.29135
1.74942,-0.373073,-1.10944,1.59168,0.0673706,1.76942,2.29494
1.74556,-0.37464,-1.10743,1.58981,0.0706195,1.76953,2.29853
1.74171,-0.376204,-1.10543,1.58795,0.073854,1.76963,2.30209
1.73787,-0.377761,-1.10343,1.5861,0.077078,1.76973,2.30565
1.73405,-0.379314,-1.10144,1.58423,0.0802901,1.76981,2.30919
1.73034,-0.380785,-1.09948,1.58249,0.08345,1.76992,2.31267
1.72645,-0.382407,-1.09746,1.58047,0.08671,1.7699,2.31624
1.72267,-0.383946,-1.09548,1.57859,0.0899057,1.76992,2.31974
1.71889,-0.385482,-1.0935,1.57671,0.0930895,1.76994,2.32324
1.71514,-0.387011,-1.09153,1.57481,0.0962749,1.76992,2.32672
1.71139,-0.388538,-1.08956,1.57291,0.0994499,1.7699,2.33019
1.70766,-0.39006,-1.08759,1.57102,0.102601,1.76987,2.33363
1.70408,-0.391491,-1.08574,1.56939,0.105374,1.76999,2.33723
1.70046,-0.393018,-1.08385,1.56735,0.108835,1.7696,2.34002
1.69653,-0.394603,-1.08173,1.56529,0.112047,1.76966,2.34392
1.69305,-0.396029,-1.07987,1.56354,0.11481,1.76967,2.34741
1.68917,-0.397606,-1.07781,1.56145,0.118325,1.76945,2.35073
1.68552,-0.399101,-1.07586,1.55951,0.121458,1.7693,2.35412
1.68187,-0.400595,-1.07392,1.55758,0.124574,1.76916,2.35749
1.67834,-0.402035,-1.07205,1.55596,0.127491,1.76925,2.36088
1.67461,-0.403571,-1.07005,1.5537,0.130783,1.76882,2.36419
1.67099,-0.405056,-1.06812,1.55176,0.133874,1.76865,2.36753
1.66754,-0.406473,-1.06628,1.55002,0.136615,1.76834,2.37093
1.66381,-0.408008,-1.06427,1.54784,0.140041,1.76821,2.37416
1.6603,-0.409594,-1.0623,1.54607,0.143254,1.76833,2.37728
1.65666,-0.410954,-1.06044,1.54393,0.146165,1.76774,2.38074
1.65317,-0.412513,-1.05857,1.54213,0.148957,1.76773,2.38412
1.64961,-0.413976,-1.05669,1.54019,0.152088,1.76732,2.38724
1.64619,-0.415227,-1.05481,1.53834,0.154942,1.76676,2.39067
1.64254,-0.416908,-1.05284,1.53615,0.15816,1.76691,2.39389
1.63899,-0.418253,-1.05093,1.53403,0.161365,1.76629,2.397
1.63553,-0.419745,-1.049,1.53224,0.164231,1.76635,2.40046
1.63199,-0.421147,-1.04713,1.53004,0.167413,1.76561,2.40343
1.62856,-0.422591,-1.04524,1.52824,0.170521,1.76558,2.40652
1.62504,-0.424031,-1.04336,1.52603,0.173437,1.76486,2.4098
1.62159,-0.425468,-1.04148,1.52402,0.17643,1.76447,2.41297
1.61824,-0.426787,-1.03971,1.52216,0.179021,1.76381,2.41631
1.61478,-0.428474,-1.03777,1.52012,0.182266,1.76389,2.4192
1.61127,-0.429771,-1.03587,1.51796,0.185371,1.76322,2.42242
1.60785,-0.431198,-1.034,1.51593,0.188335,1.76278,2.42554
1.60444,-0.432626,-1.03215,1.51391,0.191278,1.76234,2.42865
1.60105,-0.434047,-1.03028,1.51186,0.194243,1.76186,2.43176
1.59766,-0.435468,-1.02843,1.50982,0.197188,1.76138,2.43485
1.59428,-0.436887,-1.02659,1.50778,0.200111,1.76089,2.43792
1.59091,-0.4383,-1.02473,1.50572,0.203053,1.76038,2.441
1.58774,-0.439612,-1.02298,1.50389,0.205616,1.75967,2.44412
1.5842,-0.441127,-1.02105,1.50161,0.208885,1.75933,2.4471
1.58086,-0.442534,-1.01921,1.49954,0.2118,1.75878,2.45013
1.57778,-0.443816,-1.01743,1.49781,0.214447,1.75801,2.45313
1.57437,-0.445421,-1.01552,1.49559,0.217715,1.75791,2.45592
1.5709,-0.446751,-1.01373,1.49331,0.220488,1.75706,2.45917
1.5676,-0.448153,-1.01192,1.49123,0.223346,1.75648,2.46214
1.5644,-0.449501,-1.01009,1.48925,0.226234,1.75591,2.46509
1.56103,-0.450946,-1.00827,1.48705,0.229111,1.75524,2.4681
1.55775,-0.452458,-1.00651,1.48504,0.231786,1.75467,2.47111
1.55449,-0.453849,-1.00465,1.483,0.234789,1.75429,2.47405
1.55124,-0.455125,-1.00285,1.48074,0.237673,1.7533,2.47693
1.54799,-0.456515,-1.00106,1.47863,0.240515,1.75263,2.47985
1.54473,-0.457972,-0.999354,1.47667,0.243006,1.75194,2.48296
1.54152,-0.459289,-0.997472,1.47439,0.246159,1.75126,2.48566
1.53836,-0.460683,-0.995655,1.47247,0.249103,1.75093,2.48847
1.53509,-0.462054,-0.993887,1.47013,0.251807,1.74983,2.49143
1.53189,-0.463436,-0.992105,1.468,0.254614,1.7491,2.4943
1.5287,-0.464814,-0.990326,1.46586,0.257413,1.74836,2.49715
1.52551,-0.466193,-0.98855,1.46371,0.260207,1.74761,2.5
1.52234,-0.467569,-0.986778,1.46156,0.262994,1.74685,2.50283
1.51917,-0.468945,-0.985009,1.45941,0.265774,1.74607,2.50566
1.51601,-0.470317,-0.983245,1.45725,0.268547,1.74529,2.50847
1.51291,-0.471695,-0.98146,1.45528,0.271423,1.74484,2.51121
1.50971,-0.473063,-0.979731,1.45292,0.274059,1.74369,2.51405
1.5066,-0.474501,-0.977984,1.45091,0.276646,1.74287,2.51694
1.50346,-0.475796,-0.976214,1.44857,0.279571,1.74203,2.5196
1.50033,-0.477163,-0.974465,1.44639,0.282308,1.74119,2.52236
1.49729,-0.478551,-0.972737,1.44441,0.284838,1.74022,2.52519
1.49412,-0.479893,-0.970976,1.442,0.287771,1.73946,2.52784
1.49103,-0.481259,-0.969251,1.43981,0.290467,1.7386,2.53056
1.48794,-0.482617,-0.967499,1.43761,0.293203,1.7377,2.53328
1.48514,-0.483802,-0.965807,1.43589,0.295817,1.73669,2.53579
1.48179,-0.485338,-0.964042,1.43319,0.298603,1.7359,2.53867
1.47873,-0.486695,-0.962311,1.43097,0.301304,1.73498,2.54135
1.47567,-0.488053,-0.960589,1.42875,0.303993,1.73405,2.54402
1.47275,-0.489386,-0.958878,1.42677,0.306513,1.73285,2.54667
1.46959,-0.490768,-0.957169,1.4243,0.309323,1.73216,2.54932
1.46655,-0.492122,-0.955451,1.42207,0.311995,1.7312,2.55196
1.46352,-0.493476,-0.953741,1.41983,0.314654,1.73023,2.55459
1.46063,-0.49477,-0.952014,1.41777,0.317348,1.72896,2.557
1.4575,-0.496178,-0.950316,1.41533,0.319982,1.72824,2.55982
1.4545,-0.497528,-0.948616,1.41307,0.322624,1.72724,2.56241
1.4515,-0.49888,-0.946924,1.41082,0.325251,1.72624,2.56499
1.44851,-0.500228,-0.945223,1.40855,0.32789,1.7252,2.56757
1.44563,-0.501584,-0.943485,1.40642,0.330585,1.72434,2.57008
1.44256,-0.502924,-0.941846,1.404,0.333132,1.72313,2.57268
1.43959,-0.504273,-0.940165,1.40173,0.335736,1.72208,2.57522
1.43663,-0.505619,-0.938478,1.39944,0.338348,1.72101,2.57776
1.43367,-0.506965,-0.9368,1.39715,0.340948,1.71993,2.58028
1.4307,-0.508438,-0.935256,1.3948,0.343328,1.71895,2.58275
1.42779,-0.509659,-0.933463,1.39256,0.346111,1.71777,2.58528
1.42496,-0.510953,-0.931791,1.39056,0.348445,1.71677,2.58805
1.42194,-0.512237,-0.930135,1.38833,0.351027,1.7155,2.59061
1.41901,-0.513687,-0.928455,1.38563,0.353851,1.71442,2.59272
1.4161,-0.51503,-0.926795,1.38331,0.356414,1.71329,2.59517
1.41319,-0.516373,-0.925138,1.38099,0.358966,1.71215,2.59762
1.41062,-0.517455,-0.923568,1.37926,0.361324,1.71086,2.59988
1.4074,-0.519054,-0.921826,1.37633,0.364067,1.70984,2.60248
1.40452,-0.520397,-0.920181,1.37398,0.366601,1.70866,2.60489
1.40164,-0.52174,-0.918541,1.37164,0.369123,1.70749,2.60729
1.39876,-0.523078,-0.916891,1.36929,0.37166,1.70629,2.60969
1.3959,-0.524418,-0.915252,1.36694,0.374179,1.7051,2.61207
1.39304,-0.525758,-0.913615,1.36458,0.376695,1.70389,2.61444
1.39019,-0.527099,-0.911982,1.36221,0.379204,1.70267,2.6168
1.38734,-0.528439,-0.910351,1.35984,0.381707,1.70144,2.61915
1.3845,-0.529777,-0.908723,1.35747,0.384204,1.70021,2.62149
1.38166,-0.531119,-0.907105,1.35509,0.386682,1.69898,2.62382
1.37883,-0.532455,-0.905473,1.3527,0.38918,1.69771,2.62614
1.376,-0.533794,-0.903851,1.35031,0.391658,1.69646,2.62845
1.37319,-0.535131,-0.902234,1.34791,0.394132,1.69518,2.63074
1.37038,-0.536473,-0.900627,1.34551,0.396588,1.69391,2.63303
1.36757,-0.537809,-0.899006,1.3431,0.399062,1.69261,2.63531
1.36477,-0.539148,-0.897397,1.34069,0.401519,1.69131,2.63757
1.36198,-0.540485,-0.895792,1.33827,0.40397,1.69001,2.63983
1.35919,-0.541825,-0.894188,1.33585,0.406416,1.68869,2.64207
1.35641,-0.543164,-0.892587,1.33342,0.408857,1.68737,2.64431
1.35363,-0.544503,-0.890989,1.33099,0.411292,1.68603,2.64653
1.35086,-0.545842,-0.889399,1.32856,0.41371,1.6847,2.64874
1.3481,-0.547179,-0.887798,1.32611,0.416143,1.68334,2.65095
1.34534,-0.548517,-0.886204,1.32366,0.418562,1.68199,2.65315
