-0.93835,0.986641,-2.7175,1.78975,-2.33512,-1.55863,-0.614518
-0.937953,0.984073,-2.71793,1.79054,-2.33383,-1.55729,-0.62042
-0.937557,0.981509,-2.71836,1.79132,-2.33255,-1.55595,-0.626327
-0.937162,0.978946,-2.71879,1.7921,-2.33126,-1.5546,-0.63224
-0.936767,0.976383,-2.71922,1.79287,-2.32998,-1.55326,-0.63816
-0.936373,0.973824,-2.71965,1.79364,-2.3287,-1.55191,-0.644085
-0.935979,0.971267,-2.72008,1.7944,-2.32742,-1.55055,-0.650017
-0.935587,0.96871,-2.72051,1.79515,-2.32615,-1.5492,-0.655956
-0.935195,0.966156,-2.72094,1.7959,-2.32487,-1.54784,-0.661899
-0.934804,0.963604,-2.72136,1.79664,-2.3236,-1.54648,-0.667849
-0.934413,0.961052,-2.72179,1.79737,-2.32233,-1.54511,-0.673807
-0.934023,0.958504,-2.72222,1.7981,-2.32106,-1.54375,-0.679769
-0.933634,0.955958,-2.72264,1.79882,-2.31979,-1.54238,-0.685738
-0.933246,0.953412,-2.72307,1.79954,-2.31852,-1.54101,-0.691713
-0.932858,0.950869,-2.7235,1.80025,-2.31726,-1.53963,-0.697694
-0.932471,0.948329,-2.72392,1.80095,-2.316,-1.53826,-0.703681
-0.932085,0.945789,-2.72435,1.80165,-2.31474,-1.53688,-0.709675
-0.9317,0.943252,-2.72477,1.80234,-2.31348,-1.5355,-0.715675
-0.931315,0.940718,-2.72519,1.80302,-2.31222,-1.53412,-0.721681
-0.930931,0.938183,-2.72562,1.8037,-2.31096,-1.53273,-0.727694
-0.930548,0.935653,-2.72604,1.80437,-2.30971,-1.53134,-0.733712
-0.930165,0.933124,-2.72646,1.80504,-2.30846,-1.52995,-0.739736
-0.929784,0.930596,-2.72689,1.80569,-2.3072,-1.52856,-0.745767
-0.929403,0.928071,-2.72731,1.80635,-2.30595,-1.52717,-0.751804
-0.929023,0.925549,-2.72773,1.80699,-2.30471,-1.52577,-0.757847
-0.928644,0.923027,-2.72815,1.80763,-2.30346,-1.52437,-0.763897
-0.928265,0.920509,-2.72857,1.80827,-2.30221,-1.52297,-0.769952
-0.927887,0.917993,-2.72899,1.80889,-2.30097,-1.52157,-0.776014
-0.927511,0.915477,-2.72941,1.80952,-2.29973,-1.52016,-0.782083
-0.927135,0.912966,-2.72983,1.81013,-2.29849,-1.51875,-0.788157
-0.926759,0.910456,-2.73025,1.81074,-2.29725,-1.51734,-0.794237
-0.926385,0.907947,-2.73067,1.81134,-2.29601,-1.51593,-0.800324
-0.926011,0.905442,-2.73109,1.81194,-2.29477,-1.51452,-0.806417
-0.925638,0.902939,-2.73151,1.81253,-2.29354,-1.5131,-0.812515
-0.925266,0.900437,-2.73192,1.81311,-2.2923,-1.51169,-0.818621
-0.924895,0.897939,-2.73234,1.81369,-2.29107,-1.51027,-0.824732
-0.924524,0.895443,-2.73276,1.81426,-2.28984,-1.50885,-0.83085
-0.924155,0.892947,-2.73317,1.81482,-2.28861,-1.50742,-0.836975
-0.923786,0.890456,-2.73359,1.81538,-2.28738,-1.506,-0.843104
-0.923418,0.887967,-2.734,1.81593,-2.28615,-1.50457,-0.84924
-0.923052,0.885478,-2.73442,1.81647,-2.28493,-1.50314,-0.855384
-0.922685,0.882994,-2.73483,1.81701,-2.2837,-1.50171,-0.861532
-0.92232,0.880512,-2.73525,1.81755,-2.28248,-1.50028,-0.867687
-0.921956,0.878031,-2.73566,1.81807,-2.28125,-1.49885,-0.873849
-0.921592,0.875554,-2.73607,1.81859,-2.28003,-1.49741,-0.880016
-0.921229,0.873077,-2.73649,1.8191,-2.27881,-1.49597,-0.88619
-0.920867,0.870605,-2.7369,1.81961,-2.27759,-1.49454,-0.89237
-0.920506,0.868136,-2.73731,1.82011,-2.27638,-1.4931,-0.898555
-0.920146,0.865667,-2.73772,1.82061,-2.27516,-1.49165,-0.904749
-0.919787,0.863202,-2.73813,1.82109,-2.27395,-1.49021,-0.910947
-0.919429,0.86074,-2.73854,1.82158,-2.27273,-1.48877,-0.917151
-0.919071,0.858278,-2.73895,1.82205,-2.27152,-1.48732,-0.923362
-0.918715,0.855821,-2.73936,1.82252,-2.27031,-1.48587,-0.929579
-0.918359,0.853367,-2.73977,1.82298,-2.2691,-1.48442,-0.935802
-0.918005,0.850913,-2.74018,1.82344,-2.26789,-1.48297,-0.942032
-0.917651,0.848464,-2.74059,1.82389,-2.26668,-1.48152,-0.948268
-0.917297,0.846017,-2.74099,1.82433,-2.26547,-1.48007,-0.954509
-0.916946,0.843572,-2.7414,1.82477,-2.26426,-1.47861,-0.960758
-0.916594,0.84113,-2.74181,1.8252,-2.26306,-1.47716,-0.967012
-0.916244,0.838692,-2.74221,1.82562,-2.26185,-1.4757,-0.973272
-0.915895,0.836254,-2.74262,1.82604,-2.26065,-1.47424,-0.979539
-0.915546,0.833821,-2.74302,1.82645,-2.25945,-1.47278,-0.985812
-0.915199,0.831391,-2.74343,1.82685,-2.25824,-1.47132,-0.99209
-0.914853,0.828961,-2.74383,1.82725,-2.25704,-1.46986,-0.998376
-0.914507,0.826536,-2.74424,1.82765,-2.25584,-1.4684,-1.00467
-0.914162,0.824114,-2.74464,1.82803,-2.25464,-1.46693,-1.01096
-0.913819,0.821693,-2.74504,1.82841,-2.25344,-1.46547,-1.01727
-0.913476,0.819277,-2.74544,1.82878,-2.25225,-1.464,-1.02358
-0.913134,0.816863,-2.74585,1.82915,-2.25105,-1.46253,-1.02989
-0.912793,0.814451,-2.74625,1.82951,-2.24985,-1.46107,-1.03622
-0.912453,0.812043,-2.74665,1.82986,-2.24866,-1.4596,-1.04255
-0.912114,0.809638,-2.74705,1.83021,-2.24746,-1.45813,-1.04888
-0.911776,0.807234,-2.74745,1.83055,-2.24627,-1.45666,-1.05522
-0.911439,0.804835,-2.74785,1.83089,-2.24508,-1.45518,-1.06157
-0.911102,0.802439,-2.74824,1.83121,-2.24389,-1.45371,-1.06792
-0.910767,0.800044,-2.74864,1.83154,-2.24269,-1.45224,-1.07428
-0.910433,0.797654,-2.74904,1.83185,-2.2415,-1.45076,-1.08064
-0.9101,0.795267,-2.74944,1.83216,-2.24031,-1.44929,-1.08702
-0.909767,0.792881,-2.74983,1.83246,-2.23912,-1.44781,-1.09339
-0.909436,0.7905,-2.75023,1.83276,-2.23793,-1.44633,-1.09978
-0.909106,0.788122,-2.75062,1.83305,-2.23675,-1.44486,-1.10617
-0.908776,0.785745,-2.75102,1.83333,-2.23556,-1.44338,-1.11256
-0.908448,0.783374,-2.75141,1.83361,-2.23437,-1.4419,-1.11896
-0.90812,0.781005,-2.75181,1.83388,-2.23318,-1.44042,-1.12537
-0.907794,0.778638,-2.7522,1.83414,-2.232,-1.43894,-1.13179
-0.907468,0.776275,-2.75259,1.8344,-2.23081,-1.43746,-1.13821
-0.907144,0.773916,-2.75298,1.83465,-2.22963,-1.43598,-1.14463
-0.90682,0.771558,-2.75337,1.83489,-2.22844,-1.4345,-1.15107
-0.906498,0.769205,-2.75377,1.83513,-2.22726,-1.43301,-1.15751
-0.906176,0.766856,-2.75416,1.83536,-2.22608,-1.43153,-1.16395
-0.905856,0.764508,-2.75455,1.83559,-2.22489,-1.43005,-1.1704
-0.905536,0.762164,-2.75493,1.83581,-2.22371,-1.42856,-1.17686
-0.905218,0.759825,-2.75532,1.83602,-2.22253,-1.42708,-1.18332
-0.9049,0.757486,-2.75571,1.83622,-2.22134,-1.4256,-1.18979
-0.904584,0.755153,-2.7561,1.83642,-2.22016,-1.42411,-1.19626
-0.904268,0.752823,-2.75649,1.83662,-2.21898,-1.42263,-1.20275
-0.903954,0.750495,-2.75687,1.8368,-2.2178,-1.42114,-1.20923
-0.90364,0.748172,-2.75726,1.83698,-2.21662,-1.41965,-1.21573
-0.903327,0.745852,-2.75764,1.83716,-2.21544,-1.41817,-1.22223
-0.903016,0.743534,-2.75803,1.83732,-2.21426,-1.41668,-1.22873
-0.902705,0.741221,-2.75841,1.83748,-2.21308,-1.4152,-1.23524
-0.902396,0.738912,-2.75879,1.83764,-2.2119,-1.41371,-1.24176
-0.902088,0.736604,-2.75918,1.83779,-2.21072,-1.41222,-1.24828
-0.90178,0.734301,-2.75956,1.83793,-2.20954,-1.41074,-1.25481
-0.901474,0.732002,-2.75994,1.83806,-2.20836,-1.40925,-1.26135
-0.901168,0.729705,-2.76032,1.83819,-2.20718,-1.40776,-1.26789
-0.900864,0.727413,-2.7607,1.83831,-2.20601,-1.40628,-1.27444
-0.90056,0.725124,-2.76108,1.83843,-2.20483,-1.40479,-1.28099
-0.900258,0.722837,-2.76146,1.83854,-2.20365,-1.4033,-1.28755
-0.899957,0.720556,-2.76184,1.83864,-2.20247,-1.40182,-1.29412
-0.899657,0.718278,-2.76222,1.83874,-2.20129,-1.40033,-1.30069
-0.899357,0.716002,-2.76259,1.83882,-2.20011,-1.39884,-1.30726
-0.899059,0.713732,-2.76297,1.83891,-2.19894,-1.39736,-1.31385
-0.898762,0.711465,-2.76335,1.83898,-2.19776,-1.39587,-1.32044
-0.898466,0.7092,-2.76372,1.83905,-2.19658,-1.39438,-1.32703
-0.898171,0.706941,-2.7641,1.83912,-2.1954,-1.3929,-1.33363
-0.897877,0.704685,-2.76447,1.83918,-2.19423,-1.39141,-1.34024
-0.897584,0.702431,-2.76484,1.83923,-2.19305,-1.38993,-1.34685
-0.897292,0.700183,-2.76522,1.83927,-2.19187,-1.38844,-1.35347
-0.897001,0.697938,-2.76559,1.83931,-2.19069,-1.38696,-1.3601
-0.896711,0.695696,-2.76596,1.83934,-2.18951,-1.38547,-1.36673
-0.896422,0.693458,-2.76633,1.83937,-2.18833,-1.38399,-1.37337
-0.896134,0.691225,-2.7667,1.83938,-2.18716,-1.38251,-1.38001
-0.895848,0.688994,-2.76707,1.8394,-2.18598,-1.38102,-1.38666
-0.895562,0.686769,-2.76744,1.8394,-2.1848,-1.37954,-1.39331
-0.895277,0.684547,-2.76781,1.8394,-2.18362,-1.37806,-1.39997
-0.894994,0.682327,-2.76817,1.83939,-2.18244,-1.37658,-1.40664
-0.894711,0.680113,-2.76854,1.83938,-2.18126,-1.37509,-1.41331
-0.89443,0.677903,-2.76891,1.83936,-2.18008,-1.37361,-1.41999
-0.894149,0.675696,-2.76927,1.83933,-2.1789,-1.37213,-1.42667
-0.89387,0.673493,-2.76963,1.8393,-2.17772,-1.37065,-1.43336
-0.893591,0.671295,-2.77,1.83926,-2.17654,-1.36918,-1.44006
-0.893314,0.6691,-2.77036,1.83921,-2.17536,-1.3677,-1.44676
-0.893038,0.666909,-2.77072,1.83916,-2.17418,-1.36622,-1.45347
-0.892763,0.664723,-2.77109,1.8391,-2.173,-1.36474,-1.46018
-0.892489,0.662539,-2.77145,1.83904,-2.17182,-1.36327,-1.4669
-0.892216,0.660361,-2.77181,1.83897,-2.17064,-1.36179,-1.47362
-0.891944,0.658187,-2.77217,1.83889,-2.16946,-1.36032,-1.48035
-0.891673,0.656015,-2.77252,1.8388,-2.16827,-1.35884,-1.48709
-0.891403,0.653849,-2.77288,1.83871,-2.16709,-1.35737,-1.49383
-0.891135,0.651688,-2.77324,1.83861,-2.16591,-1.3559,-1.50058
-0.890867,0.649529,-2.7736,1.83851,-2.16473,-1.35442,-1.50733
-0.890601,0.647375,-2.77395,1.8384,-2.16354,-1.35295,-1.51409
-0.890335,0.645226,-2.77431,1.83828,-2.16236,-1.35148,-1.52086
-0.890071,0.643079,-2.77466,1.83816,-2.16117,-1.35001,-1.52763
-0.889807,0.640938,-2.77501,1.83803,-2.15999,-1.34855,-1.5344
-0.889545,0.638801,-2.77537,1.83789,-2.1588,-1.34708,-1.54119
-0.889284,0.636667,-2.77572,1.83775,-2.15761,-1.34561,-1.54797
-0.889024,0.634539,-2.77607,1.8376,-2.15643,-1.34415,-1.55477
-0.888765,0.632415,-2.77642,1.83744,-2.15524,-1.34269,-1.56157
-0.888507,0.630294,-2.77677,1.83728,-2.15405,-1.34122,-1.56837
-0.88825,0.628178,-2.77712,1.83711,-2.15286,-1.33976,-1.57518
-0.887994,0.626067,-2.77747,1.83694,-2.15167,-1.3383,-1.582
-0.887739,0.623959,-2.77781,1.83676,-2.15048,-1.33684,-1.58882
-0.887486,0.621856,-2.77816,1.83657,-2.14929,-1.33538,-1.59565
-0.887233,0.619758,-2.77851,1.83637,-2.1481,-1.33393,-1.60248
-0.886982,0.617663,-2.77885,1.83617,-2.14691,-1.33247,-1.60932
-0.886731,0.615573,-2.7792,1.83597,-2.14572,-1.33102,-1.61617
-0.886482,0.613488,-2.77954,1.83575,-2.14453,-1.32956,-1.62302
-0.886234,0.611406,-2.77988,1.83553,-2.14333,-1.32811,-1.62988
-0.885987,0.60933,-2.78022,1.83531,-2.14214,-1.32666,-1.63674
-0.885741,0.607259,-2.78056,1.83507,-2.14094,-1.32521,-1.6436
-0.885496,0.60519,-2.7809,1.83483,-2.13975,-1.32376,-1.65048
-0.885252,0.603127,-2.78124,1.83459,-2.13855,-1.32232,-1.65736
-0.885009,0.601069,-2.78158,1.83433,-2.13735,-1.32087,-1.66424
-0.884768,0.599014,-2.78192,1.83408,-2.13615,-1.31943,-1.67113
-0.884527,0.596965,-2.78225,1.83381,-2.13496,-1.31799,-1.67802
-0.884288,0.594919,-2.78259,1.83354,-2.13376,-1.31655,-1.68493
-0.884049,0.592878,-2.78293,1.83326,-2.13256,-1.31511,-1.69183
-0.883812,0.590843,-2.78326,1.83298,-2.13135,-1.31367,-1.69874
-0.883576,0.588811,-2.78359,1.83268,-2.13015,-1.31223,-1.70566
-0.883341,0.586784,-2.78392,1.83239,-2.12895,-1.3108,-1.71259
-0.883107,0.584763,-2.78426,1.83208,-2.12775,-1.30937,-1.71951
-0.882874,0.582744,-2.78459,1.83177,-2.12654,-1.30794,-1.72645
-0.882642,0.580732,-2.78492,1.83146,-2.12533,-1.30651,-1.73339
-0.882411,0.578724,-2.78524,1.83113,-2.12413,-1.30508,-1.74033
-0.882182,0.57672,-2.78557,1.8308,-2.12292,-1.30365,-1.74728
-0.881953,0.574721,-2.7859,1.83047,-2.12171,-1.30223,-1.75424
-0.881726,0.572728,-2.78623,1.83013,-2.1205,-1.30081,-1.7612
-0.8815,0.570737,-2.78655,1.82978,-2.11929,-1.29939,-1.76817
-0.881275,0.568753,-2.78687,1.82942,-2.11808,-1.29797,-1.77514
-0.88105,0.566774,-2.7872,1.82906,-2.11687,-1.29655,-1.78212
-0.880828,0.564798,-2.78752,1.82869,-2.11565,-1.29513,-1.7891
-0.880606,0.562828,-2.78784,1.82832,-2.11444,-1.29372,-1.79609
-0.880385,0.560863,-2.78816,1.82794,-2.11323,-1.29231,-1.80308
-0.880165,0.558901,-2.78848,1.82755,-2.11201,-1.2909,-1.81008
-0.879947,0.556945,-2.7888,1.82716,-2.11079,-1.28949,-1.81709
-0.879729,0.554995,-2.78912,1.82676,-2.10957,-1.28809,-1.8241
-0.879513,0.553048,-2.78943,1.82635,-2.10835,-1.28668,-1.83111
-0.879298,0.551107,-2.78975,1.82594,-2.10713,-1.28528,-1.83814
-0.879084,0.549171,-2.79006,1.82552,-2.10591,-1.28388,-1.84516
-0.878871,0.547238,-2.79038,1.82509,-2.10469,-1.28248,-1.85219
-0.878659,0.545312,-2.79069,1.82466,-2.10346,-1.28109,-1.85923
-0.878448,0.543391,-2.791,1.82422,-2.10224,-1.27969,-1.86627
-0.878238,0.541473,-2.79131,1.82378,-2.10101,-1.2783,-1.87332
-0.87803,0.539561,-2.79162,1.82332,-2.09979,-1.27691,-1.88037
-0.877822,0.537655,-2.79193,1.82287,-2.09856,-1.27553,-1.88743
-0.877616,0.535752,-2.79224,1.8224,-2.09733,-1.27414,-1.8945
-0.877411,0.533855,-2.79255,1.82193,-2.0961,-1.27276,-1.90156
-0.877207,0.531964,-2.79285,1.82146,-2.09486,-1.27138,-1.90864
-0.877004,0.530076,-2.79316,1.82097,-2.09363,-1.27,-1.91572
-0.876802,0.528194,-2.79346,1.82048,-2.0924,-1.26862,-1.9228
-0.876601,0.526318,-2.79376,1.81999,-2.09116,-1.26725,-1.92989
-0.876402,0.524445,-2.79407,1.81949,-2.08992,-1.26588,-1.93699
-0.876203,0.522579,-2.79437,1.81898,-2.08868,-1.26451,-1.94409
-0.876006,0.520718,-2.79467,1.81846,-2.08745,-1.26314,-1.95119
-0.875809,0.51886,-2.79497,1.81794,-2.0862,-1.26178,-1.9583
-0.875614,0.517009,-2.79526,1.81741,-2.08496,-1.26041,-1.96542
-0.87542,0.515163,-2.79556,1.81688,-2.08372,-1.25905,-1.97254
-0.875227,0.51332,-2.79586,1.81634,-2.08247,-1.2577,-1.97967
-0.875035,0.511485,-2.79615,1.81579,-2.08123,-1.25634,-1.9868
-0.874844,0.509654,-2.79644,1.81524,-2.07998,-1.25499,-1.99393
-0.874655,0.507827,-2.79674,1.81468,-2.07873,-1.25364,-2.00108
-0.874466,0.506007,-2.79703,1.81412,-2.07748,-1.25229,-2.00822
-0.874279,0.504192,-2.79732,1.81354,-2.07623,-1.25095,-2.01537
-0.874093,0.502381,-2.79761,1.81296,-2.07498,-1.2496,-2.02253
-0.873908,0.500576,-2.79789,1.81238,-2.07372,-1.24827,-2.02969
-0.873724,0.498776,-2.79818,1.81179,-2.07247,-1.24693,-2.03686
-0.873541,0.496981,-2.79847,1.81119,-2.07121,-1.24559,-2.04403
-0.873359,0.495192,-2.79875,1.81059,-2.06995,-1.24426,-2.05121
-0.873178,0.493408,-2.79904,1.80998,-2.06869,-1.24293,-2.05839
-0.872999,0.491628,-2.79932,1.80936,-2.06743,-1.2416,-2.06558
-0.87282,0.489855,-2.7996,1.80874,-2.06617,-1.24028,-2.07277
-0.872643,0.488087,-2.79988,1.80811,-2.06491,-1.23896,-2.07997
-0.872467,0.486323,-2.80016,1.80748,-2.06364,-1.23764,-2.08717
-0.872292,0.484565,-2.80044,1.80683,-2.06237,-1.23633,-2.09438
-0.872118,0.482814,-2.80071,1.80619,-2.06111,-1.23501,-2.10159
-0.871945,0.481065,-2.80099,1.80553,-2.05984,-1.2337,-2.10881
-0.871773,0.479324,-2.80126,1.80487,-2.05856,-1.23239,-2.11603
-0.871603,0.477588,-2.80154,1.80421,-2.05729,-1.23109,-2.12326
-0.871433,0.475856,-2.80181,1.80353,-2.05602,-1.22979,-2.13049
-0.871265,0.474131,-2.80208,1.80285,-2.05474,-1.22849,-2.13773
-0.871098,0.472411,-2.80235,1.80217,-2.05347,-1.22719,-2.14497
-0.870932,0.470695,-2.80262,1.80147,-2.05219,-1.2259,-2.15222
-0.870767,0.468986,-2.80289,1.80078,-2.05091,-1.22461,-2.15947
-0.870603,0.467282,-2.80315,1.80007,-2.04963,-1.22332,-2.16673
-0.87044,0.465582,-2.80342,1.79936,-2.04834,-1.22204,-2.17399
-0.870278,0.463889,-2.80368,1.79864,-2.04706,-1.22076,-2.18125
-0.870118,0.462202,-2.80395,1.79792,-2.04577,-1.21948,-2.18853
-0.869959,0.460519,-2.80421,1.79719,-2.04448,-1.2182,-2.1958
-0.8698,0.458842,-2.80447,1.79646,-2.04319,-1.21693,-2.20308
-0.869643,0.457171,-2.80473,1.79571,-2.0419,-1.21566,-2.21037
-0.869487,0.455504,-2.80498,1.79497,-2.04061,-1.21439,-2.21766
-0.869332,0.453844,-2.80524,1.79421,-2.03932,-1.21313,-2.22496
-0.869178,0.452189,-2.8055,1.79345,-2.03802,-1.21187,-2.23226
-0.869026,0.450539,-2.80575,1.79268,-2.03672,-1.21061,-2.23956
-0.868874,0.448895,-2.806,1.79191,-2.03543,-1.20936,-2.24687
-0.868723,0.447257,-2.80626,1.79113,-2.03413,-1.20811,-2.25419
-0.868574,0.445623,-2.80651,1.79034,-2.03282,-1.20686,-2.26151
-0.868426,0.443996,-2.80676,1.78955,-2.03152,-1.20562,-2.26883
-0.868279,0.442375,-2.807,1.78875,-2.03021,-1.20438,-2.27616
-0.868133,0.440758,-2.80725,1.78795,-2.02891,-1.20314,-2.28349
-0.867988,0.439147,-2.8075,1.78714,-2.0276,-1.2019,-2.29083
-0.867844,0.437542,-2.80774,1.78632,-2.02629,-1.20067,-2.29817
-0.867701,0.435942,-2.80798,1.7855,-2.02498,-1.19944,-2.30552
-0.86756,0.434348,-2.80823,1.78467,-2.02366,-1.19822,-2.31287
-0.867419,0.43276,-2.80847,1.78383,-2.02235,-1.197,-2.32023
-0.86728,0.431177,-2.80871,1.78299,-2.02103,-1.19578,-2.32759
-0.867142,0.4296,-2.80894,1.78214,-2.01972,-1.19456,-2.33496
-0.867004,0.428029,-2.80918,1.78129,-2.0184,-1.19335,-2.34233
-0.866869,0.426462,-2.80942,1.78043,-2.01707,-1.19214,-2.3497
-0.866734,0.424902,-2.80965,1.77956,-2.01575,-1.19094,-2.35708
-0.8666,0.423348,-2.80988,1.77869,-2.01443,-1.18974,-2.36447
-0.866467,0.421798,-2.81011,1.77781,-2.0131,-1.18854,-2.37186
-0.866335,0.420255,-2.81034,1.77692,-2.01177,-1.18734,-2.37925
-0.866205,0.418718,-2.81057,1.77603,-2.01044,-1.18615,-2.38665
-0.866076,0.417185,-2.8108,1.77513,-2.00911,-1.18496,-2.39405
-0.865947,0.415659,-2.81103,1.77423,-2.00778,-1.18378,-2.40146
-0.86582,0.414139,-2.81125,1.77332,-2.00644,-1.1826,-2.40887
-0.865694,0.412623,-2.81148,1.7724,-2.00511,-1.18142,-2.41629
-0.865569,0.411114,-2.8117,1.77148,-2.00377,-1.18025,-2.42371
-0.865445,0.409611,-2.81192,1.77055,-2.00243,-1.17908,-2.43113
-0.865322,0.408112,-2.81214,1.76962,-2.00109,-1.17791,-2.43856
-0.8652,0.406621,-2.81236,1.76867,-1.99975,-1.17675,-2.446
-0.86508,0.405135,-2.81257,1.76773,-1.9984,-1.17559,-2.45343
-0.86496,0.403653,-2.81279,1.76677,-1.99706,-1.17443,-2.46088
-0.864842,0.402179,-2.813,1.76581,-1.99571,-1.17328,-2.46833
-0.864724,0.40071,-2.81322,1.76485,-1.99436,-1.17213,-2.47578
-0.864608,0.399246,-2.81343,1.76388,-1.99301,-1.17099,-2.48323
-0.864493,0.397789,-2.81364,1.7629,-1.99165,-1.16985,-2.49069
-0.864379,0.396338,-2.81385,1.76191,-1.9903,-1.16871,-2.49816
-0.864266,0.394891,-2.81405,1.76092,-1.98894,-1.16757,-2.50563
-0.864154,0.393451,-2.81426,1.75993,-1.98758,-1.16644,-2.5131
-0.864043,0.392017,-2.81446,1.75892,-1.98622,-1.16532,-2.52058
-0.863933,0.390588,-2.81467,1.75791,-1.98486,-1.16419,-2.52806
-0.863825,0.389165,-2.81487,1.7569,-1.9835,-1.16308,-2.53555
-0.863717,0.387747,-2.81507,1.75588,-1.98213,-1.16196,-2.54304
-0.863611,0.386336,-2.81527,1.75485,-1.98077,-1.16085,-2.55053
-0.863505,0.384931,-2.81546,1.75382,-1.9794,-1.15974,-2.55803
-0.863401,0.383531,-2.81566,1.75278,-1.97803,-1.15864,-2.56554
-0.863297,0.382138,-2.81585,1.75173,-1.97666,-1.15754,-2.57305
-0.863195,0.38075,-2.81605,1.75068,-1.97528,-1.15644,-2.58056
-0.863094,0.379367,-2.81624,1.74962,-1.97391,-1.15535,-2.58807
-0.862994,0.377991,-2.81643,1.74856,-1.97253,-1.15426,-2.59559
-0.862895,0.376622,-2.81662,1.74749,-1.97115,-1.15318,-2.60312
-0.862797,0.375256,-2.81681,1.74641,-1.96977,-1.15209,-2.61065
-0.8627,0.373898,-2.81699,1.74533,-1.96839,-1.15102,-2.61818
-0.862604,0.372546,-2.81718,1.74424,-1.96701,-1.14995,-2.62572
-0.862509,0.371198,-2.81736,1.74315,-1.96562,-1.14888,-2.63326
-0.862416,0.369857,-2.81754,1.74204,-1.96424,-1.14781,-2.6408
-0.862323,0.368523,-2.81772,1.74094,-1.96285,-1.14675,-2.64835
-0.862231,0.367193,-2.8179,1.73982,-1.96146,-1.14569,-2.65591
-0.862141,0.36587,-2.81808,1.73871,-1.96007,-1.14464,-2.66347
-0.862051,0.364553,-2.81825,1.73758,-1.95867,-1.14359,-2.67103
-0.861963,0.36324,-2.81843,1.73645,-1.95728,-1.14255,-2.67859
-0.861875,0.361935,-2.8186,1.73531,-1.95588,-1.1415,-2.68616
-0.861789,0.360636,-2.81877,1.73417,-1.95448,-1.14047,-2.69374
-0.861703,0.359341,-2.81894,1.73302,-1.95308,-1.13943,-2.70132
-0.861619,0.358054,-2.81911,1.73186,-1.95168,-1.13841,-2.7089
-0.861535,0.356772,-2.81928,1.7307,-1.95028,-1.13738,-2.71648
-0.861453,0.355495,-2.81944,1.72953,-1.94887,-1.13636,-2.72407
-0.861372,0.354226,-2.81961,1.72836,-1.94746,-1.13534,-2.73167
-0.861292,0.352962,-2.81977,1.72718,-1.94606,-1.13433,-2.73926
-0.861213,0.351703,-2.81993,1.72599,-1.94465,-1.13332,-2.74687
-0.861134,0.350451,-2.82009,1.7248,-1.94323,-1.13232,-2.75447
-0.861057,0.349205,-2.82025,1.7236,-1.94182,-1.13132,-2.76208
-0.860981,0.347964,-2.82041,1.7224,-1.94041,-1.13032,-2.7697
-0.860906,0.34673,-2.82056,1.72119,-1.93899,-1.12933,-2.77731
-0.860832,0.345502,-2.82071,1.71997,-1.93757,-1.12834,-2.78493
-0.860759,0.344279,-2.82087,1.71875,-1.93615,-1.12736,-2.79256
-0.860686,0.343062,-2.82102,1.71752,-1.93473,-1.12638,-2.80019
-0.860615,0.341852,-2.82117,1.71628,-1.93331,-1.1254,-2.80782
-0.860545,0.340647,-2.82131,1.71504,-1.93188,-1.12443,-2.81546
-0.860476,0.339449,-2.82146,1.7138,-1.93045,-1.12347,-2.8231
-0.860408,0.338256,-2.8216,1.71254,-1.92903,-1.1225,-2.83074
-0.860341,0.337069,-2.82175,1.71128,-1.9276,-1.12155,-2.83839
-0.860274,0.335889,-2.82189,1.71002,-1.92617,-1.12059,-2.84604
-0.860209,0.334715,-2.82203,1.70875,-1.92473,-1.11964,-2.8537
-0.860145,0.333545,-2.82217,1.70747,-1.9233,-1.1187,-2.86136
-0.860082,0.332383,-2.8223,1.70619,-1.92186,-1.11776,-2.86902
-0.860019,0.331227,-2.82244,1.7049,-1.92043,-1.11682,-2.87669
-0.859958,0.330075,-2.82257,1.7036,-1.91899,-1.11589,-2.88436
-0.859898,0.328931,-2.82271,1.7023,-1.91755,-1.11496,-2.89203
-0.859838,0.327793,-2.82284,1.70099,-1.91611,-1.11404,-2.89971
-0.85978,0.32666,-2.82297,1.69968,-1.91466,-1.11312,-2.90739
-0.859723,0.325533,-2.82309,1.69836,-1.91322,-1.1122,-2.91508
-0.859666,0.324413,-2.82322,1.69703,-1.91177,-1.11129,-2.92277
-0.859611,0.323298,-2.82334,1.6957,-1.91032,-1.11038,-2.93046
-0.859556,0.32219,-2.82347,1.69436,-1.90887,-1.10948,-2.93816
-0.859502,0.321088,-2.82359,1.69302,-1.90742,-1.10859,-2.94585
-0.85945,0.31999,-2.82371,1.69167,-1.90597,-1.10769,-2.95356
-0.859398,0.3189,-2.82383,1.69031,-1.90451,-1.1068,-2.96127
-0.859347,0.317816,-2.82394,1.68895,-1.90306,-1.10592,-2.96898
-0.859297,0.316737,-2.82406,1.68758,-1.9016,-1.10504,-2.97669
-0.859248,0.315665,-2.82417,1.68621,-1.90014,-1.10416,-2.98441
1.67409,-1.3491,1.94701,1.68463,-2.96706,-1.86014,2.47259
1.5975,-1.0838,1.7287,1.68333,-2.6548,-1.77051,2.73267
1.59734,-1.08159,1.72867,1.68204,-2.65336,-1.76949,2.72795
1.59717,-1.07927,1.72883,1.68065,-2.65123,-1.76839,2.72241
1.597,-1.07695,1.72901,1.67925,-2.64901,-1.76727,2.71675
1.59683,-1.07463,1.7292,1.67784,-2.64678,-1.76615,2.71108
1.59666,-1.07231,1.72938,1.67642,-2.64456,-1.76503,2.70541
1.59649,-1.07,1.72955,1.675,-2.64234,-1.7639,2.69973
1.59633,-1.06769,1.72973,1.67357,-2.64013,-1.76278,2.69404
1.59616,-1.06538,1.7299,1.67213,-2.63792,-1.76164,2.68834
1.596,-1.06307,1.73007,1.67069,-2.63571,-1.76051,2.68264
1.59584,-1.06077,1.73023,1.66925,-2.63351,-1.75937,2.67694
1.59567,-1.05848,1.73039,1.66779,-2.63131,-1.75823,2.67123
1.59551,-1.05618,1.73055,1.66633,-2.62912,-1.75709,2.66551
1.59536,-1.05389,1.73071,1.66487,-2.62693,-1.75594,2.65979
1.5952,-1.05161,1.73086,1.6634,-2.62475,-1.7548,2.65406
1.59504,-1.04932,1.73101,1.66192,-2.62257,-1.75365,2.64833
1.59489,-1.04705,1.73115,1.66044,-2.62039,-1.75249,2.64259
1.59474,-1.04477,1.7313,1.65895,-2.61822,-1.75134,2.63684
1.59459,-1.0425,1.73144,1.65745,-2.61605,-1.75018,2.63109
1.59444,-1.04023,1.73157,1.65595,-2.61389,-1.74902,2.62534
1.59429,-1.03797,1.7317,1.65445,-2.61174,-1.74786,2.61958
1.59415,-1.03571,1.73184,1.65293,-2.60958,-1.74669,2.61381
1.594,-1.03345,1.73196,1.65141,-2.60743,-1.74552,2.60803
1.59386,-1.0312,1.73208,1.64989,-2.60529,-1.74435,2.60225
1.59372,-1.02895,1.7322,1.64835,-2.60315,-1.74318,2.59647
1.59358,-1.0267,1.73232,1.64682,-2.60101,-1.74201,2.59068
1.59345,-1.02446,1.73243,1.64527,-2.59888,-1.74083,2.58488
1.59331,-1.02222,1.73254,1.64372,-2.59675,-1.73965,2.57907
1.59318,-1.01999,1.73265,1.64217,-2.59463,-1.73847,2.57327
1.59305,-1.01776,1.73275,1.64061,-2.59251,-1.73728,2.56745
1.59292,-1.01553,1.73285,1.63904,-2.5904,-1.7361,2.56163
1.5928,-1.01331,1.73295,1.63746,-2.58829,-1.73491,2.5558
1.59267,-1.01109,1.73304,1.63588,-2.58618,-1.73372,2.54997
1.59255,-1.00887,1.73313,1.6343,-2.58408,-1.73253,2.54413
1.59243,-1.00666,1.73322,1.6327,-2.58198,-1.73134,2.53829
1.59231,-1.00445,1.7333,1.63111,-2.57989,-1.73014,2.53244
1.5922,-1.00225,1.73338,1.6295,-2.5778,-1.72895,2.52658
1.59208,-1.00005,1.73346,1.62789,-2.57572,-1.72775,2.52072
1.59197,-0.997854,1.73353,1.62627,-2.57364,-1.72655,2.51485
1.59187,-0.995662,1.7336,1.62465,-2.57157,-1.72534,2.50898
1.59176,-0.993475,1.73366,1.62302,-2.5695,-1.72414,2.5031
1.59166,-0.991291,1.73372,1.62139,-2.56743,-1.72293,2.49721
1.59156,-0.989111,1.73378,1.61975,-2.56537,-1.72173,2.49132
1.59146,-0.986936,1.73383,1.6181,-2.56331,-1.72052,2.48542
1.59136,-0.984765,1.73388,1.61645,-2.56126,-1.71931,2.47951
1.59127,-0.982597,1.73393,1.61479,-2.55921,-1.7181,2.4736
1.59118,-0.980433,1.73398,1.61312,-2.55717,-1.71688,2.46769
1.59109,-0.978274,1.73401,1.61145,-2.55513,-1.71567,2.46177
1.591,-0.976119,1.73405,1.60977,-2.55309,-1.71445,2.45584
1.59092,-0.973968,1.73408,1.60809,-2.55106,-1.71323,2.4499
1.59084,-0.971821,1.73411,1.6064,-2.54904,-1.71201,2.44396
1.59077,-0.969678,1.73414,1.6047,-2.54701,-1.71079,2.43801
1.59069,-0.967539,1.73416,1.603,-2.545,-1.70957,2.43206
1.59062,-0.965405,1.73418,1.60129,-2.54298,-1.70835,2.4261
1.59055,-0.963274,1.73419,1.59958,-2.54098,-1.70712,2.42014
1.59049,-0.961148,1.7342,1.59786,-2.53897,-1.7059,2.41417
1.59043,-0.959027,1.7342,1.59613,-2.53697,-1.70467,2.40819
1.59037,-0.956908,1.73421,1.5944,-2.53498,-1.70344,2.40221
1.59031,-0.954795,1.73421,1.59266,-2.53298,-1.70221,2.39622
1.59026,-0.952685,1.7342,1.59091,-2.531,-1.70098,2.39022
1.59021,-0.95058,1.73419,1.58916,-2.52902,-1.69975,2.38422
1.59016,-0.94848,1.73418,1.5874,-2.52704,-1.69852,2.37821
1.59012,-0.946383,1.73416,1.58564,-2.52506,-1.69729,2.3722
1.59008,-0.944291,1.73414,1.58387,-2.52309,-1.69605,2.36618
1.59004,-0.942204,1.73411,1.58209,-2.52113,-1.69482,2.36015
1.59001,-0.94012,1.73409,1.58031,-2.51917,-1.69358,2.35412
1.58998,-0.938041,1.73405,1.57852,-2.51721,-1.69235,2.34808
1.58996,-0.935966,1.73402,1.57673,-2.51526,-1.69111,2.34204
1.58993,-0.933895,1.73398,1.57492,-2.51331,-1.68987,2.33598
1.58992,-0.93183,1.73393,1.57312,-2.51137,-1.68863,2.32993
1.5899,-0.929768,1.73388,1.5713,-2.50943,-1.6874,2.32386
1.58989,-0.927711,1.73383,1.56948,-2.5075,-1.68616,2.31779
1.58988,-0.925658,1.73377,1.56766,-2.50557,-1.68492,2.31172
1.58988,-0.92361,1.73371,1.56583,-2.50365,-1.68367,2.30564
1.58988,-0.921566,1.73364,1.56399,-2.50172,-1.68243,2.29955
1.58988,-0.919527,1.73357,1.56214,-2.49981,-1.68119,2.29345
1.58989,-0.917492,1.7335,1.56029,-2.4979,-1.67995,2.28735
1.5899,-0.915461,1.73342,1.55843,-2.49599,-1.6787,2.28124
1.58992,-0.913436,1.73334,1.55657,-2.49409,-1.67746,2.27513
1.58994,-0.911415,1.73325,1.5547,-2.49219,-1.67622,2.26901
1.58996,-0.909397,1.73316,1.55283,-2.49029,-1.67497,2.26289
1.58999,-0.907385,1.73307,1.55094,-2.4884,-1.67373,2.25675
1.59002,-0.905378,1.73297,1.54906,-2.48652,-1.67248,2.25062
1.59006,-0.903374,1.73287,1.54716,-2.48464,-1.67124,2.24447
1.5901,-0.901376,1.73276,1.54526,-2.48276,-1.66999,2.23832
1.59015,-0.899382,1.73265,1.54335,-2.48089,-1.66875,2.23216
1.5902,-0.897393,1.73253,1.54144,-2.47902,-1.6675,2.226
1.59025,-0.895408,1.73241,1.53952,-2.47716,-1.66626,2.21983
1.59031,-0.893429,1.73228,1.53759,-2.4753,-1.66501,2.21365
1.59037,-0.891453,1.73215,1.53566,-2.47344,-1.66377,2.20747
1.59044,-0.889482,1.73202,1.53372,-2.47159,-1.66252,2.20128
1.59051,-0.887517,1.73188,1.53177,-2.46975,-1.66128,2.19509
1.59059,-0.885555,1.73174,1.52982,-2.46791,-1.66003,2.18888
1.59067,-0.883599,1.73159,1.52786,-2.46607,-1.65878,2.18268
1.59075,-0.881647,1.73144,1.5259,-2.46424,-1.65754,2.17646
1.59085,-0.8797,1.73128,1.52392,-2.46241,-1.65629,2.17024
1.59094,-0.877758,1.73112,1.52195,-2.46059,-1.65505,2.16401
1.59104,-0.875821,1.73096,1.51996,-2.45877,-1.6538,2.15778
1.59115,-0.873887,1.73079,1.51797,-2.45695,-1.65256,2.15154
1.59126,-0.87196,1.73061,1.51598,-2.45514,-1.65131,2.1453
1.59138,-0.870037,1.73043,1.51397,-2.45334,-1.65007,2.13904
1.5915,-0.868118,1.73025,1.51196,-2.45154,-1.64883,2.13278
1.59162,-0.866205,1.73006,1.50995,-2.44974,-1.64758,2.12652
1.59175,-0.864297,1.72986,1.50792,-2.44795,-1.64634,2.12025
1.59189,-0.862393,1.72967,1.50589,-2.44616,-1.6451,2.11397
1.59203,-0.860494,1.72946,1.50386,-2.44438,-1.64386,2.10769
1.59218,-0.858601,1.72925,1.50182,-2.4426,-1.64261,2.1014
1.59233,-0.856711,1.72904,1.49977,-2.44083,-1.64137,2.0951
1.59249,-0.854827,1.72882,1.49771,-2.43906,-1.64013,2.08879
1.59266,-0.852949,1.7286,1.49565,-2.43729,-1.63889,2.08248
1.59283,-0.851074,1.72838,1.49358,-2.43553,-1.63765,2.07617
1.593,-0.849205,1.72814,1.49151,-2.43377,-1.63641,2.06984
1.59318,-0.847341,1.72791,1.48942,-2.43202,-1.63518,2.06351
1.59337,-0.845482,1.72767,1.48733,-2.43027,-1.63394,2.05718
1.59356,-0.843628,1.72742,1.48524,-2.42853,-1.6327,2.05084
1.59376,-0.841779,1.72717,1.48314,-2.42679,-1.63147,2.04449
1.59397,-0.839935,1.72691,1.48103,-2.42506,-1.63023,2.03813
1.59418,-0.838096,1.72665,1.47892,-2.42333,-1.629,2.03177
1.59439,-0.836262,1.72638,1.47679,-2.42161,-1.62776,2.0254
1.59462,-0.834433,1.72611,1.47466,-2.41989,-1.62653,2.01903
1.59484,-0.83261,1.72583,1.47253,-2.41817,-1.6253,2.01265
1.59508,-0.830791,1.72555,1.47039,-2.41646,-1.62407,2.00626
1.59532,-0.828977,1.72526,1.46824,-2.41475,-1.62284,1.99986
1.59557,-0.827169,1.72497,1.46608,-2.41305,-1.62161,1.99346
1.59582,-0.825367,1.72467,1.46392,-2.41135,-1.62038,1.98706
1.59608,-0.823568,1.72437,1.46175,-2.40966,-1.61916,1.98064
1.59635,-0.821776,1.72406,1.45958,-2.40797,-1.61793,1.97422
1.59662,-0.819989,1.72375,1.4574,-2.40629,-1.61671,1.96779
1.5969,-0.818206,1.72343,1.45521,-2.40461,-1.61548,1.96136
1.59719,-0.816429,1.72311,1.45301,-2.40294,-1.61426,1.95492
1.59748,-0.814658,1.72278,1.45081,-2.40127,-1.61304,1.94847
1.59778,-0.812891,1.72245,1.4486,-2.3996,-1.61182,1.94202
1.59809,-0.81113,1.72211,1.44638,-2.39794,-1.6106,1.93556
1.5984,-0.809374,1.72176,1.44416,-2.39629,-1.60939,1.92909
1.59873,-0.807623,1.72141,1.44193,-2.39463,-1.60817,1.92262
1.59905,-0.805878,1.72106,1.43969,-2.39299,-1.60696,1.91614
1.59939,-0.804139,1.7207,1.43745,-2.39135,-1.60574,1.90966
1.59973,-0.802404,1.72033,1.4352,-2.38971,-1.60453,1.90316
1.60008,-0.800675,1.71996,1.43294,-2.38808,-1.60332,1.89666
1.60044,-0.798952,1.71958,1.43067,-2.38645,-1.60211,1.89016
1.6008,-0.797233,1.7192,1.4284,-2.38483,-1.6009,1.88364
1.60117,-0.795521,1.71881,1.42612,-2.38321,-1.5997,1.87712
1.60155,-0.793814,1.71842,1.42384,-2.3816,-1.5985,1.8706
1.60194,-0.792111,1.71802,1.42154,-2.37999,-1.59729,1.86406
1.60233,-0.790415,1.71761,1.41924,-2.37838,-1.59609,1.85753
1.60274,-0.788725,1.7172,1.41693,-2.37679,-1.59489,1.85098
1.60315,-0.787039,1.71679,1.41462,-2.37519,-1.59369,1.84443
1.60356,-0.785359,1.71637,1.4123,-2.3736,-1.5925,1.83787
1.60399,-0.783686,1.71594,1.40997,-2.37202,-1.5913,1.8313
1.60442,-0.782017,1.71551,1.40763,-2.37044,-1.59011,1.82473
1.60486,-0.780354,1.71507,1.40529,-2.36886,-1.58892,1.81815
1.60531,-0.778697,1.71462,1.40294,-2.36729,-1.58773,1.81156
1.60577,-0.777044,1.71417,1.40058,-2.36573,-1.58654,1.80497
1.60624,-0.775398,1.71372,1.39822,-2.36417,-1.58536,1.79837
1.60671,-0.773758,1.71325,1.39584,-2.36262,-1.58417,1.79176
1.60719,-0.772123,1.71279,1.39346,-2.36107,-1.58299,1.78515
1.60768,-0.770494,1.71231,1.39108,-2.35952,-1.58181,1.77853
1.60818,-0.768871,1.71183,1.38868,-2.35798,-1.58064,1.7719
1.60869,-0.767253,1.71135,1.38628,-2.35645,-1.57946,1.76527
1.60921,-0.765642,1.71086,1.38387,-2.35492,-1.57829,1.75863
1.60973,-0.764036,1.71036,1.38145,-2.35339,-1.57711,1.75198
1.61026,-0.762435,1.70986,1.37903,-2.35187,-1.57594,1.74533
1.61081,-0.760841,1.70935,1.3766,-2.35036,-1.57478,1.73867
1.61136,-0.759253,1.70883,1.37416,-2.34885,-1.57361,1.732
1.61192,-0.757669,1.70831,1.37171,-2.34734,-1.57245,1.72532
1.61249,-0.756093,1.70778,1.36926,-2.34584,-1.57128,1.71864
1.61306,-0.754522,1.70725,1.3668,-2.34435,-1.57013,1.71196
1.61365,-0.752957,1.70671,1.36433,-2.34286,-1.56897,1.70526
1.61425,-0.751398,1.70617,1.36185,-2.34138,-1.56781,1.69856
1.61485,-0.749845,1.70562,1.35936,-2.3399,-1.56666,1.69185
1.61547,-0.748297,1.70506,1.35687,-2.33842,-1.56551,1.68513
1.61609,-0.746756,1.70449,1.35437,-2.33696,-1.56436,1.67841
1.61673,-0.745221,1.70392,1.35186,-2.33549,-1.56322,1.67168
1.61737,-0.743692,1.70335,1.34935,-2.33403,-1.56207,1.66494
1.61803,-0.742169,1.70277,1.34682,-2.33258,-1.56093,1.6582
1.61869,-0.740652,1.70218,1.34429,-2.33114,-1.55979,1.65145
1.61936,-0.73914,1.70158,1.34175,-2.32969,-1.55865,1.64469
1.62004,-0.737636,1.70098,1.33921,-2.32826,-1.55752,1.63793
1.62074,-0.736137,1.70038,1.33665,-2.32683,-1.55639,1.63116
1.62144,-0.734644,1.69976,1.33409,-2.3254,-1.55526,1.62438
1.62215,-0.733158,1.69914,1.33152,-2.32398,-1.55413,1.61759
1.62287,-0.731678,1.69852,1.32894,-2.32257,-1.55301,1.6108
1.62361,-0.730204,1.69788,1.32635,-2.32116,-1.55189,1.604
1.62435,-0.728737,1.69724,1.32375,-2.31976,-1.55077,1.59719
1.62511,-0.727275,1.6966,1.32115,-2.31836,-1.54965,1.59038
1.62587,-0.72582,1.69595,1.31854,-2.31697,-1.54854,1.58356
1.62664,-0.724371,1.69529,1.31592,-2.31558,-1.54743,1.57673
1.62743,-0.722928,1.69463,1.31329,-2.3142,-1.54632,1.5699
1.62822,-0.721492,1.69395,1.31065,-2.31283,-1.54521,1.56305
1.62903,-0.720063,1.69328,1.30801,-2.31146,-1.54411,1.55621
1.62985,-0.718639,1.69259,1.30536,-2.3101,-1.54301,1.54935
1.63068,-0.717222,1.6919,1.3027,-2.30874,-1.54191,1.54249
1.63152,-0.715812,1.69121,1.30003,-2.30739,-1.54081,1.53562
1.63237,-0.714408,1.6905,1.29735,-2.30605,-1.53972,1.52874
1.63323,-0.71301,1.68979,1.29466,-2.30471,-1.53863,1.52185
1.6341,-0.71162,1.68908,1.29197,-2.30337,-1.53754,1.51496
1.63499,-0.710235,1.68835,1.28926,-2.30205,-1.53646,1.50806
1.63588,-0.708857,1.68762,1.28655,-2.30072,-1.53538,1.50115
1.63679,-0.707486,1.68689,1.28383,-2.29941,-1.5343,1.49424
1.63771,-0.706121,1.68614,1.2811,-2.2981,-1.53322,1.48732
1.63864,-0.704763,1.68539,1.27836,-2.2968,-1.53215,1.48039
1.63958,-0.703411,1.68464,1.27561,-2.2955,-1.53108,1.47345
1.64053,-0.702066,1.68387,1.27286,-2.29421,-1.53001,1.46651
1.6415,-0.700728,1.68311,1.27009,-2.29293,-1.52895,1.45956
1.64247,-0.699397,1.68233,1.26732,-2.29165,-1.52789,1.4526
1.64346,-0.698072,1.68155,1.26453,-2.29038,-1.52683,1.44563
1.64447,-0.696755,1.68076,1.26174,-2.28911,-1.52577,1.43866
1.64548,-0.695444,1.67996,1.25894,-2.28785,-1.52472,1.43168
1.64651,-0.694139,1.67916,1.25613,-2.2866,-1.52367,1.42469
1.64754,-0.692842,1.67835,1.25331,-2.28536,-1.52262,1.4177
1.64859,-0.691552,1.67753,1.25049,-2.28412,-1.52158,1.4107
1.64966,-0.690268,1.67671,1.24765,-2.28288,-1.52054,1.40369
1.65073,-0.688992,1.67588,1.2448,-2.28166,-1.5195,1.39667
1.65182,-0.687722,1.67504,1.24195,-2.28044,-1.51847,1.38964
1.65292,-0.686459,1.6742,1.23908,-2.27923,-1.51744,1.38261
1.65404,-0.685203,1.67335,1.23621,-2.27802,-1.51641,1.37557
1.65516,-0.683955,1.67249,1.23332,-2.27682,-1.51538,1.36852
1.6563,-0.682713,1.67162,1.23043,-2.27563,-1.51436,1.36147
1.65746,-0.681479,1.67075,1.22752,-2.27445,-1.51334,1.35441
1.65862,-0.680251,1.66988,1.22461,-2.27327,-1.51233,1.34734
1.6598,-0.679031,1.66899,1.22169,-2.2721,-1.51131,1.34026
1.661,-0.677818,1.6681,1.21876,-2.27093,-1.5103,1.33317
1.6622,-0.676612,1.6672,1.21582,-2.26978,-1.5093,1.32608
1.66342,-0.675413,1.6663,1.21286,-2.26863,-1.5083,1.31898
1.66466,-0.674222,1.66538,1.2099,-2.26748,-1.5073,1.31187
1.6659,-0.673037,1.66446,1.20693,-2.26635,-1.5063,1.30475
1.66716,-0.67186,1.66354,1.20395,-2.26522,-1.5053,1.29763
1.66844,-0.670691,1.66261,1.20095,-2.2641,-1.50431,1.29049
1.66973,-0.669528,1.66167,1.19795,-2.26299,-1.50333,1.28335
1.67103,-0.668373,1.66072,1.19494,-2.26188,-1.50234,1.27621
1.67235,-0.667226,1.65977,1.19192,-2.26078,-1.50136,1.26905
1.67368,-0.666086,1.65881,1.18888,-2.25969,-1.50038,1.26189
1.67502,-0.664953,1.65784,1.18584,-2.25861,-1.49941,1.25471
1.67638,-0.663828,1.65686,1.18279,-2.25754,-1.49844,1.24753
1.67776,-0.66271,1.65588,1.17972,-2.25647,-1.49747,1.24035
1.67915,-0.6616,1.6549,1.17664,-2.25541,-1.49651,1.23315
1.68055,-0.660497,1.6539,1.17356,-2.25436,-1.49554,1.22595
1.68197,-0.659402,1.6529,1.17046,-2.25331,-1.49459,1.21874
1.6834,-0.658315,1.65189,1.16735,-2.25228,-1.49363,1.21152
1.68485,-0.657235,1.65087,1.16424,-2.25125,-1.49268,1.20429
1.6823,-0.656891,1.65242,1.16593,-2.25109,-1.49161,1.20499
1.67639,-0.656246,1.65602,1.17006,-2.25085,-1.4893,1.20734
1.67093,-0.655714,1.65936,1.17393,-2.25069,-1.48721,1.20974
1.66558,-0.655222,1.66265,1.17772,-2.25056,-1.48518,1.21215
1.66026,-0.654753,1.66593,1.18149,-2.25046,-1.48316,1.21455
1.65496,-0.654303,1.66922,1.18524,-2.25037,-1.48114,1.21695
1.64966,-0.653871,1.67252,1.18897,-2.2503,-1.47911,1.21933
1.64436,-0.653458,1.67582,1.19268,-2.25026,-1.47709,1.22171
1.63907,-0.653062,1.67914,1.19638,-2.25023,-1.47507,1.22408
1.63378,-0.652685,1.68246,1.20006,-2.25022,-1.47304,1.22644
1.6285,-0.652326,1.6858,1.20372,-2.25023,-1.47101,1.22879
1.62322,-0.651986,1.68914,1.20737,-2.25026,-1.46898,1.23113
1.61795,-0.651665,1.6925,1.211,-2.25031,-1.46695,1.23346
1.61268,-0.651363,1.69586,1.21462,-2.25037,-1.46492,1.23578
1.60742,-0.65108,1.69923,1.21822,-2.25046,-1.46288,1.23809
1.60216,-0.650816,1.70261,1.22181,-2.25057,-1.46085,1.2404
1.59691,-0.650571,1.706,1.22538,-2.2507,-1.45882,1.24269
1.59166,-0.650346,1.7094,1.22894,-2.25084,-1.45678,1.24497
1.58643,-0.650141,1.7128,1.23248,-2.25101,-1.45475,1.24725
1.58119,-0.649956,1.71622,1.23601,-2.2512,-1.45272,1.24951
1.57597,-0.64979,1.71964,1.23952,-2.2514,-1.45069,1.25177
1.57075,-0.649645,1.72307,1.24302,-2.25163,-1.44865,1.25401
1.56554,-0.64952,1.72651,1.2465,-2.25188,-1.44662,1.25625
1.56034,-0.649416,1.72996,1.24996,-2.25214,-1.44459,1.25847
1.55514,-0.649332,1.73342,1.25342,-2.25243,-1.44256,1.26069
1.54996,-0.649269,1.73688,1.25686,-2.25273,-1.44053,1.2629
1.54478,-0.649227,1.74035,1.26028,-2.25306,-1.43851,1.26509
1.53961,-0.649205,1.74382,1.26369,-2.25341,-1.43648,1.26728
1.53445,-0.649205,1.74731,1.26709,-2.25377,-1.43446,1.26945
1.5293,-0.649226,1.7508,1.27047,-2.25416,-1.43244,1.27162
1.52416,-0.649268,1.75429,1.27384,-2.25457,-1.43042,1.27377
1.51903,-0.649332,1.7578,1.27719,-2.25499,-1.4284,1.27591
1.51391,-0.649417,1.76131,1.28053,-2.25544,-1.42639,1.27805
1.5088,-0.649523,1.76482,1.28386,-2.2559,-1.42438,1.28017
1.5037,-0.649652,1.76834,1.28717,-2.25639,-1.42237,1.28228
1.49861,-0.649802,1.77187,1.29047,-2.2569,-1.42036,1.28438
1.49353,-0.649974,1.7754,1.29376,-2.25742,-1.41836,1.28648
1.48847,-0.650168,1.77894,1.29703,-2.25797,-1.41636,1.28856
1.48342,-0.650385,1.78247,1.30029,-2.25854,-1.41436,1.29063
1.47838,-0.650623,1.78602,1.30353,-2.25912,-1.41236,1.29268
1.47335,-0.650883,1.78957,1.30677,-2.25973,-1.41037,1.29473
1.46834,-0.651166,1.79312,1.30999,-2.26035,-1.40839,1.29677
1.46334,-0.651471,1.79668,1.31319,-2.261,-1.4064,1.29879
1.45835,-0.651798,1.80023,1.31639,-2.26166,-1.40442,1.30081
1.45338,-0.652148,1.8038,1.31957,-2.26235,-1.40244,1.30281
1.44842,-0.65252,1.80736,1.32273,-2.26305,-1.40047,1.3048
1.44347,-0.652914,1.81093,1.32589,-2.26377,-1.3985,1.30679
1.43854,-0.653331,1.8145,1.32903,-2.26451,-1.39654,1.30876
1.43363,-0.65377,1.81807,1.33216,-2.26527,-1.39458,1.31071
1.42873,-0.654232,1.82164,1.33528,-2.26605,-1.39262,1.31266
1.42385,-0.654716,1.82521,1.33838,-2.26685,-1.39067,1.3146
1.41898,-0.655223,1.82878,1.34147,-2.26767,-1.38872,1.31652
1.41413,-0.655752,1.83236,1.34455,-2.2685,-1.38677,1.31843
1.4093,-0.656304,1.83593,1.34762,-2.26936,-1.38483,1.32034
1.40448,-0.656878,1.83951,1.35067,-2.27023,-1.3829,1.32223
1.39968,-0.657474,1.84308,1.35371,-2.27112,-1.38097,1.3241
1.3949,-0.658093,1.84665,1.35675,-2.27203,-1.37904,1.32597
1.39013,-0.658734,1.85023,1.35976,-2.27295,-1.37712,1.32783
1.38539,-0.659397,1.8538,1.36277,-2.2739,-1.3752,1.32967
1.38066,-0.660082,1.85736,1.36576,-2.27486,-1.37329,1.3315
1.37595,-0.66079,1.86093,1.36874,-2.27584,-1.37138,1.33332
1.37126,-0.66152,1.8645,1.37171,-2.27683,-1.36947,1.33513
1.36658,-0.662271,1.86806,1.37467,-2.27785,-1.36757,1.33693
1.36193,-0.663045,1.87162,1.37762,-2.27888,-1.36568,1.33872
1.3573,-0.66384,1.87517,1.38055,-2.27992,-1.36379,1.34049
1.35268,-0.664657,1.87872,1.38347,-2.28099,-1.3619,1.34225
1.34809,-0.665496,1.88227,1.38638,-2.28207,-1.36002,1.344
1.34351,-0.666356,1.88581,1.38928,-2.28316,-1.35814,1.34574
1.33896,-0.667238,1.88935,1.39217,-2.28427,-1.35627,1.34747
1.33443,-0.668141,1.89289,1.39504,-2.2854,-1.3544,1.34919
1.32991,-0.669065,1.89642,1.39791,-2.28654,-1.35253,1.35089
1.32542,-0.67001,1.89994,1.40076,-2.2877,-1.35067,1.35258
1.32095,-0.670977,1.90346,1.4036,-2.28887,-1.34882,1.35427
1.3165,-0.671964,1.90697,1.40643,-2.29005,-1.34696,1.35594
1.31207,-0.672971,1.91048,1.40925,-2.29125,-1.34512,1.35759
1.30766,-0.674,1.91398,1.41205,-2.29247,-1.34327,1.35924
1.30328,-0.675049,1.91747,1.41485,-2.2937,-1.34143,1.36088
1.29891,-0.676118,1.92095,1.41763,-2.29494,-1.3396,1.3625
1.29457,-0.677206,1.92443,1.42041,-2.2962,-1.33776,1.36411
1.29025,-0.678315,1.9279,1.42317,-2.29747,-1.33594,1.36571
1.28595,-0.679444,1.93136,1.42592,-2.29875,-1.33411,1.3673
1.28168,-0.680593,1.93482,1.42866,-2.30005,-1.33229,1.36888
1.27742,-0.68176,1.93826,1.43138,-2.30136,-1.33047,1.37045
1.27319,-0.682947,1.9417,1.4341,-2.30268,-1.32866,1.37201
1.26898,-0.684154,1.94513,1.43681,-2.30401,-1.32685,1.37355
1.26479,-0.685379,1.94855,1.4395,-2.30536,-1.32504,1.37508
1.26063,-0.686623,1.95196,1.44219,-2.30671,-1.32323,1.37661
1.25649,-0.687885,1.95536,1.44486,-2.30808,-1.32143,1.37812
1.25237,-0.689166,1.95875,1.44752,-2.30946,-1.31963,1.37962
1.24828,-0.690465,1.96213,1.45017,-2.31085,-1.31784,1.38111
1.2442,-0.691782,1.9655,1.45281,-2.31225,-1.31605,1.38259
1.24015,-0.693117,1.96886,1.45544,-2.31367,-1.31426,1.38406
1.23613,-0.69447,1.97221,1.45806,-2.31509,-1.31247,1.38551
1.23212,-0.69584,1.97555,1.46067,-2.31652,-1.31068,1.38696
1.22814,-0.697227,1.97888,1.46327,-2.31796,-1.3089,1.38839
1.22418,-0.698632,1.98219,1.46586,-2.31942,-1.30712,1.38982
1.22025,-0.700053,1.9855,1.46843,-2.32088,-1.30534,1.39123
1.21633,-0.701492,1.98879,1.471,-2.32235,-1.30357,1.39264
1.21244,-0.702946,1.99208,1.47355,-2.32383,-1.30179,1.39403
1.20858,-0.704417,1.99535,1.4761,-2.32531,-1.30002,1.39541
1.20473,-0.705904,1.99861,1.47863,-2.32681,-1.29825,1.39679
1.20091,-0.707407,2.00185,1.48115,-2.32831,-1.29648,1.39815
1.19711,-0.708926,2.00509,1.48367,-2.32983,-1.29472,1.3995
1.19334,-0.71046,2.00831,1.48617,-2.33135,-1.29295,1.40084
1.18958,-0.71201,2.01152,1.48866,-2.33287,-1.29119,1.40218
1.18585,-0.713575,2.01472,1.49114,-2.33441,-1.28942,1.4035
1.18215,-0.715154,2.0179,1.49361,-2.33595,-1.28766,1.40481
1.17846,-0.716749,2.02108,1.49607,-2.3375,-1.2859,1.40611
1.1748,-0.718358,2.02424,1.49852,-2.33906,-1.28414,1.40741
1.17116,-0.719982,2.02738,1.50096,-2.34062,-1.28238,1.40869
1.16754,-0.72162,2.03052,1.50339,-2.34219,-1.28062,1.40996
1.16395,-0.723271,2.03364,1.50581,-2.34376,-1.27886,1.41123
1.16037,-0.724937,2.03674,1.50822,-2.34534,-1.2771,1.41248
1.15682,-0.726617,2.03984,1.51062,-2.34693,-1.27535,1.41373
1.1533,-0.728309,2.04292,1.51301,-2.34852,-1.27359,1.41496
1.14979,-0.730016,2.04599,1.51539,-2.35012,-1.27183,1.41619
1.1463,-0.731735,2.04904,1.51775,-2.35172,-1.27007,1.4174
1.14284,-0.733467,2.05208,1.52011,-2.35333,-1.26832,1.41861
1.1394,-0.735212,2.05511,1.52246,-2.35494,-1.26656,1.41981
1.13598,-0.73697,2.05812,1.5248,-2.35656,-1.2648,1.421
1.13258,-0.73874,2.06112,1.52713,-2.35818,-1.26304,1.42218
1.12921,-0.740522,2.06411,1.52944,-2.3598,-1.26128,1.42335
1.12586,-0.742316,2.06708,1.53175,-2.36143,-1.25952,1.42452
1.12252,-0.744122,2.07004,1.53405,-2.36306,-1.25776,1.42567
1.11921,-0.74594,2.07299,1.53634,-2.3647,-1.256,1.42682
1.11592,-0.74777,2.07592,1.53861,-2.36634,-1.25424,1.42795
1.11265,-0.74961,2.07884,1.54088,-2.36798,-1.25248,1.42908
1.1094,-0.751462,2.08174,1.54314,-2.36963,-1.25071,1.4302
1.10617,-0.753326,2.08463,1.54539,-2.37128,-1.24895,1.43131
1.10297,-0.7552,2.08751,1.54762,-2.37293,-1.24718,1.43242
1.09978,-0.757084,2.09037,1.54985,-2.37458,-1.24541,1.43351
1.09661,-0.75898,2.09322,1.55207,-2.37624,-1.24364,1.4346
1.09347,-0.760886,2.09606,1.55428,-2.3779,-1.24187,1.43568
1.09034,-0.762802,2.09888,1.55647,-2.37956,-1.2401,1.43675
1.08724,-0.764728,2.10169,1.55866,-2.38123,-1.23833,1.43781
1.08415,-0.766664,2.10449,1.56084,-2.38289,-1.23655,1.43886
1.08109,-0.768611,2.10727,1.56301,-2.38456,-1.23477,1.43991
1.07804,-0.770567,2.11004,1.56517,-2.38623,-1.23299,1.44095
1.07502,-0.772532,2.11279,1.56732,-2.3879,-1.23121,1.44198
1.07201,-0.774506,2.11553,1.56946,-2.38957,-1.22943,1.443
1.06902,-0.776491,2.11826,1.57158,-2.39125,-1.22764,1.44402
1.06605,-0.778484,2.12097,1.5737,-2.39292,-1.22585,1.44502
1.06311,-0.780486,2.12367,1.57581,-2.3946,-1.22406,1.44603
1.06018,-0.782497,2.12636,1.57791,-2.39628,-1.22227,1.44702
1.05727,-0.784517,2.12903,1.58,-2.39795,-1.22047,1.448
1.05437,-0.786546,2.13169,1.58209,-2.39963,-1.21867,1.44898
1.0515,-0.788582,2.13434,1.58416,-2.40131,-1.21687,1.44995
1.04865,-0.790628,2.13697,1.58622,-2.40299,-1.21506,1.45091
1.04581,-0.792682,2.13959,1.58827,-2.40467,-1.21326,1.45187
1.043,-0.794744,2.1422,1.59031,-2.40635,-1.21145,1.45282
1.0402,-0.796813,2.14479,1.59234,-2.40803,-1.20963,1.45376
1.03742,-0.79889,2.14737,1.59436,-2.40971,-1.20782,1.4547
1.03465,-0.800976,2.14994,1.59638,-2.41139,-1.206,1.45562
1.03191,-0.803069,2.1525,1.59838,-2.41307,-1.20418,1.45654
1.02918,-0.805169,2.15504,1.60037,-2.41475,-1.20235,1.45746
1.02647,-0.807277,2.15757,1.60236,-2.41643,-1.20052,1.45837
1.02378,-0.809393,2.16008,1.60433,-2.41811,-1.19869,1.45927
1.02111,-0.811515,2.16259,1.6063,-2.41978,-1.19686,1.46016
1.01845,-0.813644,2.16508,1.60825,-2.42146,-1.19502,1.46105
1.01581,-0.815781,2.16756,1.6102,-2.42314,-1.19318,1.46193
1.01319,-0.817925,2.17002,1.61214,-2.42481,-1.19133,1.4628
1.01058,-0.820075,2.17248,1.61406,-2.42649,-1.18948,1.46367
1.00799,-0.822232,2.17492,1.61598,-2.42816,-1.18763,1.46453
1.00542,-0.824395,2.17734,1.61789,-2.42983,-1.18577,1.46538
1.00286,-0.826565,2.17976,1.61979,-2.4315,-1.18391,1.46623
1.00033,-0.828742,2.18217,1.62168,-2.43317,-1.18205,1.46707
0.997803,-0.830925,2.18456,1.62355,-2.43484,-1.18018,1.46791
0.995298,-0.833113,2.18694,1.62542,-2.4365,-1.17831,1.46873
0.992808,-0.835308,2.18931,1.62728,-2.43817,-1.17643,1.46956
0.990334,-0.837509,2.19166,1.62914,-2.43983,-1.17455,1.47037
0.987876,-0.839716,2.19401,1.63098,-2.44149,-1.17267,1.47118
0.985435,-0.841928,2.19634,1.63281,-2.44315,-1.17078,1.47199
0.983009,-0.844146,2.19866,1.63463,-2.44481,-1.16889,1.47278
0.980598,-0.846371,2.20097,1.63644,-2.44646,-1.16699,1.47357
0.978203,-0.848601,2.20327,1.63825,-2.44812,-1.16509,1.47436
0.975825,-0.850835,2.20556,1.64004,-2.44977,-1.16318,1.47514
0.973461,-0.853076,2.20783,1.64183,-2.45142,-1.16128,1.47591
0.971112,-0.855322,2.2101,1.6436,-2.45306,-1.15936,1.47668
0.968779,-0.857573,2.21235,1.64537,-2.45471,-1.15744,1.47744
0.966462,-0.859829,2.21459,1.64712,-2.45635,-1.15552,1.4782
0.964158,-0.86209,2.21682,1.64887,-2.45799,-1.1536,1.47895
0.96187,-0.864357,2.21904,1.65061,-2.45962,-1.15166,1.47969
0.959596,-0.866628,2.22125,1.65234,-2.46126,-1.14973,1.48043
0.957338,-0.868903,2.22345,1.65406,-2.46289,-1.14779,1.48117
0.955094,-0.871184,2.22563,1.65577,-2.46452,-1.14585,1.48189
0.952864,-0.87347,2.22781,1.65747,-2.46614,-1.1439,1.48261
0.950648,-0.87576,2.22998,1.65916,-2.46777,-1.14194,1.48333
0.948448,-0.878054,2.23213,1.66084,-2.46939,-1.13998,1.48404
0.946262,-0.880354,2.23428,1.66251,-2.471,-1.13802,1.48475
0.944089,-0.882657,2.23641,1.66418,-2.47262,-1.13605,1.48545
0.94193,-0.884966,2.23854,1.66583,-2.47423,-1.13408,1.48614
0.939786,-0.887277,2.24065,1.66747,-2.47583,-1.1321,1.48683
0.937656,-0.889594,2.24275,1.66911,-2.47744,-1.13012,1.48751
0.935538,-0.891914,2.24485,1.67074,-2.47904,-1.12814,1.48819
0.933435,-0.894239,2.24693,1.67235,-2.48063,-1.12614,1.48886
0.931347,-0.896567,2.24901,1.67396,-2.48223,-1.12415,1.48953
0.929271,-0.898899,2.25107,1.67556,-2.48382,-1.12215,1.49019
0.927208,-0.901236,2.25313,1.67715,-2.4854,-1.12014,1.49085
0.925158,-0.903576,2.25517,1.67873,-2.48699,-1.11813,1.4915
0.923123,-0.90592,2.25721,1.6803,-2.48857,-1.11612,1.49214
0.921101,-0.908267,2.25923,1.68186,-2.49014,-1.11409,1.49278
0.919091,-0.910618,2.26125,1.68341,-2.49171,-1.11207,1.49342
0.917094,-0.912973,2.26326,1.68495,-2.49328,-1.11004,1.49405
0.915111,-0.915331,2.26526,1.68648,-2.49485,-1.108,1.49467
0.913141,-0.917692,2.26724,1.68801,-2.49641,-1.10596,1.49529
0.911183,-0.920058,2.26923,1.68952,-2.49796,-1.10392,1.49591
0.909237,-0.922426,2.2712,1.69103,-2.49951,-1.10187,1.49652
0.907306,-0.924797,2.27316,1.69253,-2.50106,-1.09981,1.49712
0.905386,-0.927171,2.27511,1.69401,-2.50261,-1.09775,1.49772
0.903478,-0.92955,2.27706,1.69549,-2.50414,-1.09568,1.49832
0.901583,-0.931931,2.27899,1.69696,-2.50568,-1.09361,1.49891
0.899701,-0.934314,2.28092,1.69842,-2.50721,-1.09154,1.49949
0.897831,-0.936701,2.28284,1.69987,-2.50874,-1.08946,1.50007
0.895972,-0.93909,2.28475,1.70131,-2.51026,-1.08737,1.50065
0.894126,-0.941483,2.28665,1.70274,-2.51178,-1.08528,1.50122
0.892293,-0.943878,2.28854,1.70416,-2.51329,-1.08318,1.50178
0.890471,-0.946276,2.29043,1.70558,-2.5148,-1.08108,1.50234
0.888661,-0.948677,2.29231,1.70698,-2.5163,-1.07897,1.5029
0.886862,-0.95108,2.29418,1.70838,-2.5178,-1.07686,1.50345
0.885077,-0.953485,2.29604,1.70976,-2.51929,-1.07475,1.504
0.883302,-0.955893,2.29789,1.71114,-2.52078,-1.07262,1.50454
0.881538,-0.958304,2.29974,1.71251,-2.52227,-1.07049,1.50507
0.879787,-0.960718,2.30158,1.71387,-2.52375,-1.06836,1.5056
0.878048,-0.963132,2.30341,1.71521,-2.52522,-1.06622,1.50613
0.876319,-0.96555,2.30523,1.71655,-2.52669,-1.06408,1.50665
0.874602,-0.96797,2.30704,1.71789,-2.52816,-1.06193,1.50717
0.872895,-0.970393,2.30885,1.71921,-2.52962,-1.05978,1.50768
0.871202,-0.972816,2.31065,1.72052,-2.53107,-1.05762,1.50819
0.869518,-0.975242,2.31244,1.72182,-2.53252,-1.05546,1.5087
0.867846,-0.977671,2.31423,1.72312,-2.53397,-1.05329,1.5092
0.866184,-0.980101,2.31601,1.7244,-2.5354,-1.05111,1.50969
0.864535,-0.982533,2.31778,1.72568,-2.53684,-1.04893,1.51018
0.862895,-0.984967,2.31954,1.72695,-2.53827,-1.04675,1.51067
0.861267,-0.987403,2.3213,1.7282,-2.53969,-1.04456,1.51115
0.859649,-0.98984,2.32305,1.72945,-2.54111,-1.04236,1.51162
0.858043,-0.992279,2.3248,1.73069,-2.54252,-1.04016,1.5121
0.856447,-0.99472,2.32653,1.73192,-2.54393,-1.03795,1.51256
0.854861,-0.997162,2.32826,1.73314,-2.54533,-1.03574,1.51303
0.853285,-0.999607,2.32999,1.73436,-2.54672,-1.03352,1.51348
0.851722,-1.00205,2.3317,1.73556,-2.54811,-1.0313,1.51394
0.850168,-1.0045,2.33341,1.73675,-2.54949,-1.02907,1.51439
0.848623,-1.00695,2.33512,1.73794,-2.55087,-1.02684,1.51483
0.84709,-1.0094,2.33682,1.73911,-2.55224,-1.0246,1.51527
0.845568,-1.01185,2.33851,1.74028,-2.55361,-1.02236,1.51571
0.844055,-1.0143,2.34019,1.74144,-2.55497,-1.02011,1.51614
0.842552,-1.01675,2.34187,1.74259,-2.55633,-1.01786,1.51657
0.841059,-1.01921,2.34355,1.74373,-2.55767,-1.0156,1.51699
0.839577,-1.02166,2.34521,1.74486,-2.55902,-1.01333,1.51741
0.838105,-1.02412,2.34687,1.74598,-2.56035,-1.01106,1.51783
0.836642,-1.02657,2.34853,1.74709,-2.56168,-1.00879,1.51824
0.835188,-1.02903,2.35018,1.74819,-2.56301,-1.00651,1.51865
0.833747,-1.03149,2.35182,1.74929,-2.56432,-1.00422,1.51905
0.832313,-1.03395,2.35346,1.75037,-2.56564,-1.00193,1.51945
0.830889,-1.03641,2.35509,1.75145,-2.56694,-0.999637,1.51984
0.829475,-1.03887,2.35672,1.75252,-2.56824,-0.997335,1.52023
0.828072,-1.04134,2.35834,1.75357,-2.56953,-0.995029,1.52062
0.826677,-1.0438,2.35996,1.75462,-2.57082,-0.992718,1.521
0.825292,-1.04626,2.36157,1.75566,-2.5721,-0.9904,1.52138
0.823916,-1.04873,2.36317,1.75669,-2.57337,-0.988078,1.52175
0.822551,-1.05119,2.36477,1.75771,-2.57464,-0.985751,1.52212
0.821194,-1.05365,2.36637,1.75873,-2.5759,-0.983418,1.52248
0.819846,-1.05612,2.36796,1.75973,-2.57715,-0.98108,1.52284
0.818507,-1.05858,2.36954,1.76073,-2.57839,-0.978737,1.5232
0.817179,-1.06105,2.37112,1.76171,-2.57963,-0.976389,1.52356
0.815858,-1.06351,2.37269,1.76269,-2.58087,-0.974035,1.5239
0.814547,-1.06598,2.37426,1.76366,-2.58209,-0.971676,1.52425
0.813245,-1.06845,2.37583,1.76461,-2.58331,-0.969312,1.52459
0.811953,-1.07091,2.37739,1.76556,-2.58452,-0.966944,1.52493
0.810668,-1.07338,2.37894,1.7665,-2.58573,-0.964569,1.52526
0.809393,-1.07584,2.38049,1.76744,-2.58693,-0.96219,1.52559
0.808126,-1.07831,2.38204,1.76836,-2.58812,-0.959805,1.52591
0.80687,-1.08077,2.38358,1.76927,-2.5893,-0.957416,1.52624
0.805621,-1.08324,2.38511,1.77018,-2.59048,-0.955021,1.52655
0.80438,-1.0857,2.38665,1.77107,-2.59165,-0.95262,1.52687
0.803148,-1.08817,2.38817,1.77196,-2.59281,-0.950215,1.52718
0.801926,-1.09063,2.3897,1.77284,-2.59397,-0.947805,1.52748
0.800711,-1.09309,2.39122,1.77371,-2.59511,-0.94539,1.52779
0.799505,-1.09556,2.39273,1.77457,-2.59625,-0.942969,1.52808
0.798307,-1.09802,2.39424,1.77542,-2.59739,-0.940544,1.52838
0.797119,-1.10048,2.39575,1.77626,-2.59851,-0.938114,1.52867
0.795938,-1.10294,2.39725,1.77709,-2.59963,-0.935678,1.52896
0.794765,-1.1054,2.39875,1.77791,-2.60074,-0.933237,1.52924
0.7936,-1.10786,2.40024,1.77873,-2.60184,-0.930791,1.52952
0.792445,-1.11032,2.40173,1.77954,-2.60294,-0.928341,1.5298
0.791297,-1.11278,2.40321,1.78033,-2.60403,-0.925885,1.53007
0.790156,-1.11524,2.4047,1.78112,-2.60511,-0.923424,1.53034
0.789024,-1.11769,2.40617,1.7819,-2.60618,-0.920958,1.5306
0.787901,-1.12015,2.40765,1.78267,-2.60724,-0.918488,1.53087
0.786785,-1.1226,2.40912,1.78343,-2.6083,-0.916012,1.53112
0.785676,-1.12505,2.41058,1.78418,-2.60935,-0.913532,1.53138
0.784576,-1.12751,2.41205,1.78493,-2.61039,-0.911046,1.53163
0.783484,-1.12996,2.41351,1.78566,-2.61142,-0.908556,1.53188
0.782399,-1.1324,2.41496,1.78639,-2.61245,-0.906061,1.53212
0.781322,-1.13485,2.41641,1.78711,-2.61346,-0.90356,1.53236
0.780252,-1.1373,2.41786,1.78781,-2.61447,-0.901055,1.5326
0.779191,-1.13974,2.41931,1.78851,-2.61548,-0.898545,1.53283
0.778137,-1.14219,2.42075,1.7892,-2.61647,-0.89603,1.53306
0.777089,-1.14463,2.42219,1.78988,-2.61745,-0.89351,1.53329
0.776049,-1.14707,2.42362,1.79056,-2.61843,-0.890985,1.53351
0.775019,-1.14951,2.42505,1.79122,-2.6194,-0.888457,1.53373
0.773994,-1.15194,2.42648,1.79188,-2.62036,-0.885923,1.53395
0.772976,-1.15438,2.4279,1.79252,-2.62131,-0.883383,1.53416
0.771966,-1.15681,2.42933,1.79316,-2.62225,-0.880839,1.53437
0.770964,-1.15924,2.43074,1.79379,-2.62319,-0.878292,1.53458
0.769968,-1.16167,2.43216,1.79441,-2.62411,-0.875738,1.53479
0.768979,-1.1641,2.43357,1.79502,-2.62503,-0.87318,1.53499
0.767997,-1.16652,2.43498,1.79562,-2.62594,-0.870617,1.53518
0.767024,-1.16894,2.43639,1.79621,-2.62684,-0.868051,1.53538
0.766056,-1.17136,2.43779,1.7968,-2.62774,-0.865479,1.53557
0.765095,-1.17378,2.43919,1.79737,-2.62862,-0.862902,1.53576
0.764141,-1.1762,2.44059,1.79794,-2.6295,-0.86032,1.53594
0.763195,-1.17861,2.44198,1.7985,-2.63036,-0.857735,1.53612
0.762255,-1.18102,2.44337,1.79904,-2.63122,-0.855145,1.5363
0.761321,-1.18343,2.44476,1.79959,-2.63207,-0.852549,1.53648
0.760393,-1.18584,2.44614,1.80012,-2.63291,-0.84995,1.53665
0.759474,-1.18824,2.44753,1.80064,-2.63374,-0.847346,1.53682
0.758561,-1.19064,2.4489,1.80115,-2.63457,-0.844737,1.53699
0.757653,-1.19304,2.45028,1.80166,-2.63538,-0.842124,1.53715
0.756752,-1.19544,2.45166,1.80215,-2.63619,-0.839506,1.53731
0.755859,-1.19783,2.45303,1.80264,-2.63698,-0.836885,1.53747
0.754971,-1.20022,2.4544,1.80312,-2.63777,-0.834258,1.53763
0.75409,-1.20261,2.45576,1.80359,-2.63855,-0.831627,1.53778
0.753214,-1.20499,2.45713,1.80405,-2.63932,-0.828991,1.53793
0.752345,-1.20737,2.45849,1.8045,-2.64008,-0.826351,1.53807
0.751483,-1.20975,2.45984,1.80495,-2.64083,-0.823707,1.53822
0.750627,-1.21212,2.4612,1.80538,-2.64157,-0.821059,1.53836
0.749776,-1.2145,2.46255,1.80581,-2.64231,-0.818405,1.5385
0.748931,-1.21686,2.4639,1.80623,-2.64303,-0.815748,1.53863
0.748094,-1.21923,2.46525,1.80664,-2.64375,-0.813087,1.53877
0.747261,-1.22159,2.4666,1.80704,-2.64445,-0.810421,1.5389
0.746434,-1.22395,2.46794,1.80743,-2.64515,-0.807751,1.53903
0.745613,-1.2263,2.46928,1.80781,-2.64583,-0.805076,1.53915
0.744799,-1.22865,2.47062,1.80819,-2.64651,-0.802399,1.53928
0.74399,-1.231,2.47196,1.80855,-2.64718,-0.799716,1.5394
0.743186,-1.23335,2.47329,1.80891,-2.64784,-0.797029,1.53952
0.742388,-1.23569,2.47462,1.80926,-2.64849,-0.794337,1.53963
0.741597,-1.23802,2.47595,1.8096,-2.64913,-0.791643,1.53975
0.74081,-1.24036,2.47728,1.80993,-2.64977,-0.788944,1.53986
0.740029,-1.24269,2.4786,1.81025,-2.65039,-0.78624,1.53997
0.739253,-1.24501,2.47992,1.81057,-2.651,-0.783532,1.54007
0.738484,-1.24733,2.48124,1.81087,-2.6516,-0.780821,1.54018
0.737719,-1.24965,2.48256,1.81117,-2.6522,-0.778106,1.54028
0.736959,-1.25196,2.48387,1.81146,-2.65278,-0.775386,1.54038
0.736204,-1.25427,2.48519,1.81174,-2.65336,-0.772662,1.54048
0.735456,-1.25658,2.4865,1.81201,-2.65392,-0.769936,1.54057
0.734712,-1.25888,2.4878,1.81227,-2.65448,-0.767204,1.54066
0.733973,-1.26117,2.48911,1.81252,-2.65502,-0.764468,1.54076
0.733239,-1.26347,2.49041,1.81277,-2.65556,-0.761729,1.54084
0.732512,-1.26575,2.49171,1.81301,-2.65609,-0.758987,1.54093
0.731788,-1.26804,2.49301,1.81323,-2.65661,-0.756239,1.54102
0.731069,-1.27032,2.49431,1.81345,-2.65711,-0.753488,1.5411
0.730354,-1.27259,2.49561,1.81367,-2.65761,-0.750733,1.54118
0.729646,-1.27486,2.4969,1.81387,-2.6581,-0.747976,1.54126
0.728942,-1.27713,2.49819,1.81406,-2.65858,-0.745214,1.54134
0.728242,-1.27939,2.49948,1.81425,-2.65905,-0.742448,1.54141
0.727547,-1.28164,2.50076,1.81443,-2.65951,-0.739678,1.54149
0.726858,-1.28389,2.50205,1.81459,-2.65996,-0.736905,1.54156
0.726172,-1.28614,2.50333,1.81476,-2.6604,-0.734128,1.54163
0.72549,-1.28838,2.50461,1.81491,-2.66083,-0.731347,1.5417
0.724813,-1.29062,2.50588,1.81505,-2.66125,-0.728563,1.54177
0.724142,-1.29285,2.50716,1.81519,-2.66166,-0.725776,1.54183
0.723474,-1.29507,2.50843,1.81531,-2.66206,-0.722985,1.5419
0.72281,-1.29729,2.5097,1.81543,-2.66245,-0.720189,1.54196
0.722151,-1.29951,2.51097,1.81554,-2.66283,-0.717391,1.54202
0.721497,-1.30172,2.51224,1.81564,-2.66321,-0.71459,1.54208
0.720846,-1.30393,2.5135,1.81573,-2.66357,-0.711784,1.54214
0.720199,-1.30613,2.51476,1.81582,-2.66392,-0.708975,1.54219
0.719556,-1.30832,2.51602,1.8159,-2.66426,-0.706162,1.54225
0.718918,-1.31051,2.51728,1.81596,-2.6646,-0.703347,1.5423
0.718284,-1.31269,2.51854,1.81602,-2.66492,-0.700528,1.54235
0.717653,-1.31487,2.51979,1.81607,-2.66523,-0.697706,1.5424
0.717026,-1.31705,2.52104,1.81612,-2.66554,-0.694879,1.54245
0.716404,-1.31921,2.52229,1.81615,-2.66583,-0.692051,1.5425
0.715785,-1.32138,2.52354,1.81618,-2.66611,-0.689219,1.54255
0.715169,-1.32353,2.52478,1.8162,-2.66639,-0.686383,1.5426
0.714557,-1.32568,2.52602,1.81621,-2.66665,-0.683544,1.54264
0.71395,-1.32783,2.52726,1.81621,-2.66691,-0.680703,1.54269
0.713346,-1.32997,2.5285,1.8162,-2.66715,-0.677857,1.54273
0.712744,-1.3321,2.52974,1.81619,-2.66738,-0.675008,1.54277
0.712147,-1.33423,2.53097,1.81616,-2.66761,-0.672156,1.54281
0.711554,-1.33635,2.5322,1.81613,-2.66782,-0.669303,1.54285
0.710963,-1.33846,2.53343,1.81609,-2.66803,-0.666445,1.54289
0.710376,-1.34057,2.53466,1.81604,-2.66822,-0.663584,1.54293
0.709792,-1.34267,2.53588,1.81599,-2.66841,-0.660719,1.54297
0.709212,-1.34477,2.53711,1.81592,-2.66859,-0.657853,1.54301
0.708635,-1.34686,2.53833,1.81585,-2.66875,-0.654983,1.54304
0.70806,-1.34895,2.53954,1.81577,-2.66891,-0.65211,1.54308
0.707489,-1.35102,2.54076,1.81568,-2.66905,-0.649234,1.54311
0.706922,-1.3531,2.54197,1.81558,-2.66919,-0.646356,1.54315
0.706357,-1.35516,2.54318,1.81548,-2.66932,-0.643474,1.54318
0.705795,-1.35722,2.54439,1.81537,-2.66943,-0.640589,1.54322
0.705235,-1.35927,2.5456,1.81524,-2.66954,-0.637702,1.54325
0.70468,-1.36132,2.5468,1.81511,-2.66964,-0.634812,1.54328
0.704127,-1.36336,2.548,1.81498,-2.66973,-0.631919,1.54331
0.703576,-1.36539,2.5492,1.81483,-2.66981,-0.629023,1.54335
0.703028,-1.36742,2.5504,1.81468,-2.66987,-0.626124,1.54338
0.702484,-1.36944,2.55159,1.81452,-2.66993,-0.623224,1.54341
0.701941,-1.37145,2.55278,1.81435,-2.66998,-0.62032,1.54344
0.701401,-1.37346,2.55397,1.81417,-2.67002,-0.617413,1.54347
0.700863,-1.37546,2.55516,1.81398,-2.67005,-0.614503,1.5435
0.70033,-1.37745,2.55634,1.81379,-2.67007,-0.611592,1.54353
0.699797,-1.37944,2.55752,1.81359,-2.67008,-0.608677,1.54356
0.699267,-1.38142,2.5587,1.81338,-2.67008,-0.605759,1.54359
0.698739,-1.38339,2.55988,1.81316,-2.67007,-0.602839,1.54362
0.698215,-1.38536,2.56105,1.81293,-2.67006,-0.599918,1.54366
0.697691,-1.38732,2.56222,1.8127,-2.67003,-0.596993,1.54369
0.69717,-1.38927,2.56339,1.81246,-2.66999,-0.594065,1.54372
0.696651,-1.39122,2.56456,1.81221,-2.66995,-0.591135,1.54375
0.696136,-1.39315,2.56572,1.81195,-2.66989,-0.588204,1.54378
0.695621,-1.39508,2.56688,1.81168,-2.66982,-0.585269,1.54381
0.695109,-1.39701,2.56804,1.81141,-2.66975,-0.582332,1.54384
0.694598,-1.39892,2.5692,1.81113,-2.66966,-0.579392,1.54388
0.694091,-1.40083,2.57035,1.81084,-2.66957,-0.576451,1.54391
0.693584,-1.40274,2.5715,1.81054,-2.66947,-0.573507,1.54394
0.693079,-1.40463,2.57265,1.81024,-2.66935,-0.57056,1.54398
0.692576,-1.40652,2.57379,1.80992,-2.66923,-0.567611,1.54401
0.692076,-1.4084,2.57493,1.8096,-2.6691,-0.564661,1.54405
0.691577,-1.41027,2.57607,1.80928,-2.66896,-0.561707,1.54408
0.691079,-1.41214,2.57721,1.80894,-2.66881,-0.558752,1.54412
0.690583,-1.414,2.57834,1.8086,-2.66865,-0.555793,1.54415
0.69009,-1.41585,2.57947,1.80824,-2.66849,-0.552835,1.54419
0.689597,-1.41769,2.5806,1.80788,-2.66831,-0.549873,1.54423
0.689105,-1.41953,2.58172,1.80752,-2.66812,-0.546908,1.54427
0.688615,-1.42135,2.58284,1.80714,-2.66793,-0.543941,1.54431
0.688128,-1.42318,2.58396,1.80676,-2.66772,-0.540974,1.54435
0.687641,-1.42499,2.58507,1.80637,-2.66751,-0.538004,1.54439
0.687155,-1.42679,2.58619,1.80597,-2.66729,-0.535031,1.54444
0.68667,-1.42859,2.5873,1.80557,-2.66705,-0.532056,1.54448
0.686189,-1.43038,2.5884,1.80515,-2.66681,-0.529081,1.54453
0.685707,-1.43217,2.5895,1.80473,-2.66657,-0.526102,1.54457
0.685226,-1.43394,2.5906,1.8043,-2.66631,-0.523121,1.54462
0.684746,-1.43571,2.5917,1.80387,-2.66604,-0.520139,1.54467
0.684269,-1.43747,2.59279,1.80342,-2.66576,-0.517155,1.54472
0.683792,-1.43922,2.59388,1.80297,-2.66548,-0.514169,1.54477
0.683315,-1.44096,2.59497,1.80251,-2.66519,-0.511181,1.54482
0.682839,-1.4427,2.59605,1.80205,-2.66488,-0.508191,1.54488
0.682366,-1.44443,2.59713,1.80157,-2.66457,-0.5052,1.54493
0.681893,-1.44615,2.59821,1.80109,-2.66425,-0.502207,1.54499
0.68142,-1.44786,2.59929,1.8006,-2.66393,-0.499211,1.54505
0.680948,-1.44957,2.60036,1.8001,-2.66359,-0.496214,1.54511
0.680478,-1.45126,2.60142,1.7996,-2.66325,-0.493216,1.54517
0.680008,-1.45295,2.60249,1.79909,-2.66289,-0.490215,1.54524
0.679539,-1.45463,2.60355,1.79857,-2.66253,-0.487213,1.5453
0.67907,-1.45631,2.6046,1.79804,-2.66216,-0.484209,1.54537
0.678603,-1.45797,2.60566,1.79751,-2.66178,-0.481204,1.54544
0.678135,-1.45963,2.60671,1.79696,-2.6614,-0.478197,1.54551
0.677668,-1.46128,2.60775,1.79642,-2.661,-0.475188,1.54558
0.677201,-1.46292,2.6088,1.79586,-2.6606,-0.472177,1.54566
0.676737,-1.46455,2.60983,1.7953,-2.66019,-0.469166,1.54574
0.676272,-1.46618,2.61087,1.79472,-2.65977,-0.466153,1.54582
0.675806,-1.46779,2.6119,1.79415,-2.65934,-0.463137,1.5459
0.675342,-1.4694,2.61293,1.79356,-2.65891,-0.46012,1.54598
0.674879,-1.471,2.61395,1.79297,-2.65846,-0.457103,1.54607
0.674415,-1.4726,2.61497,1.79237,-2.65801,-0.454084,1.54615
0.673951,-1.47418,2.61599,1.79176,-2.65755,-0.451063,1.54624
0.673488,-1.47576,2.61701,1.79114,-2.65709,-0.44804,1.54634
0.673026,-1.47733,2.61801,1.79052,-2.65661,-0.445017,1.54643
0.672563,-1.47889,2.61902,1.78989,-2.65613,-0.441992,1.54653
0.672101,-1.48044,2.62002,1.78925,-2.65564,-0.438965,1.54663
0.671638,-1.48198,2.62102,1.78861,-2.65514,-0.435936,1.54673
0.671177,-1.48352,2.62201,1.78796,-2.65464,-0.432908,1.54684
0.670715,-1.48504,2.623,1.7873,-2.65413,-0.429877,1.54694
0.670252,-1.48656,2.62399,1.78663,-2.65361,-0.426845,1.54706
0.66979,-1.48807,2.62497,1.78596,-2.65308,-0.423811,1.54717
0.669329,-1.48958,2.62595,1.78528,-2.65255,-0.420778,1.54728
0.668867,-1.49107,2.62693,1.78459,-2.65201,-0.417742,1.5474
0.668404,-1.49256,2.6279,1.78389,-2.65146,-0.414705,1.54752
0.667942,-1.49404,2.62886,1.78319,-2.6509,-0.411666,1.54765
0.667481,-1.49551,2.62982,1.78248,-2.65034,-0.408628,1.54778
0.667018,-1.49697,2.63078,1.78177,-2.64977,-0.405588,1.54791
0.666556,-1.49842,2.63174,1.78104,-2.64919,-0.402546,1.54804
0.666092,-1.49986,2.63269,1.78031,-2.6486,-0.399502,1.54818
0.665631,-1.5013,2.63363,1.77958,-2.64801,-0.39646,1.54832
0.665168,-1.50273,2.63457,1.77883,-2.64742,-0.393415,1.54846
0.664704,-1.50415,2.63551,1.77808,-2.64681,-0.390368,1.54861
0.664239,-1.50556,2.63644,1.77732,-2.6462,-0.387321,1.54876
0.663777,-1.50696,2.63737,1.77656,-2.64558,-0.384274,1.54891
0.663312,-1.50836,2.6383,1.77578,-2.64496,-0.381224,1.54907
0.662847,-1.50975,2.63922,1.775,-2.64433,-0.378174,1.54923
0.662382,-1.51112,2.64013,1.77422,-2.64369,-0.375122,1.54939
0.661916,-1.51249,2.64104,1.77342,-2.64305,-0.37207,1.54956
0.661452,-1.51386,2.64195,1.77262,-2.6424,-0.369018,1.54973
0.660985,-1.51521,2.64286,1.77182,-2.64174,-0.365964,1.5499
0.660518,-1.51655,2.64375,1.771,-2.64108,-0.362908,1.55008
0.660051,-1.51789,2.64465,1.77018,-2.64041,-0.359852,1.55026
0.659584,-1.51922,2.64554,1.76935,-2.63974,-0.356797,1.55045
0.659116,-1.52054,2.64642,1.76852,-2.63905,-0.353739,1.55064
0.658647,-1.52185,2.6473,1.76768,-2.63837,-0.35068,1.55083
0.658177,-1.52315,2.64818,1.76683,-2.63768,-0.347621,1.55103
0.657709,-1.52445,2.64905,1.76597,-2.63698,-0.344562,1.55123
0.657239,-1.52574,2.64992,1.76511,-2.63627,-0.341501,1.55144
0.656767,-1.52702,2.65078,1.76424,-2.63556,-0.338439,1.55164
0.656296,-1.52829,2.65164,1.76336,-2.63485,-0.335377,1.55186
0.655825,-1.52955,2.65249,1.76248,-2.63413,-0.332315,1.55208
0.655352,-1.5308,2.65334,1.76159,-2.6334,-0.329251,1.5523
0.654879,-1.53205,2.65419,1.76069,-2.63267,-0.326187,1.55252
0.654404,-1.53328,2.65503,1.75979,-2.63193,-0.323121,1.55275
0.653931,-1.53451,2.65586,1.75888,-2.63119,-0.320057,1.55299
0.653456,-1.53573,2.65669,1.75797,-2.63045,-0.316991,1.55323
0.652979,-1.53695,2.65752,1.75704,-2.62969,-0.313924,1.55347
0.652503,-1.53815,2.65834,1.75611,-2.62894,-0.310856,1.55372
0.652027,-1.53935,2.65916,1.75518,-2.62817,-0.307789,1.55397
0.651549,-1.54053,2.65997,1.75423,-2.62741,-0.30472,1.55423
0.65107,-1.54171,2.66078,1.75328,-2.62663,-0.301651,1.55449
0.65059,-1.54288,2.66158,1.75233,-2.62586,-0.298581,1.55476
0.650111,-1.54405,2.66238,1.75136,-2.62508,-0.295512,1.55503
0.64963,-1.5452,2.66317,1.75039,-2.62429,-0.292442,1.55531
0.649149,-1.54635,2.66396,1.74942,-2.6235,-0.289371,1.55559
0.648666,-1.54749,2.66475,1.74844,-2.6227,-0.286299,1.55587
0.648185,-1.54862,2.66553,1.74745,-2.62191,-0.283229,1.55616
0.647701,-1.54974,2.6663,1.74645,-2.6211,-0.280156,1.55646
0.647216,-1.55085,2.66707,1.74545,-2.62029,-0.277084,1.55676
0.64673,-1.55196,2.66784,1.74444,-2.61948,-0.27401,1.55707
0.646246,-1.55306,2.6686,1.74342,-2.61867,-0.270939,1.55738
0.645759,-1.55415,2.66935,1.7424,-2.61785,-0.267865,1.55769
0.645272,-1.55523,2.6701,1.74137,-2.61702,-0.264791,1.55802
0.644783,-1.5563,2.67085,1.74034,-2.6162,-0.261717,1.55834
0.644296,-1.55737,2.67159,1.7393,-2.61536,-0.258644,1.55867
0.643806,-1.55842,2.67233,1.73825,-2.61453,-0.25557,1.55901
0.643316,-1.55947,2.67306,1.73719,-2.61369,-0.252495,1.55935
0.642824,-1.56051,2.67379,1.73613,-2.61285,-0.24942,1.5597
0.642334,-1.56155,2.67451,1.73507,-2.612,-0.246347,1.56006
0.641842,-1.56257,2.67523,1.73399,-2.61115,-0.243272,1.56041
0.641349,-1.56359,2.67594,1.73291,-2.6103,-0.240196,1.56078
0.640855,-1.5646,2.67665,1.73183,-2.60944,-0.237121,1.56115
0.640362,-1.5656,2.67735,1.73074,-2.60859,-0.234047,1.56153
0.639867,-1.56659,2.67805,1.72964,-2.60772,-0.230972,1.56191
0.639371,-1.56758,2.67875,1.72853,-2.60686,-0.227896,1.56229
0.638874,-1.56855,2.67944,1.72742,-2.60599,-0.224821,1.56269
0.638378,-1.56952,2.68012,1.7263,-2.60512,-0.221747,1.56309
0.637881,-1.57048,2.6808,1.72518,-2.60425,-0.218672,1.56349
0.637382,-1.57144,2.68148,1.72405,-2.60337,-0.215597,1.5639
0.636883,-1.57238,2.68215,1.72291,-2.60249,-0.212522,1.56432
0.636385,-1.57332,2.68281,1.72177,-2.60161,-0.209449,1.56474
0.635885,-1.57425,2.68348,1.72062,-2.60073,-0.206375,1.56517
0.635384,-1.57517,2.68413,1.71946,-2.59984,-0.2033,1.5656
0.634882,-1.57609,2.68478,1.7183,-2.59895,-0.200226,1.56604
0.634382,-1.577,2.68543,1.71713,-2.59806,-0.197154,1.56649
0.63388,-1.5779,2.68608,1.71596,-2.59717,-0.19408,1.56694
0.633377,-1.57879,2.68671,1.71478,-2.59627,-0.191007,1.5674
0.632874,-1.57967,2.68735,1.71359,-2.59537,-0.187934,1.56786
0.632372,-1.58055,2.68798,1.7124,-2.59448,-0.184863,1.56833
0.631868,-1.58141,2.6886,1.7112,-2.59357,-0.181791,1.56881
0.631363,-1.58228,2.68922,1.71,-2.59267,-0.178719,1.56929
0.630858,-1.58313,2.68984,1.70879,-2.59177,-0.175648,1.56978
0.630354,-1.58397,2.69045,1.70757,-2.59086,-0.172578,1.57028
0.629849,-1.58481,2.69106,1.70635,-2.58995,-0.169508,1.57078
0.629342,-1.58564,2.69166,1.70512,-2.58904,-0.166438,1.57129
0.628836,-1.58647,2.69226,1.70388,-2.58813,-0.163369,1.57181
0.628331,-1.58728,2.69285,1.70264,-2.58722,-0.160302,1.57233
0.627824,-1.58809,2.69344,1.70139,-2.58631,-0.157234,1.57286
0.627317,-1.58889,2.69403,1.70014,-2.58539,-0.154167,1.57339
0.626809,-1.58968,2.69461,1.69888,-2.58448,-0.1511,1.57393
0.626304,-1.59047,2.69519,1.69762,-2.58356,-0.148036,1.57448
0.625796,-1.59125,2.69576,1.69635,-2.58264,-0.144971,1.57504
0.625288,-1.59202,2.69633,1.69507,-2.58173,-0.141907,1.5756
0.62478,-1.59278,2.69689,1.69378,-2.58081,-0.138843,1.57617
0.624274,-1.59354,2.69745,1.6925,-2.57989,-0.135782,1.57674
0.623766,-1.59429,2.698,1.6912,-2.57897,-0.13272,1.57732
0.623258,-1.59503,2.69856,1.6899,-2.57804,-0.129659,1.57791
0.62275,-1.59576,2.6991,1.68859,-2.57712,-0.126599,1.5785
0.622244,-1.59649,2.69965,1.68728,-2.5762,-0.123542,1.57911
0.621736,-1.59721,2.70019,1.68596,-2.57528,-0.120484,1.57971
0.621228,-1.59792,2.70072,1.68463,-2.57435,-0.117427,1.58033
0.620721,-1.59863,2.70125,1.6833,-2.57343,-0.114371,1.58095
0.620215,-1.59933,2.70178,1.68197,-2.57251,-0.111318,1.58158
0.619708,-1.60002,2.7023,1.68063,-2.57158,-0.108264,1.58222
0.619201,-1.6007,2.70282,1.67928,-2.57066,-0.105212,1.58286
0.618694,-1.60138,2.70334,1.67792,-2.56973,-0.10216,1.58351
0.61819,-1.60205,2.70385,1.67656,-2.56881,-0.0991117,1.58416
0.617684,-1.60272,2.70436,1.6752,-2.56789,-0.0960631,1.58483
0.617178,-1.60337,2.70486,1.67383,-2.56696,-0.0930155,1.5855
0.616673,-1.60402,2.70536,1.67245,-2.56604,-0.0899692,1.58618
0.61617,-1.60466,2.70586,1.67106,-2.56512,-0.0869261,1.58686
0.615666,-1.6053,2.70636,1.66968,-2.56419,-0.083883,1.58755
0.615162,-1.60593,2.70685,1.66828,-2.56327,-0.080841,1.58825
0.614658,-1.60655,2.70733,1.66688,-2.56235,-0.0778004,1.58895
0.614158,-1.60717,2.70782,1.66547,-2.56143,-0.0747632,1.58967
0.613656,-1.60778,2.7083,1.66406,-2.56051,-0.0717261,1.59038
0.613154,-1.60838,2.70877,1.66264,-2.55959,-0.0686903,1.59111
0.612654,-1.60897,2.70924,1.66122,-2.55867,-0.0656559,1.59184
0.612155,-1.60956,2.70971,1.65979,-2.55775,-0.0626252,1.59258
0.611657,-1.61014,2.71018,1.65836,-2.55683,-0.0595946,1.59333
0.611158,-1.61072,2.71064,1.65692,-2.55591,-0.0565654,1.59409
0.610661,-1.61129,2.7111,1.65547,-2.555,-0.053538,1.59485
0.610166,-1.61185,2.71156,1.65402,-2.55408,-0.0505142,1.59562
0.609671,-1.6124,2.71202,1.65256,-2.55317,-0.0474909,1.59639
0.609176,-1.61295,2.71247,1.6511,-2.55226,-0.044469,1.59717
0.608682,-1.61349,2.71291,1.64963,-2.55134,-0.041449,1.59796
0.608192,-1.61403,2.71336,1.64815,-2.55043,-0.0384328,1.59876
0.607701,-1.61456,2.7138,1.64667,-2.54952,-0.0354172,1.59956
0.60721,-1.61508,2.71424,1.64519,-2.54861,-0.0324032,1.60037
0.606721,-1.6156,2.71468,1.6437,-2.54771,-0.0293913,1.60119
0.606235,-1.61611,2.71511,1.6422,-2.5468,-0.0263832,1.60201
0.605748,-1.61661,2.71554,1.6407,-2.5459,-0.0233759,1.60285
0.605263,-1.61711,2.71597,1.63919,-2.54499,-0.0203704,1.60368
0.604778,-1.6176,2.7164,1.63767,-2.54409,-0.0173671,1.60453
0.604298,-1.61809,2.71682,1.63615,-2.54319,-0.0143679,1.60538
0.603816,-1.61856,2.71724,1.63463,-2.54229,-0.0113695,1.60624
0.603336,-1.61904,2.71766,1.6331,-2.5414,-0.00837306,1.60711
0.602858,-1.6195,2.71807,1.63156,-2.5405,-0.00537892,1.60798
0.602383,-1.61996,2.71849,1.63002,-2.53961,-0.00238902,1.60886
0.601908,-1.62042,2.7189,1.62847,-2.53871,0.000599847,1.60975
0.601434,-1.62086,2.71931,1.62692,-2.53782,0.00358661,1.61064
0.600962,-1.62131,2.71971,1.62536,-2.53693,0.00657099,1.61155
0.600493,-1.62174,2.72012,1.6238,-2.53605,0.00955096,1.61245
0.600025,-1.62217,2.72052,1.62223,-2.53516,0.0125297,1.61337
0.599558,-1.62259,2.72092,1.62066,-2.53428,0.0155063,1.61429
0.599092,-1.62301,2.72132,1.61908,-2.5334,0.0184802,1.61522
0.598631,-1.62342,2.72172,1.61749,-2.53252,0.0214497,1.61615
0.598169,-1.62383,2.72211,1.6159,-2.53164,0.0244178,1.6171
0.597709,-1.62423,2.7225,1.6143,-2.53076,0.0273835,1.61804
0.597251,-1.62462,2.7229,1.6127,-2.52989,0.0303465,1.619
0.596797,-1.62501,2.72329,1.61109,-2.52902,0.0333049,1.61996
0.596344,-1.62539,2.72367,1.60948,-2.52815,0.0362618,1.62093
0.595892,-1.62577,2.72406,1.60786,-2.52728,0.0392161,1.62191
0.595442,-1.62614,2.72444,1.60624,-2.52641,0.0421676,1.62289
0.594996,-1.6265,2.72483,1.60461,-2.52555,0.0451142,1.62388
0.594551,-1.62686,2.72521,1.60297,-2.52469,0.0480594,1.62488
0.594108,-1.62721,2.72559,1.60133,-2.52383,0.0510018,1.62588
0.593666,-1.62756,2.72596,1.59969,-2.52297,0.0539412,1.62689
0.593229,-1.6279,2.72634,1.59804,-2.52212,0.0568757,1.6279
0.592793,-1.62824,2.72672,1.59638,-2.52126,0.0598084,1.62892
0.592359,-1.62857,2.72709,1.59472,-2.52041,0.0627383,1.62995
0.591926,-1.62889,2.72746,1.59305,-2.51956,0.0656652,1.63099
0.591499,-1.62921,2.72784,1.59138,-2.51872,0.0685869,1.63203
0.591072,-1.62952,2.72821,1.5897,-2.51787,0.0715068,1.63308
0.590647,-1.62983,2.72858,1.58802,-2.51703,0.0744238,1.63413
0.590224,-1.63013,2.72894,1.58633,-2.51619,0.0773374,1.63519
0.589806,-1.63043,2.72931,1.58464,-2.51535,0.0802459,1.63626
0.589389,-1.63072,2.72968,1.58294,-2.51452,0.0831524,1.63733
0.588974,-1.631,2.73005,1.58123,-2.51368,0.0860558,1.63841
0.588562,-1.63128,2.73041,1.57952,-2.51285,0.0889559,1.6395
0.588154,-1.63156,2.73077,1.57781,-2.51202,0.0918506,1.64059
0.587747,-1.63183,2.73114,1.57609,-2.5112,0.0947432,1.64169
0.587342,-1.63209,2.7315,1.57436,-2.51037,0.0976327,1.6428
0.58694,-1.63235,2.73186,1.57263,-2.50955,0.100519,1.64391
0.586543,-1.6326,2.73222,1.5709,-2.50873,0.103399,1.64502
0.586147,-1.63285,2.73259,1.56915,-2.50791,0.106277,1.64615
0.585753,-1.63309,2.73295,1.56741,-2.5071,0.109152,1.64728
0.585362,-1.63333,2.7333,1.56565,-2.50628,0.112024,1.64841
0.584974,-1.63356,2.73366,1.56389,-2.50547,0.114891,1.64955
0.584591,-1.63378,2.73402,1.56213,-2.50466,0.117753,1.6507
0.584209,-1.63401,2.73438,1.56036,-2.50386,0.120613,1.65185
0.583829,-1.63422,2.73474,1.55859,-2.50305,0.123469,1.65301
0.583452,-1.63443,2.7351,1.55681,-2.50225,0.126322,1.65418
0.58308,-1.63464,2.73546,1.55503,-2.50145,0.129169,1.65535
0.58271,-1.63483,2.73581,1.55324,-2.50065,0.132013,1.65652
0.582342,-1.63503,2.73617,1.55144,-2.49986,0.134854,1.6577
0.581977,-1.63522,2.73653,1.54964,-2.49907,0.137691,1.65889
0.581616,-1.6354,2.73688,1.54784,-2.49828,0.140522,1.66008
0.581258,-1.63558,2.73724,1.54603,-2.49749,0.143351,1.66128
0.580902,-1.63575,2.7376,1.54421,-2.4967,0.146176,1.66249
0.580548,-1.63592,2.73795,1.54239,-2.49592,0.148997,1.6637
0.5802,-1.63609,2.73831,1.54056,-2.49513,0.151812,1.66491
0.579854,-1.63624,2.73867,1.53873,-2.49435,0.154624,1.66614
0.57951,-1.6364,2.73903,1.5369,-2.49358,0.157433,1.66736
0.579169,-1.63654,2.73938,1.53505,-2.4928,0.160238,1.6686
0.578833,-1.63669,2.73974,1.53321,-2.49203,0.163037,1.66983
0.578499,-1.63682,2.7401,1.53135,-2.49125,0.165833,1.67108
0.578168,-1.63696,2.74046,1.5295,-2.49048,0.168625,1.67232
0.577839,-1.63708,2.74081,1.52763,-2.48972,0.171413,1.67358
0.577516,-1.63721,2.74117,1.52576,-2.48895,0.174195,1.67484
0.577194,-1.63732,2.74153,1.52389,-2.48819,0.176974,1.6761
0.576875,-1.63744,2.74189,1.52201,-2.48743,0.179749,1.67737
0.57656,-1.63754,2.74225,1.52013,-2.48667,0.182521,1.67865
0.576249,-1.63765,2.74261,1.51824,-2.48591,0.185286,1.67992
0.57594,-1.63774,2.74297,1.51634,-2.48515,0.188048,1.68121
0.575634,-1.63783,2.74333,1.51444,-2.4844,0.190806,1.6825
0.575331,-1.63792,2.74369,1.51254,-2.48365,0.19356,1.6838
0.575033,-1.638,2.74406,1.51063,-2.4829,0.196308,1.68509
0.574737,-1.63808,2.74442,1.50871,-2.48215,0.199052,1.6864
0.574444,-1.63815,2.74478,1.50679,-2.48141,0.201793,1.68771
0.574154,-1.63822,2.74514,1.50487,-2.48066,0.204529,1.68903
0.573869,-1.63828,2.74551,1.50293,-2.47992,0.20726,1.69034
0.573586,-1.63834,2.74587,1.501,-2.47918,0.209987,1.69167
0.573306,-1.63839,2.74624,1.49906,-2.47844,0.21271,1.693
0.573029,-1.63844,2.74661,1.49711,-2.4777,0.215428,1.69433
0.572757,-1.63848,2.74697,1.49516,-2.47697,0.218141,1.69567
0.572487,-1.63852,2.74734,1.4932,-2.47624,0.22085,1.69701
0.57222,-1.63855,2.74771,1.49124,-2.47551,0.223555,1.69836
0.571956,-1.63858,2.74808,1.48927,-2.47478,0.226256,1.69972
0.571697,-1.6386,2.74845,1.4873,-2.47405,0.22895,1.70107
0.57144,-1.63862,2.74882,1.48532,-2.47332,0.231642,1.70244
0.571185,-1.63863,2.74919,1.48333,-2.4726,0.234329,1.7038
0.570935,-1.63864,2.74956,1.48134,-2.47187,0.237011,1.70518
0.570689,-1.63864,2.74994,1.47935,-2.47115,0.239687,1.70655
0.570445,-1.63864,2.75031,1.47735,-2.47043,0.24236,1.70793
0.570204,-1.63863,2.75069,1.47535,-2.46971,0.245029,1.70932
0.569966,-1.63862,2.75107,1.47333,-2.469,0.247693,1.71071
0.569733,-1.63861,2.75144,1.47132,-2.46828,0.250351,1.7121
0.569502,-1.63859,2.75182,1.4693,-2.46757,0.253006,1.7135
0.569274,-1.63856,2.7522,1.46727,-2.46686,0.255656,1.7149
0.569049,-1.63853,2.75258,1.46524,-2.46614,0.258302,1.71631
0.568829,-1.63849,2.75296,1.46321,-2.46543,0.260941,1.71772
0.568611,-1.63845,2.75334,1.46116,-2.46473,0.263577,1.71913
0.568396,-1.6384,2.75373,1.45912,-2.46402,0.266209,1.72055
0.568184,-1.63835,2.75411,1.45706,-2.46331,0.268836,1.72198
0.567977,-1.6383,2.7545,1.45501,-2.46261,0.271457,1.72341
0.567772,-1.63824,2.75488,1.45294,-2.46191,0.274074,1.72484
0.567569,-1.63817,2.75527,1.45088,-2.46121,0.276687,1.72627
0.56737,-1.6381,2.75566,1.4488,-2.46051,0.279296,1.72772
0.567176,-1.63803,2.75605,1.44672,-2.45981,0.281898,1.72916
0.566984,-1.63795,2.75644,1.44464,-2.45911,0.284496,1.73061
0.566794,-1.63786,2.75683,1.44255,-2.45841,0.287091,1.73206
0.566608,-1.63777,2.75723,1.44045,-2.45772,0.28968,1.73352
0.566426,-1.63768,2.75762,1.43836,-2.45703,0.292264,1.73498
0.566247,-1.63758,2.75802,1.43625,-2.45633,0.294843,1.73644
0.56607,-1.63747,2.75841,1.43414,-2.45564,0.297419,1.73791
0.565896,-1.63736,2.75881,1.43202,-2.45495,0.29999,1.73939
0.565727,-1.63725,2.75921,1.4299,-2.45426,0.302554,1.74086
0.56556,-1.63713,2.75961,1.42777,-2.45357,0.305115,1.74234
0.565396,-1.637,2.76001,1.42564,-2.45288,0.307671,1.74383
0.565234,-1.63688,2.76041,1.4235,-2.4522,0.310223,1.74532
0.565078,-1.63674,2.76082,1.42136,-2.45151,0.312769,1.74681
0.564923,-1.6366,2.76122,1.41921,-2.45083,0.315311,1.7483
0.564771,-1.63646,2.76163,1.41706,-2.45015,0.317848,1.7498
0.564622,-1.63631,2.76204,1.4149,-2.44946,0.320381,1.75131
0.564478,-1.63616,2.76245,1.41273,-2.44878,0.322908,1.75281
0.564335,-1.636,2.76286,1.41056,-2.4481,0.325431,1.75433
0.564195,-1.63584,2.76327,1.40839,-2.44742,0.327949,1.75584
0.564058,-1.63567,2.76368,1.40621,-2.44674,0.330463,1.75736
0.563926,-1.63549,2.76409,1.40402,-2.44606,0.332971,1.75888
0.563795,-1.63532,2.76451,1.40183,-2.44539,0.335475,1.76041
0.563667,-1.63513,2.76492,1.39963,-2.44471,0.337975,1.76194
0.563542,-1.63494,2.76534,1.39743,-2.44403,0.34047,1.76347
0.563422,-1.63475,2.76576,1.39522,-2.44336,0.342958,1.76501
0.563303,-1.63455,2.76618,1.39301,-2.44269,0.345443,1.76655
0.563187,-1.63435,2.7666,1.39079,-2.44201,0.347924,1.76809
0.563073,-1.63414,2.76702,1.38856,-2.44134,0.3504,1.76964
0.562964,-1.63393,2.76744,1.38633,-2.44067,0.35287,1.77119
0.562857,-1.63371,2.76787,1.3841,-2.44,0.355336,1.77275
0.562752,-1.63349,2.76829,1.38186,-2.43933,0.357798,1.77431
0.56265,-1.63326,2.76872,1.37961,-2.43866,0.360255,1.77587
0.562553,-1.63303,2.76915,1.37736,-2.43799,0.362706,1.77743
0.562457,-1.63279,2.76958,1.3751,-2.43732,0.365153,1.779
0.562364,-1.63255,2.77001,1.37283,-2.43665,0.367596,1.78057
0.562273,-1.6323,2.77044,1.37056,-2.43598,0.370034,1.78215
0.562186,-1.63205,2.77087,1.36829,-2.43531,0.372466,1.78373
0.562102,-1.63179,2.77131,1.36601,-2.43465,0.374894,1.78531
0.562019,-1.63153,2.77174,1.36372,-2.43398,0.377318,1.7869
0.56194,-1.63126,2.77218,1.36143,-2.43332,0.379738,1.78849
0.561864,-1.63099,2.77262,1.35913,-2.43265,0.382151,1.79008
0.56179,-1.63071,2.77306,1.35683,-2.43199,0.38456,1.79168
0.561718,-1.63043,2.7735,1.35452,-2.43132,0.386965,1.79328
0.56165,-1.63014,2.77394,1.35221,-2.43066,0.389366,1.79489
0.561585,-1.62985,2.77438,1.34989,-2.42999,0.39176,1.79649
0.561521,-1.62955,2.77483,1.34756,-2.42933,0.394151,1.7981
0.56146,-1.62925,2.77527,1.34523,-2.42867,0.396538,1.79972
0.561402,-1.62894,2.77572,1.34289,-2.42801,0.39892,1.80134
0.561347,-1.62863,2.77616,1.34055,-2.42735,0.401295,1.80296
0.561294,-1.62831,2.77661,1.3382,-2.42668,0.403667,1.80458
0.561244,-1.62798,2.77706,1.33584,-2.42602,0.406035,1.80621
0.561195,-1.62766,2.77751,1.33348,-2.42536,0.408398,1.80784
0.561151,-1.62732,2.77796,1.33112,-2.4247,0.410755,1.80947
0.561108,-1.62698,2.77842,1.32874,-2.42404,0.413109,1.81111
0.561067,-1.62664,2.77887,1.32637,-2.42338,0.415458,1.81275
0.561029,-1.62629,2.77933,1.32398,-2.42272,0.417803,1.8144
0.560994,-1.62594,2.77978,1.32159,-2.42206,0.420142,1.81605
0.560961,-1.62558,2.78024,1.3192,-2.4214,0.422477,1.8177
0.56093,-1.62521,2.7807,1.31679,-2.42075,0.424807,1.81935
0.560902,-1.62484,2.78116,1.31438,-2.42009,0.427134,1.82101
0.560877,-1.62447,2.78162,1.31197,-2.41943,0.429454,1.82267
0.560853,-1.62409,2.78208,1.30955,-2.41877,0.431771,1.82434
0.560832,-1.6237,2.78254,1.30713,-2.41811,0.434083,1.826
0.560812,-1.62331,2.78301,1.30469,-2.41745,0.436391,1.82768
0.560797,-1.62292,2.78347,1.30226,-2.4168,0.438693,1.82935
0.560782,-1.62252,2.78394,1.29981,-2.41614,0.440991,1.83103
0.56077,-1.62211,2.7844,1.29736,-2.41548,0.443286,1.83271
0.56076,-1.6217,2.78487,1.2949,-2.41483,0.445575,1.8344
0.560753,-1.62128,2.78534,1.29244,-2.41417,0.447859,1.83608
0.560748,-1.62086,2.78581,1.28997,-2.41351,0.45014,1.83778
0.560745,-1.62043,2.78628,1.2875,-2.41285,0.452416,1.83947
0.560744,-1.62,2.78675,1.28502,-2.4122,0.454687,1.84117
0.560746,-1.61956,2.78723,1.28253,-2.41154,0.456953,1.84287
0.560749,-1.61912,2.7877,1.28004,-2.41088,0.459215,1.84458
0.560754,-1.61867,2.78817,1.27754,-2.41023,0.461474,1.84628
0.560762,-1.61821,2.78865,1.27503,-2.40957,0.463727,1.848
0.560773,-1.61776,2.78913,1.27252,-2.40892,0.465975,1.84971
0.560784,-1.61729,2.7896,1.27,-2.40826,0.46822,1.85143
0.560798,-1.61682,2.79008,1.26748,-2.4076,0.47046,1.85315
0.560814,-1.61634,2.79056,1.26494,-2.40695,0.472696,1.85488
0.560833,-1.61586,2.79104,1.26241,-2.40629,0.474926,1.85661
0.560853,-1.61538,2.79152,1.25986,-2.40564,0.477153,1.85834
0.560875,-1.61489,2.792,1.25731,-2.40498,0.479376,1.86008
0.560898,-1.61439,2.79248,1.25475,-2.40432,0.481594,1.86181
0.560925,-1.61389,2.79297,1.25219,-2.40367,0.483806,1.86356
0.560953,-1.61338,2.79345,1.24962,-2.40301,0.486016,1.8653
0.560983,-1.61286,2.79394,1.24704,-2.40236,0.488221,1.86705
0.561014,-1.61234,2.79442,1.24446,-2.4017,0.490422,1.86881
0.561049,-1.61182,2.79491,1.24187,-2.40104,0.492617,1.87056
0.561084,-1.61129,2.7954,1.23927,-2.40039,0.494809,1.87232
0.561122,-1.61075,2.79588,1.23667,-2.39973,0.496997,1.87408
0.561161,-1.61021,2.79637,1.23406,-2.39908,0.49918,1.87585
0.561203,-1.60966,2.79686,1.23144,-2.39842,0.501358,1.87762
0.561246,-1.60911,2.79735,1.22882,-2.39776,0.503533,1.8794
0.56129,-1.60855,2.79784,1.22619,-2.39711,0.505704,1.88117
0.561337,-1.60799,2.79833,1.22355,-2.39645,0.50787,1.88295
0.561386,-1.60742,2.79883,1.22091,-2.3958,0.510031,1.88474
0.561436,-1.60684,2.79932,1.21825,-2.39514,0.512189,1.88653
