0.5,0.5,-0.5,0.5,0.4,-0.4,0.2,0.02
0.4986915,0.5013051,-0.5013051,0.4986915,0.4,-0.4,0.200998,0.02
0.4973795,0.5026068,-0.5026068,0.4973795,0.4,-0.4,0.201997,0.02
0.4960642,0.503905,-0.503905,0.4960642,0.4,-0.4,0.202995,0.02
0.4947455,0.5051999,-0.5051999,0.4947455,0.4,-0.4,0.203993,0.02
0.4934234,0.5064912,-0.5064912,0.4934234,0.4,-0.4,0.204992,0.02
0.4920979,0.5077791,-0.5077791,0.4920979,0.4,-0.4,0.20599,0.02
0.4907691,0.5090635,-0.5090635,0.4907691,0.4,-0.4,0.206988,0.02
0.4894369,0.5103445,-0.5103445,0.4894369,0.4,-0.4,0.207987,0.02
0.4881014,0.511622,-0.511622,0.4881014,0.4,-0.4,0.208985,0.02
0.4867625,0.5128959,-0.5128959,0.4867625,0.4,-0.4,0.209983,0.02
0.4854203,0.5141664,-0.5141664,0.4854203,0.4,-0.4,0.210982,0.02
0.4840748,0.5154334,-0.5154334,0.4840748,0.4,-0.4,0.21198,0.02
0.482726,0.5166968,-0.5166968,0.482726,0.4,-0.4,0.212978,0.02
0.4813739,0.5179567,-0.5179567,0.4813739,0.4,-0.4,0.213977,0.02
0.4800185,0.5192131,-0.5192131,0.4800185,0.4,-0.4,0.214975,0.02
0.4786599,0.5204659,-0.5204659,0.4786599,0.4,-0.4,0.215973,0.02
0.4772979,0.5217151,-0.5217151,0.4772979,0.4,-0.4,0.216972,0.02
0.4759327,0.5229608,-0.5229608,0.4759327,0.4,-0.4,0.21797,0.02
0.4745643,0.524203,-0.524203,0.4745643,0.4,-0.4,0.218968,0.02
0.4731926,0.5254415,-0.5254415,0.4731926,0.4,-0.4,0.219967,0.02
0.4718176,0.5266765,-0.5266765,0.4718176,0.4,-0.4,0.220965,0.02
0.4704395,0.5279078,-0.5279078,0.4704395,0.4,-0.4,0.221963,0.02
0.4690581,0.5291356,-0.5291356,0.4690581,0.4,-0.4,0.222962,0.02
0.4676736,0.5303597,-0.5303597,0.4676736,0.4,-0.4,0.22396,0.02
0.4662858,0.5315803,-0.5315803,0.4662858,0.4,-0.4,0.224958,0.02
0.4648948,0.5327971,-0.5327971,0.4648948,0.4,-0.4,0.225957,0.02
0.4635007,0.5340104,-0.5340104,0.4635007,0.4,-0.4,0.226955,0.02
0.4621034,0.53522,-0.53522,0.4621034,0.4,-0.4,0.227953,0.02
0.460703,0.5364259,-0.5364259,0.460703,0.4,-0.4,0.228952,0.02
0.4592994,0.5376282,-0.5376282,0.4592994,0.4,-0.4,0.22995,0.02
0.4578926,0.5388268,-0.5388268,0.4578926,0.4,-0.4,0.230948,0.02
0.4564828,0.5400217,-0.5400217,0.4564828,0.4,-0.4,0.231947,0.02
0.4550698,0.541213,-0.541213,0.4550698,0.4,-0.4,0.232945,0.02
0.4536537,0.5424005,-0.5424005,0.4536537,0.4,-0.4,0.233943,0.02
0.4522345,0.5435843,-0.5435843,0.4522345,0.4,-0.4,0.234942,0.02
0.4508123,0.5447645,-0.5447645,0.4508123,0.4,-0.4,0.23594,0.02
0.4493869,0.5459408,-0.5459408,0.4493869,0.4,-0.4,0.236938,0.02
0.4479585,0.5471135,-0.5471135,0.4479585,0.4,-0.4,0.237937,0.02
0.446527,0.5482824,-0.5482824,0.446527,0.4,-0.4,0.238935,0.02
0.4450925,0.5494476,-0.5494476,0.4450925,0.4,-0.4,0.239933,0.02
0.4436549,0.5506091,-0.5506091,0.4436549,0.4,-0.4,0.240932,0.02
0.4422143,0.5517667,-0.5517667,0.4422143,0.4,-0.4,0.24193,0.02
0.4407707,0.5529206,-0.5529206,0.4407707,0.4,-0.4,0.242928,0.02
0.439324,0.5540708,-0.5540708,0.439324,0.4,-0.4,0.243927,0.02
0.4378744,0.5552171,-0.5552171,0.4378744,0.4,-0.4,0.244925,0.02
0.4364217,0.5563597,-0.5563597,0.4364217,0.4,-0.4,0.245923,0.02
0.4349661,0.5574984,-0.5574984,0.4349661,0.4,-0.4,0.246922,0.02
0.4335075,0.5586333,-0.5586333,0.4335075,0.4,-0.4,0.24792,0.02
0.432046,0.5597645,-0.5597645,0.432046,0.4,-0.4,0.248918,0.02
0.4305815,0.5608918,-0.5608918,0.4305815,0.4,-0.4,0.249917,0.02
0.4291141,0.5620152,-0.5620152,0.4291141,0.4,-0.4,0.250915,0.02
0.4276437,0.5631349,-0.5631349,0.4276437,0.4,-0.4,0.251913,0.02
0.4261704,0.5642506,-0.5642506,0.4261704,0.4,-0.4,0.252912,0.02
0.4246942,0.5653626,-0.5653626,0.4246942,0.4,-0.4,0.25391,0.02
0.4232151,0.5664706,-0.5664706,0.4232151,0.4,-0.4,0.254908,0.02
0.4217331,0.5675748,-0.5675748,0.4217331,0.4,-0.4,0.255907,0.02
0.4202482,0.5686751,-0.5686751,0.4202482,0.4,-0.4,0.256905,0.02
0.4187605,0.5697716,-0.5697716,0.4187605,0.4,-0.4,0.257903,0.02
0.4172699,0.5708641,-0.5708641,0.4172699,0.4,-0.4,0.258902,0.02
0.4157764,0.5719528,-0.5719528,0.4157764,0.4,-0.4,0.2599,0.02
0.4142801,0.5730375,-0.5730375,0.4142801,0.4,-0.4,0.260899,0.02
0.412781,0.5741183,-0.5741183,0.412781,0.4,-0.4,0.261897,0.02
0.4112791,0.5751952,-0.5751952,0.4112791,0.4,-0.4,0.262895,0.02
0.4097743,0.5762682,-0.5762682,0.4097743,0.4,-0.4,0.263894,0.02
0.4082668,0.5773372,-0.5773372,0.4082668,0.4,-0.4,0.264892,0.02
0.4067564,0.5784023,-0.5784023,0.4067564,0.4,-0.4,0.26589,0.02
0.4052433,0.5794634,-0.5794634,0.4052433,0.4,-0.4,0.266889,0.02
0.4037274,0.5805206,-0.5805206,0.4037274,0.4,-0.4,0.267887,0.02
0.4022088,0.5815738,-0.5815738,0.4022088,0.4,-0.4,0.268885,0.02
0.4006874,0.5826231,-0.5826231,0.4006874,0.4,-0.4,0.269884,0.02
0.3991632,0.5836683,-0.5836683,0.3991632,0.4,-0.4,0.270882,0.02
0.3976364,0.5847096,-0.5847096,0.3976364,0.4,-0.4,0.27188,0.02
0.3961068,0.5857469,-0.5857469,0.3961068,0.4,-0.4,0.272879,0.02
0.3945745,0.5867802,-0.5867802,0.3945745,0.4,-0.4,0.273877,0.02
0.3930395,0.5878094,-0.5878094,0.3930395,0.4,-0.4,0.274875,0.02
0.3915019,0.5888347,-0.5888347,0.3915019,0.4,-0.4,0.275874,0.02
0.3899615,0.5898559,-0.5898559,0.3899615,0.4,-0.4,0.276872,0.02
0.3884185,0.5908731,-0.5908731,0.3884185,0.4,-0.4,0.27787,0.02
0.3868729,0.5918863,-0.5918863,0.3868729,0.4,-0.4,0.278869,0.02
0.3853246,0.5928954,-0.5928954,0.3853246,0.4,-0.4,0.279867,0.02
0.3837737,0.5939005,-0.5939005,0.3837737,0.4,-0.4,0.280865,0.02
0.3822201,0.5949015,-0.5949015,0.3822201,0.4,-0.4,0.281864,0.02
0.380664,0.5958984,-0.5958984,0.380664,0.4,-0.4,0.282862,0.02
0.3791052,0.5968913,-0.5968913,0.3791052,0.4,-0.4,0.28386,0.02
0.3775438,0.5978801,-0.5978801,0.3775438,0.4,-0.4,0.284859,0.02
0.3759799,0.5988648,-0.5988648,0.3759799,0.4,-0.4,0.285857,0.02
0.3744134,0.5998455,-0.5998455,0.3744134,0.4,-0.4,0.286855,0.02
0.3728444,0.600822,-0.600822,0.3728444,0.4,-0.4,0.287854,0.02
0.3712728,0.6017944,-0.6017944,0.3712728,0.4,-0.4,0.288852,0.02
0.3696986,0.6027627,-0.6027627,0.3696986,0.4,-0.4,0.28985,0.02
0.368122,0.6037269,-0.6037269,0.368122,0.4,-0.4,0.290849,0.02
0.3665428,0.604687,-0.604687,0.3665428,0.4,-0.4,0.291847,0.02
0.3649611,0.605643,-0.605643,0.3649611,0.4,-0.4,0.292845,0.02
0.3633769,0.6065948,-0.6065948,0.3633769,0.4,-0.4,0.293844,0.02
0.3617903,0.6075424,-0.6075424,0.3617903,0.4,-0.4,0.294842,0.02
0.3602011,0.6084859,-0.6084859,0.3602011,0.4,-0.4,0.29584,0.02
0.3586095,0.6094253,-0.6094253,0.3586095,0.4,-0.4,0.296839,0.02
0.3570155,0.6103605,-0.6103605,0.3570155,0.4,-0.4,0.297837,0.02
0.355419,0.6112915,-0.6112915,0.355419,0.4,-0.4,0.298835,0.02
0.3538201,0.6122184,-0.6122184,0.3538201,0.4,-0.4,0.299834,0.02
0.3522188,0.613141,-0.613141,0.3522188,0.4,-0.4,0.300832,0.02
0.3506151,0.6140595,-0.6140595,0.3506151,0.4,-0.4,0.30183,0.02
0.3490089,0.6149738,-0.6149738,0.3490089,0.4,-0.4,0.302829,0.02
0.3474004,0.6158839,-0.6158839,0.3474004,0.4,-0.4,0.303827,0.02
0.3457895,0.6167897,-0.6167897,0.3457895,0.4,-0.4,0.304825,0.02
0.3441763,0.6176914,-0.6176914,0.3441763,0.4,-0.4,0.305824,0.02
0.3425607,0.6185889,-0.6185889,0.3425607,0.4,-0.4,0.306822,0.02
0.3409428,0.6194821,-0.6194821,0.3409428,0.4,-0.4,0.30782,0.02
0.3393225,0.6203711,-0.6203711,0.3393225,0.4,-0.4,0.308819,0.02
0.3376999,0.6212558,-0.6212558,0.3376999,0.4,-0.4,0.309817,0.02
0.336075,0.6221363,-0.6221363,0.336075,0.4,-0.4,0.310815,0.02
0.3344478,0.6230126,-0.6230126,0.3344478,0.4,-0.4,0.311814,0.02
0.3328184,0.6238845,-0.6238845,0.3328184,0.4,-0.4,0.312812,0.02
0.3311866,0.6247523,-0.6247523,0.3311866,0.4,-0.4,0.31381,0.02
0.3295526,0.6256157,-0.6256157,0.3295526,0.4,-0.4,0.314809,0.02
0.3279164,0.6264749,-0.6264749,0.3279164,0.4,-0.4,0.315807,0.02
0.3262779,0.6273299,-0.6273299,0.3262779,0.4,-0.4,0.316805,0.02
0.3246371,0.6281805,-0.6281805,0.3246371,0.4,-0.4,0.317804,0.02
0.3229942,0.6290268,-0.6290268,0.3229942,0.4,-0.4,0.318802,0.02
0.3213491,0.6298689,-0.6298689,0.3213491,0.4,-0.4,0.3198,0.02
0.3197017,0.6307066,-0.6307066,0.3197017,0.4,-0.4,0.320799,0.02
0.3180522,0.63154,-0.63154,0.3180522,0.4,-0.4,0.321797,0.02
0.3164005,0.6323691,-0.6323691,0.3164005,0.4,-0.4,0.322795,0.02
0.3147466,0.6331939,-0.6331939,0.3147466,0.4,-0.4,0.323794,0.02
0.3130906,0.6340144,-0.6340144,0.3130906,0.4,-0.4,0.324792,0.02
0.3114325,0.6348306,-0.6348306,0.3114325,0.4,-0.4,0.32579,0.02
0.3097722,0.6356424,-0.6356424,0.3097722,0.4,-0.4,0.326789,0.02
0.3081098,0.6364498,-0.6364498,0.3081098,0.4,-0.4,0.327787,0.02
0.3064453,0.6372529,-0.6372529,0.3064453,0.4,-0.4,0.328785,0.02
0.3047787,0.6380517,-0.6380517,0.3047787,0.4,-0.4,0.329784,0.02
0.30311,0.6388461,-0.6388461,0.30311,0.4,-0.4,0.330782,0.02
0.3014393,0.6396361,-0.6396361,0.3014393,0.4,-0.4,0.33178,0.02
0.2997665,0.6404218,-0.6404218,0.2997665,0.4,-0.4,0.332779,0.02
0.2980916,0.6412031,-0.6412031,0.2980916,0.4,-0.4,0.333777,0.02
0.2964147,0.64198,-0.64198,0.2964147,0.4,-0.4,0.334775,0.02
0.2947358,0.6427525,-0.6427525,0.2947358,0.4,-0.4,0.335774,0.02
0.2930549,0.6435207,-0.6435207,0.2930549,0.4,-0.4,0.336772,0.02
0.2913719,0.6442844,-0.6442844,0.2913719,0.4,-0.4,0.33777,0.02
0.289687,0.6450437,-0.6450437,0.289687,0.4,-0.4,0.338769,0.02
0.2880001,0.6457987,-0.6457987,0.2880001,0.4,-0.4,0.339767,0.02
0.2863113,0.6465492,-0.6465492,0.2863113,0.4,-0.4,0.340765,0.02
0.2846204,0.6472953,-0.6472953,0.2846204,0.4,-0.4,0.341764,0.02
0.2829277,0.648037,-0.648037,0.2829277,0.4,-0.4,0.342762,0.02
0.281233,0.6487742,-0.6487742,0.281233,0.4,-0.4,0.34376,0.02
0.2795364,0.6495071,-0.6495071,0.2795364,0.4,-0.4,0.344759,0.02
0.2778378,0.6502354,-0.6502354,0.2778378,0.4,-0.4,0.345757,0.02
0.2761374,0.6509594,-0.6509594,0.2761374,0.4,-0.4,0.346755,0.02
0.2744351,0.6516789,-0.6516789,0.2744351,0.4,-0.4,0.347754,0.02
0.2727309,0.6523939,-0.6523939,0.2727309,0.4,-0.4,0.348752,0.02
0.2710249,0.6531045,-0.6531045,0.2710249,0.4,-0.4,0.34975,0.02
0.269317,0.6538107,-0.6538107,0.269317,0.4,-0.4,0.350749,0.02
0.2676072,0.6545123,-0.6545123,0.2676072,0.4,-0.4,0.351747,0.02
0.2658956,0.6552095,-0.6552095,0.2658956,0.4,-0.4,0.352745,0.02
0.2641823,0.6559022,-0.6559022,0.2641823,0.4,-0.4,0.353744,0.02
0.2624671,0.6565905,-0.6565905,0.2624671,0.4,-0.4,0.354742,0.02
0.2607501,0.6572742,-0.6572742,0.2607501,0.4,-0.4,0.35574,0.02
0.2590313,0.6579535,-0.6579535,0.2590313,0.4,-0.4,0.356739,0.02
0.2573108,0.6586282,-0.6586282,0.2573108,0.4,-0.4,0.357737,0.02
0.2555885,0.6592985,-0.6592985,0.2555885,0.4,-0.4,0.358735,0.02
0.2538644,0.6599643,-0.6599643,0.2538644,0.4,-0.4,0.359734,0.02
0.2521387,0.6606255,-0.6606255,0.2521387,0.4,-0.4,0.360732,0.02
0.2504112,0.6612823,-0.6612823,0.2504112,0.4,-0.4,0.36173,0.02
0.248682,0.6619345,-0.6619345,0.248682,0.4,-0.4,0.362729,0.02
0.2469511,0.6625822,-0.6625822,0.2469511,0.4,-0.4,0.363727,0.02
0.2452185,0.6632254,-0.6632254,0.2452185,0.4,-0.4,0.364725,0.02
0.2434842,0.663864,-0.663864,0.2434842,0.4,-0.4,0.365724,0.02
0.2417483,0.6644981,-0.6644981,0.2417483,0.4,-0.4,0.366722,0.02
0.2400107,0.6651277,-0.6651277,0.2400107,0.4,-0.4,0.36772,0.02
0.2382715,0.6657527,-0.6657527,0.2382715,0.4,-0.4,0.368719,0.02
0.2365306,0.6663732,-0.6663732,0.2365306,0.4,-0.4,0.369717,0.02
0.2347882,0.6669891,-0.6669891,0.2347882,0.4,-0.4,0.370715,0.02
0.2330441,0.6676005,-0.6676005,0.2330441,0.4,-0.4,0.371714,0.02
0.2312984,0.6682073,-0.6682073,0.2312984,0.4,-0.4,0.372712,0.02
0.2295512,0.6688096,-0.6688096,0.2295512,0.4,-0.4,0.37371,0.02
0.2278024,0.6694073,-0.6694073,0.2278024,0.4,-0.4,0.374709,0.02
0.226052,0.6700004,-0.6700004,0.226052,0.4,-0.4,0.375707,0.02
0.2243001,0.6705889,-0.6705889,0.2243001,0.4,-0.4,0.376705,0.02
0.2225467,0.6711728,-0.6711728,0.2225467,0.4,-0.4,0.377704,0.02
0.2207917,0.6717522,-0.6717522,0.2207917,0.4,-0.4,0.378702,0.02
0.2190352,0.672327,-0.672327,0.2190352,0.4,-0.4,0.3797,0.02
0.2172773,0.6728972,-0.6728972,0.2172773,0.4,-0.4,0.380699,0.02
0.2155178,0.6734627,-0.6734627,0.2155178,0.4,-0.4,0.381697,0.02
0.2137569,0.6740237,-0.6740237,0.2137569,0.4,-0.4,0.382696,0.02
0.2119945,0.6745801,-0.6745801,0.2119945,0.4,-0.4,0.383694,0.02
0.2102307,0.6751319,-0.6751319,0.2102307,0.4,-0.4,0.384692,0.02
0.2084654,0.675679,-0.675679,0.2084654,0.4,-0.4,0.385691,0.02
0.2066987,0.6762216,-0.6762216,0.2066987,0.4,-0.4,0.386689,0.02
0.2049306,0.6767595,-0.6767595,0.2049306,0.4,-0.4,0.387687,0.02
0.2031611,0.6772928,-0.6772928,0.2031611,0.4,-0.4,0.388686,0.02
0.2013902,0.6778215,-0.6778215,0.2013902,0.4,-0.4,0.389684,0.02
0.199618,0.6783455,-0.6783455,0.199618,0.4,-0.4,0.390682,0.02
0.1978444,0.6788649,-0.6788649,0.1978444,0.4,-0.4,0.391681,0.02
0.1960694,0.6793797,-0.6793797,0.1960694,0.4,-0.4,0.392679,0.02
0.194293,0.6798899,-0.6798899,0.194293,0.4,-0.4,0.393677,0.02
0.1925154,0.6803953,-0.6803953,0.1925154,0.4,-0.4,0.394676,0.02
0.1907364,0.6808962,-0.6808962,0.1907364,0.4,-0.4,0.395674,0.02
0.1889562,0.6813924,-0.6813924,0.1889562,0.4,-0.4,0.396672,0.02
0.1871746,0.6818839,-0.6818839,0.1871746,0.4,-0.4,0.397671,0.02
0.1853918,0.6823708,-0.6823708,0.1853918,0.4,-0.4,0.398669,0.02
0.1836077,0.682853,-0.682853,0.1836077,0.4,-0.4,0.399667,0.02
0.1818223,0.6833306,-0.6833306,0.1818223,0.4,-0.4,0.400666,0.02
0.1800357,0.6838034,-0.6838034,0.1800357,0.4,-0.4,0.401664,0.02
0.1782479,0.6842716,-0.6842716,0.1782479,0.4,-0.4,0.402662,0.02
0.1764589,0.6847352,-0.6847352,0.1764589,0.4,-0.4,0.403661,0.02
0.1746686,0.685194,-0.685194,0.1746686,0.4,-0.4,0.404659,0.02
0.1728772,0.6856482,-0.6856482,0.1728772,0.4,-0.4,0.405657,0.02
0.1710845,0.6860977,-0.6860977,0.1710845,0.4,-0.4,0.406656,0.02
0.1692907,0.6865425,-0.6865425,0.1692907,0.4,-0.4,0.407654,0.02
0.1674958,0.6869826,-0.6869826,0.1674958,0.4,-0.4,0.408652,0.02
0.1656997,0.6874181,-0.6874181,0.1656997,0.4,-0.4,0.409651,0.02
0.1639025,0.6878488,-0.6878488,0.1639025,0.4,-0.4,0.410649,0.02
0.1621041,0.6882748,-0.6882748,0.1621041,0.4,-0.4,0.411647,0.02
0.1603047,0.6886962,-0.6886962,0.1603047,0.4,-0.4,0.412646,0.02
0.1585041,0.6891128,-0.6891128,0.1585041,0.4,-0.4,0.413644,0.02
0.1567025,0.6895247,-0.6895247,0.1567025,0.4,-0.4,0.414642,0.02
0.1548998,0.6899319,-0.6899319,0.1548998,0.4,-0.4,0.415641,0.02
0.153096,0.6903344,-0.6903344,0.153096,0.4,-0.4,0.416639,0.02
0.1512912,0.6907322,-0.6907322,0.1512912,0.4,-0.4,0.417637,0.02
0.1494854,0.6911253,-0.6911253,0.1494854,0.4,-0.4,0.418636,0.02
0.1476785,0.6915136,-0.6915136,0.1476785,0.4,-0.4,0.419634,0.02
0.1458707,0.6918972,-0.6918972,0.1458707,0.4,-0.4,0.420632,0.02
0.1440618,0.6922761,-0.6922761,0.1440618,0.4,-0.4,0.421631,0.02
0.142252,0.6926503,-0.6926503,0.142252,0.4,-0.4,0.422629,0.02
0.1404411,0.6930197,-0.6930197,0.1404411,0.4,-0.4,0.423627,0.02
0.1386294,0.6933844,-0.6933844,0.1386294,0.4,-0.4,0.424626,0.02
0.1368166,0.6937443,-0.6937443,0.1368166,0.4,-0.4,0.425624,0.02
0.135003,0.6940996,-0.6940996,0.135003,0.4,-0.4,0.426622,0.02
0.1331884,0.69445,-0.69445,0.1331884,0.4,-0.4,0.427621,0.02
0.1313729,0.6947958,-0.6947958,0.1313729,0.4,-0.4,0.428619,0.02
0.1295565,0.6951368,-0.6951368,0.1295565,0.4,-0.4,0.429617,0.02
0.1277392,0.695473,-0.695473,0.1277392,0.4,-0.4,0.430616,0.02
0.1259211,0.6958045,-0.6958045,0.1259211,0.4,-0.4,0.431614,0.02
0.1241021,0.6961312,-0.6961312,0.1241021,0.4,-0.4,0.432612,0.02
0.1222822,0.6964532,-0.6964532,0.1222822,0.4,-0.4,0.433611,0.02
0.1204615,0.6967704,-0.6967704,0.1204615,0.4,-0.4,0.434609,0.02
0.11864,0.6970829,-0.6970829,0.11864,0.4,-0.4,0.435607,0.02
0.1168177,0.6973906,-0.6973906,0.1168177,0.4,-0.4,0.436606,0.02
0.1149945,0.6976935,-0.6976935,0.1149945,0.4,-0.4,0.437604,0.02
0.1131706,0.6979917,-0.6979917,0.1131706,0.4,-0.4,0.438602,0.02
0.111346,0.6982851,-0.6982851,0.111346,0.4,-0.4,0.439601,0.02
0.1095205,0.6985737,-0.6985737,0.1095205,0.4,-0.4,0.440599,0.02
0.1076943,0.6988576,-0.6988576,0.1076943,0.4,-0.4,0.441597,0.02
0.1058674,0.6991367,-0.6991367,0.1058674,0.4,-0.4,0.442596,0.02
0.1040397,0.699411,-0.699411,0.1040397,0.4,-0.4,0.443594,0.02
0.1022114,0.6996805,-0.6996805,0.1022114,0.4,-0.4,0.444592,0.02
0.1003823,0.6999453,-0.6999453,0.1003823,0.4,-0.4,0.445591,0.02
0.09855259,0.7002052,-0.7002052,0.09855259,0.4,-0.4,0.446589,0.02
0.09672217,0.7004604,-0.7004604,0.09672217,0.4,-0.4,0.447587,0.02
0.09489109,0.7007108,-0.7007108,0.09489109,0.4,-0.4,0.448586,0.02
0.09305936,0.7009565,-0.7009565,0.09305936,0.4,-0.4,0.449584,0.02
0.091227,0.7011973,-0.7011973,0.091227,0.4,-0.4,0.450582,0.02
0.08939402,0.7014333,-0.7014333,0.08939402,0.4,-0.4,0.451581,0.02
0.08756042,0.7016646,-0.7016646,0.08756042,0.4,-0.4,0.452579,0.02
0.08572623,0.701891,-0.701891,0.08572623,0.4,-0.4,0.453577,0.02
0.08389145,0.7021127,-0.7021127,0.08389145,0.4,-0.4,0.454576,0.02
0.08205609,0.7023296,-0.7023296,0.08205609,0.4,-0.4,0.455574,0.02
0.08022018,0.7025416,-0.7025416,0.08022018,0.4,-0.4,0.456572,0.02
0.07838372,0.7027489,-0.7027489,0.07838372,0.4,-0.4,0.457571,0.02
0.07654672,0.7029513,-0.7029513,0.07654672,0.4,-0.4,0.458569,0.02
0.0747092,0.703149,-0.703149,0.0747092,0.4,-0.4,0.459567,0.02
0.07287117,0.7033419,-0.7033419,0.07287117,0.4,-0.4,0.460566,0.02
0.07103265,0.7035299,-0.7035299,0.07103265,0.4,-0.4,0.461564,0.02
0.06919363,0.7037132,-0.7037132,0.06919363,0.4,-0.4,0.462562,0.02
0.06735415,0.7038916,-0.7038916,0.06735415,0.4,-0.4,0.463561,0.02
0.0655142,0.7040653,-0.7040653,0.0655142,0.4,-0.4,0.464559,0.02
0.06367381,0.7042341,-0.7042341,0.06367381,0.4,-0.4,0.465557,0.02
0.06183298,0.7043981,-0.7043981,0.06183298,0.4,-0.4,0.466556,0.02
0.05999173,0.7045573,-0.7045573,0.05999173,0.4,-0.4,0.467554,0.02
0.05815007,0.7047117,-0.7047117,0.05815007,0.4,-0.4,0.468552,0.02
0.05630801,0.7048613,-0.7048613,0.05630801,0.4,-0.4,0.469551,0.02
0.05446557,0.705006,-0.705006,0.05446557,0.4,-0.4,0.470549,0.02
0.05262275,0.705146,-0.705146,0.05262275,0.4,-0.4,0.471547,0.02
0.05077958,0.7052811,-0.7052811,0.05077958,0.4,-0.4,0.472546,0.02
0.04893606,0.7054114,-0.7054114,0.04893606,0.4,-0.4,0.473544,0.02
0.0470922,0.7055369,-0.7055369,0.0470922,0.4,-0.4,0.474542,0.02
0.04524803,0.7056576,-0.7056576,0.04524803,0.4,-0.4,0.475541,0.02
0.04340354,0.7057734,-0.7057734,0.04340354,0.4,-0.4,0.476539,0.02
0.04155876,0.7058845,-0.7058845,0.04155876,0.4,-0.4,0.477537,0.02
0.03971369,0.7059907,-0.7059907,0.03971369,0.4,-0.4,0.478536,0.02
0.03786836,0.7060921,-0.7060921,0.03786836,0.4,-0.4,0.479534,0.02
0.03602276,0.7061886,-0.7061886,0.03602276,0.4,-0.4,0.480532,0.02
0.03417692,0.7062804,-0.7062804,0.03417692,0.4,-0.4,0.481531,0.02
0.03233084,0.7063673,-0.7063673,0.03233084,0.4,-0.4,0.482529,0.02
0.03048455,0.7064494,-0.7064494,0.03048455,0.4,-0.4,0.483527,0.02
0.02863804,0.7065266,-0.7065266,0.02863804,0.4,-0.4,0.484526,0.02
0.02679134,0.7065991,-0.7065991,0.02679134,0.4,-0.4,0.485524,0.02
0.02494446,0.7066667,-0.7066667,0.02494446,0.4,-0.4,0.486522,0.02
0.0230974,0.7067294,-0.7067294,0.0230974,0.4,-0.4,0.487521,0.02
0.02125019,0.7067874,-0.7067874,0.02125019,0.4,-0.4,0.488519,0.02
0.01940284,0.7068405,-0.7068405,0.01940284,0.4,-0.4,0.489517,0.02
0.01755535,0.7068888,-0.7068888,0.01755535,0.4,-0.4,0.490516,0.02
0.01570774,0.7069323,-0.7069323,0.01570774,0.4,-0.4,0.491514,0.02
0.01386002,0.7069709,-0.7069709,0.01386002,0.4,-0.4,0.492512,0.02
0.01201221,0.7070047,-0.7070047,0.01201221,0.4,-0.4,0.493511,0.02
0.01016432,0.7070337,-0.7070337,0.01016432,0.4,-0.4,0.494509,0.02
0.008316353,0.7070579,-0.7070579,0.008316353,0.4,-0.4,0.495507,0.02
0.006468333,0.7070772,-0.7070772,0.006468333,0.4,-0.4,0.496506,0.02
0.00462027,0.7070917,-0.7070917,0.00462027,0.4,-0.4,0.497504,0.02
0.002772174,0.7071013,-0.7071013,0.002772174,0.4,-0.4,0.498502,0.02
0.0009240602,0.7071062,-0.7071062,0.0009240602,0.4,-0.4,0.499501,0.02
-0.0009240602,0.7071062,-0.7071062,-0.0009240602,0.4,-0.4,0.500499,0.02
-0.002772174,0.7071013,-0.7071013,-0.002772174,0.4,-0.4,0.501498,0.02
-0.00462027,0.7070917,-0.7070917,-0.00462027,0.4,-0.4,0.502496,0.02
-0.006468333,0.7070772,-0.7070772,-0.006468333,0.4,-0.4,0.503494,0.02
-0.008316353,0.7070579,-0.7070579,-0.008316353,0.4,-0.4,0.504493,0.02
-0.01016432,0.7070337,-0.7070337,-0.01016432,0.4,-0.4,0.505491,0.02
-0.01201221,0.7070047,-0.7070047,-0.01201221,0.4,-0.4,0.506489,0.02
-0.01386002,0.7069709,-0.7069709,-0.01386002,0.4,-0.4,0.507488,0.02
-0.01570774,0.7069323,-0.7069323,-0.01570774,0.4,-0.4,0.508486,0.02
-0.01755535,0.7068888,-0.7068888,-0.01755535,0.4,-0.4,0.509484,0.02
-0.01940284,0.7068405,-0.7068405,-0.01940284,0.4,-0.4,0.510483,0.02
-0.02125019,0.7067874,-0.7067874,-0.02125019,0.4,-0.4,0.511481,0.02
-0.0230974,0.7067294,-0.7067294,-0.0230974,0.4,-0.4,0.512479,0.02
-0.02494446,0.7066667,-0.7066667,-0.02494446,0.4,-0.4,0.513478,0.02
-0.02679134,0.7065991,-0.7065991,-0.02679134,0.4,-0.4,0.514476,0.02
-0.02863804,0.7065266,-0.7065266,-0.02863804,0.4,-0.4,0.515474,0.02
-0.03048455,0.7064494,-0.7064494,-0.03048455,0.4,-0.4,0.516473,0.02
-0.03233084,0.7063673,-0.7063673,-0.03233084,0.4,-0.4,0.517471,0.02
-0.03417692,0.7062804,-0.7062804,-0.03417692,0.4,-0.4,0.518469,0.02
-0.03602276,0.7061886,-0.7061886,-0.03602276,0.4,-0.4,0.519468,0.02
-0.03786836,0.7060921,-0.7060921,-0.03786836,0.4,-0.4,0.520466,0.02
-0.03971369,0.7059907,-0.7059907,-0.03971369,0.4,-0.4,0.521464,0.02
-0.04155876,0.7058845,-0.7058845,-0.04155876,0.4,-0.4,0.522463,0.02
-0.04340354,0.7057734,-0.7057734,-0.04340354,0.4,-0.4,0.523461,0.02
-0.04524803,0.7056576,-0.7056576,-0.04524803,0.4,-0.4,0.524459,0.02
-0.0470922,0.7055369,-0.7055369,-0.0470922,0.4,-0.4,0.525458,0.02
-0.04893606,0.7054114,-0.7054114,-0.04893606,0.4,-0.4,0.526456,0.02
-0.05077958,0.7052811,-0.7052811,-0.05077958,0.4,-0.4,0.527454,0.02
-0.05262275,0.705146,-0.705146,-0.05262275,0.4,-0.4,0.528453,0.02
-0.05446557,0.705006,-0.705006,-0.05446557,0.4,-0.4,0.529451,0.02
-0.05630801,0.7048613,-0.7048613,-0.05630801,0.4,-0.4,0.530449,0.02
-0.05815007,0.7047117,-0.7047117,-0.05815007,0.4,-0.4,0.531448,0.02
-0.05999173,0.7045573,-0.7045573,-0.05999173,0.4,-0.4,0.532446,0.02
-0.06183298,0.7043981,-0.7043981,-0.06183298,0.4,-0.4,0.533444,0.02
-0.06367381,0.7042341,-0.7042341,-0.06367381,0.4,-0.4,0.534443,0.02
-0.0655142,0.7040653,-0.7040653,-0.0655142,0.4,-0.4,0.535441,0.02
-0.06735415,0.7038916,-0.7038916,-0.06735415,0.4,-0.4,0.536439,0.02
-0.06919363,0.7037132,-0.7037132,-0.06919363,0.4,-0.4,0.537438,0.02
-0.07103265,0.7035299,-0.7035299,-0.07103265,0.4,-0.4,0.538436,0.02
-0.07287117,0.7033419,-0.7033419,-0.07287117,0.4,-0.4,0.539434,0.02
-0.0747092,0.703149,-0.703149,-0.0747092,0.4,-0.4,0.540433,0.02
-0.07654672,0.7029513,-0.7029513,-0.07654672,0.4,-0.4,0.541431,0.02
-0.07838372,0.7027489,-0.7027489,-0.07838372,0.4,-0.4,0.542429,0.02
-0.08022018,0.7025416,-0.7025416,-0.08022018,0.4,-0.4,0.543428,0.02
-0.08205609,0.7023296,-0.7023296,-0.08205609,0.4,-0.4,0.544426,0.02
-0.08389145,0.7021127,-0.7021127,-0.08389145,0.4,-0.4,0.545424,0.02
-0.08572623,0.701891,-0.701891,-0.08572623,0.4,-0.4,0.546423,0.02
-0.08756042,0.7016646,-0.7016646,-0.08756042,0.4,-0.4,0.547421,0.02
-0.08939402,0.7014333,-0.7014333,-0.08939402,0.4,-0.4,0.548419,0.02
-0.091227,0.7011973,-0.7011973,-0.091227,0.4,-0.4,0.549418,0.02
-0.09305936,0.7009565,-0.7009565,-0.09305936,0.4,-0.4,0.550416,0.02
-0.09489109,0.7007108,-0.7007108,-0.09489109,0.4,-0.4,0.551414,0.02
-0.09672217,0.7004604,-0.7004604,-0.09672217,0.4,-0.4,0.552413,0.02
-0.09855259,0.7002052,-0.7002052,-0.09855259,0.4,-0.4,0.553411,0.02
-0.1003823,0.6999453,-0.6999453,-0.1003823,0.4,-0.4,0.554409,0.02
-0.1022114,0.6996805,-0.6996805,-0.1022114,0.4,-0.4,0.555408,0.02
-0.1040397,0.699411,-0.699411,-0.1040397,0.4,-0.4,0.556406,0.02
-0.1058674,0.6991367,-0.6991367,-0.1058674,0.4,-0.4,0.557404,0.02
-0.1076943,0.6988576,-0.6988576,-0.1076943,0.4,-0.4,0.558403,0.02
-0.1095205,0.6985737,-0.6985737,-0.1095205,0.4,-0.4,0.559401,0.02
-0.111346,0.6982851,-0.6982851,-0.111346,0.4,-0.4,0.560399,0.02
-0.1131706,0.6979917,-0.6979917,-0.1131706,0.4,-0.4,0.561398,0.02
-0.1149945,0.6976935,-0.6976935,-0.1149945,0.4,-0.4,0.562396,0.02
-0.1168177,0.6973906,-0.6973906,-0.1168177,0.4,-0.4,0.563394,0.02
-0.11864,0.6970829,-0.6970829,-0.11864,0.4,-0.4,0.564393,0.02
-0.1204615,0.6967704,-0.6967704,-0.1204615,0.4,-0.4,0.565391,0.02
-0.1222822,0.6964532,-0.6964532,-0.1222822,0.4,-0.4,0.566389,0.02
-0.1241021,0.6961312,-0.6961312,-0.1241021,0.4,-0.4,0.567388,0.02
-0.1259211,0.6958045,-0.6958045,-0.1259211,0.4,-0.4,0.568386,0.02
-0.1277392,0.695473,-0.695473,-0.1277392,0.4,-0.4,0.569384,0.02
-0.1295565,0.6951368,-0.6951368,-0.1295565,0.4,-0.4,0.570383,0.02
-0.1313729,0.6947958,-0.6947958,-0.1313729,0.4,-0.4,0.571381,0.02
-0.1331884,0.69445,-0.69445,-0.1331884,0.4,-0.4,0.572379,0.02
-0.135003,0.6940996,-0.6940996,-0.135003,0.4,-0.4,0.573378,0.02
-0.1368166,0.6937443,-0.6937443,-0.1368166,0.4,-0.4,0.574376,0.02
-0.1386294,0.6933844,-0.6933844,-0.1386294,0.4,-0.4,0.575374,0.02
-0.1404411,0.6930197,-0.6930197,-0.1404411,0.4,-0.4,0.576373,0.02
-0.142252,0.6926503,-0.6926503,-0.142252,0.4,-0.4,0.577371,0.02
-0.1440618,0.6922761,-0.6922761,-0.1440618,0.4,-0.4,0.578369,0.02
-0.1458707,0.6918972,-0.6918972,-0.1458707,0.4,-0.4,0.579368,0.02
-0.1476785,0.6915136,-0.6915136,-0.1476785,0.4,-0.4,0.580366,0.02
-0.1494854,0.6911253,-0.6911253,-0.1494854,0.4,-0.4,0.581364,0.02
-0.1512912,0.6907322,-0.6907322,-0.1512912,0.4,-0.4,0.582363,0.02
-0.153096,0.6903344,-0.6903344,-0.153096,0.4,-0.4,0.583361,0.02
-0.1548998,0.6899319,-0.6899319,-0.1548998,0.4,-0.4,0.584359,0.02
-0.1567025,0.6895247,-0.6895247,-0.1567025,0.4,-0.4,0.585358,0.02
-0.1585041,0.6891128,-0.6891128,-0.1585041,0.4,-0.4,0.586356,0.02
-0.1603047,0.6886962,-0.6886962,-0.1603047,0.4,-0.4,0.587354,0.02
-0.1621041,0.6882748,-0.6882748,-0.1621041,0.4,-0.4,0.588353,0.02
-0.1639025,0.6878488,-0.6878488,-0.1639025,0.4,-0.4,0.589351,0.02
-0.1656997,0.6874181,-0.6874181,-0.1656997,0.4,-0.4,0.590349,0.02
-0.1674958,0.6869826,-0.6869826,-0.1674958,0.4,-0.4,0.591348,0.02
-0.1692907,0.6865425,-0.6865425,-0.1692907,0.4,-0.4,0.592346,0.02
-0.1710845,0.6860977,-0.6860977,-0.1710845,0.4,-0.4,0.593344,0.02
-0.1728772,0.6856482,-0.6856482,-0.1728772,0.4,-0.4,0.594343,0.02
-0.1746686,0.685194,-0.685194,-0.1746686,0.4,-0.4,0.595341,0.02
-0.1764589,0.6847352,-0.6847352,-0.1764589,0.4,-0.4,0.596339,0.02
-0.1782479,0.6842716,-0.6842716,-0.1782479,0.4,-0.4,0.597338,0.02
-0.1800357,0.6838034,-0.6838034,-0.1800357,0.4,-0.4,0.598336,0.02
-0.1818223,0.6833306,-0.6833306,-0.1818223,0.4,-0.4,0.599334,0.02
-0.1836077,0.682853,-0.682853,-0.1836077,0.4,-0.4,0.600333,0.02
-0.1853918,0.6823708,-0.6823708,-0.1853918,0.4,-0.4,0.601331,0.02
-0.1871746,0.6818839,-0.6818839,-0.1871746,0.4,-0.4,0.602329,0.02
-0.1889562,0.6813924,-0.6813924,-0.1889562,0.4,-0.4,0.603328,0.02
-0.1907364,0.6808962,-0.6808962,-0.1907364,0.4,-0.4,0.604326,0.02
-0.1925154,0.6803953,-0.6803953,-0.1925154,0.4,-0.4,0.605324,0.02
-0.194293,0.6798899,-0.6798899,-0.194293,0.4,-0.4,0.606323,0.02
-0.1960694,0.6793797,-0.6793797,-0.1960694,0.4,-0.4,0.607321,0.02
-0.1978444,0.6788649,-0.6788649,-0.1978444,0.4,-0.4,0.608319,0.02
-0.199618,0.6783455,-0.6783455,-0.199618,0.4,-0.4,0.609318,0.02
-0.2013902,0.6778215,-0.6778215,-0.2013902,0.4,-0.4,0.610316,0.02
-0.2031611,0.6772928,-0.6772928,-0.2031611,0.4,-0.4,0.611314,0.02
-0.2049306,0.6767595,-0.6767595,-0.2049306,0.4,-0.4,0.612313,0.02
-0.2066987,0.6762216,-0.6762216,-0.2066987,0.4,-0.4,0.613311,0.02
-0.2084654,0.675679,-0.675679,-0.2084654,0.4,-0.4,0.614309,0.02
-0.2102307,0.6751319,-0.6751319,-0.2102307,0.4,-0.4,0.615308,0.02
-0.2119945,0.6745801,-0.6745801,-0.2119945,0.4,-0.4,0.616306,0.02
-0.2137569,0.6740237,-0.6740237,-0.2137569,0.4,-0.4,0.617304,0.02
-0.2155178,0.6734627,-0.6734627,-0.2155178,0.4,-0.4,0.618303,0.02
-0.2172773,0.6728972,-0.6728972,-0.2172773,0.4,-0.4,0.619301,0.02
-0.2190352,0.672327,-0.672327,-0.2190352,0.4,-0.4,0.6203,0.02
-0.2207917,0.6717522,-0.6717522,-0.2207917,0.4,-0.4,0.621298,0.02
-0.2225467,0.6711728,-0.6711728,-0.2225467,0.4,-0.4,0.622296,0.02
-0.2243001,0.6705889,-0.6705889,-0.2243001,0.4,-0.4,0.623295,0.02
-0.226052,0.6700004,-0.6700004,-0.226052,0.4,-0.4,0.624293,0.02
-0.2278024,0.6694073,-0.6694073,-0.2278024,0.4,-0.4,0.625291,0.02
-0.2295512,0.6688096,-0.6688096,-0.2295512,0.4,-0.4,0.62629,0.02
-0.2312984,0.6682073,-0.6682073,-0.2312984,0.4,-0.4,0.627288,0.02
-0.2330441,0.6676005,-0.6676005,-0.2330441,0.4,-0.4,0.628286,0.02
-0.2347882,0.6669891,-0.6669891,-0.2347882,0.4,-0.4,0.629285,0.02
-0.2365306,0.6663732,-0.6663732,-0.2365306,0.4,-0.4,0.630283,0.02
-0.2382715,0.6657527,-0.6657527,-0.2382715,0.4,-0.4,0.631281,0.02
-0.2400107,0.6651277,-0.6651277,-0.2400107,0.4,-0.4,0.63228,0.02
-0.2417483,0.6644981,-0.6644981,-0.2417483,0.4,-0.4,0.633278,0.02
-0.2434842,0.663864,-0.663864,-0.2434842,0.4,-0.4,0.634276,0.02
-0.2452185,0.6632254,-0.6632254,-0.2452185,0.4,-0.4,0.635275,0.02
-0.2469511,0.6625822,-0.6625822,-0.2469511,0.4,-0.4,0.636273,0.02
-0.248682,0.6619345,-0.6619345,-0.248682,0.4,-0.4,0.637271,0.02
-0.2504112,0.6612823,-0.6612823,-0.2504112,0.4,-0.4,0.63827,0.02
-0.2521387,0.6606255,-0.6606255,-0.2521387,0.4,-0.4,0.639268,0.02
-0.2538644,0.6599643,-0.6599643,-0.2538644,0.4,-0.4,0.640266,0.02
-0.2555885,0.6592985,-0.6592985,-0.2555885,0.4,-0.4,0.641265,0.02
-0.2573108,0.6586282,-0.6586282,-0.2573108,0.4,-0.4,0.642263,0.02
-0.2590313,0.6579535,-0.6579535,-0.2590313,0.4,-0.4,0.643261,0.02
-0.2607501,0.6572742,-0.6572742,-0.2607501,0.4,-0.4,0.64426,0.02
-0.2624671,0.6565905,-0.6565905,-0.2624671,0.4,-0.4,0.645258,0.02
-0.2641823,0.6559022,-0.6559022,-0.2641823,0.4,-0.4,0.646256,0.02
-0.2658956,0.6552095,-0.6552095,-0.2658956,0.4,-0.4,0.647255,0.02
-0.2676072,0.6545123,-0.6545123,-0.2676072,0.4,-0.4,0.648253,0.02
-0.269317,0.6538107,-0.6538107,-0.269317,0.4,-0.4,0.649251,0.02
-0.2710249,0.6531045,-0.6531045,-0.2710249,0.4,-0.4,0.65025,0.02
-0.2727309,0.6523939,-0.6523939,-0.2727309,0.4,-0.4,0.651248,0.02
-0.2744351,0.6516789,-0.6516789,-0.2744351,0.4,-0.4,0.652246,0.02
-0.2761374,0.6509594,-0.6509594,-0.2761374,0.4,-0.4,0.653245,0.02
-0.2778378,0.6502354,-0.6502354,-0.2778378,0.4,-0.4,0.654243,0.02
-0.2795364,0.6495071,-0.6495071,-0.2795364,0.4,-0.4,0.655241,0.02
-0.281233,0.6487742,-0.6487742,-0.281233,0.4,-0.4,0.65624,0.02
-0.2829277,0.648037,-0.648037,-0.2829277,0.4,-0.4,0.657238,0.02
-0.2846204,0.6472953,-0.6472953,-0.2846204,0.4,-0.4,0.658236,0.02
-0.2863113,0.6465492,-0.6465492,-0.2863113,0.4,-0.4,0.659235,0.02
-0.2880001,0.6457987,-0.6457987,-0.2880001,0.4,-0.4,0.660233,0.02
-0.289687,0.6450437,-0.6450437,-0.289687,0.4,-0.4,0.661231,0.02
-0.2913719,0.6442844,-0.6442844,-0.2913719,0.4,-0.4,0.66223,0.02
-0.2930549,0.6435207,-0.6435207,-0.2930549,0.4,-0.4,0.663228,0.02
-0.2947358,0.6427525,-0.6427525,-0.2947358,0.4,-0.4,0.664226,0.02
-0.2964147,0.64198,-0.64198,-0.2964147,0.4,-0.4,0.665225,0.02
-0.2980916,0.6412031,-0.6412031,-0.2980916,0.4,-0.4,0.666223,0.02
-0.2997665,0.6404218,-0.6404218,-0.2997665,0.4,-0.4,0.667221,0.02
-0.3014393,0.6396361,-0.6396361,-0.3014393,0.4,-0.4,0.66822,0.02
-0.30311,0.6388461,-0.6388461,-0.30311,0.4,-0.4,0.669218,0.02
-0.3047787,0.6380517,-0.6380517,-0.3047787,0.4,-0.4,0.670216,0.02
-0.3064453,0.6372529,-0.6372529,-0.3064453,0.4,-0.4,0.671215,0.02
-0.3081098,0.6364498,-0.6364498,-0.3081098,0.4,-0.4,0.672213,0.02
-0.3097722,0.6356424,-0.6356424,-0.3097722,0.4,-0.4,0.673211,0.02
-0.3114325,0.6348306,-0.6348306,-0.3114325,0.4,-0.4,0.67421,0.02
-0.3130906,0.6340144,-0.6340144,-0.3130906,0.4,-0.4,0.675208,0.02
-0.3147466,0.6331939,-0.6331939,-0.3147466,0.4,-0.4,0.676206,0.02
-0.3164005,0.6323691,-0.6323691,-0.3164005,0.4,-0.4,0.677205,0.02
-0.3180522,0.63154,-0.63154,-0.3180522,0.4,-0.4,0.678203,0.02
-0.3197017,0.6307066,-0.6307066,-0.3197017,0.4,-0.4,0.679201,0.02
-0.3213491,0.6298689,-0.6298689,-0.3213491,0.4,-0.4,0.6802,0.02
-0.3229942,0.6290268,-0.6290268,-0.3229942,0.4,-0.4,0.681198,0.02
-0.3246371,0.6281805,-0.6281805,-0.3246371,0.4,-0.4,0.682196,0.02
-0.3262779,0.6273299,-0.6273299,-0.3262779,0.4,-0.4,0.683195,0.02
-0.3279164,0.6264749,-0.6264749,-0.3279164,0.4,-0.4,0.684193,0.02
-0.3295526,0.6256157,-0.6256157,-0.3295526,0.4,-0.4,0.685191,0.02
-0.3311866,0.6247523,-0.6247523,-0.3311866,0.4,-0.4,0.68619,0.02
-0.3328184,0.6238845,-0.6238845,-0.3328184,0.4,-0.4,0.687188,0.02
-0.3344478,0.6230126,-0.6230126,-0.3344478,0.4,-0.4,0.688186,0.02
-0.336075,0.6221363,-0.6221363,-0.336075,0.4,-0.4,0.689185,0.02
-0.3376999,0.6212558,-0.6212558,-0.3376999,0.4,-0.4,0.690183,0.02
-0.3393225,0.6203711,-0.6203711,-0.3393225,0.4,-0.4,0.691181,0.02
-0.3409428,0.6194821,-0.6194821,-0.3409428,0.4,-0.4,0.69218,0.02
-0.3425607,0.6185889,-0.6185889,-0.3425607,0.4,-0.4,0.693178,0.02
-0.3441763,0.6176914,-0.6176914,-0.3441763,0.4,-0.4,0.694176,0.02
-0.3457895,0.6167897,-0.6167897,-0.3457895,0.4,-0.4,0.695175,0.02
-0.3474004,0.6158839,-0.6158839,-0.3474004,0.4,-0.4,0.696173,0.02
-0.3490089,0.6149738,-0.6149738,-0.3490089,0.4,-0.4,0.697171,0.02
-0.3506151,0.6140595,-0.6140595,-0.3506151,0.4,-0.4,0.69817,0.02
-0.3522188,0.613141,-0.613141,-0.3522188,0.4,-0.4,0.699168,0.02
-0.3538201,0.6122184,-0.6122184,-0.3538201,0.4,-0.4,0.700166,0.02
-0.355419,0.6112915,-0.6112915,-0.355419,0.4,-0.4,0.701165,0.02
-0.3570155,0.6103605,-0.6103605,-0.3570155,0.4,-0.4,0.702163,0.02
-0.3586095,0.6094253,-0.6094253,-0.3586095,0.4,-0.4,0.703161,0.02
-0.3602011,0.6084859,-0.6084859,-0.3602011,0.4,-0.4,0.70416,0.02
-0.3617903,0.6075424,-0.6075424,-0.3617903,0.4,-0.4,0.705158,0.02
-0.3633769,0.6065948,-0.6065948,-0.3633769,0.4,-0.4,0.706156,0.02
-0.3649611,0.605643,-0.605643,-0.3649611,0.4,-0.4,0.707155,0.02
-0.3665428,0.604687,-0.604687,-0.3665428,0.4,-0.4,0.708153,0.02
-0.368122,0.6037269,-0.6037269,-0.368122,0.4,-0.4,0.709151,0.02
-0.3696986,0.6027627,-0.6027627,-0.3696986,0.4,-0.4,0.71015,0.02
-0.3712728,0.6017944,-0.6017944,-0.3712728,0.4,-0.4,0.711148,0.02
-0.3728444,0.600822,-0.600822,-0.3728444,0.4,-0.4,0.712146,0.02
-0.3744134,0.5998455,-0.5998455,-0.3744134,0.4,-0.4,0.713145,0.02
-0.3759799,0.5988648,-0.5988648,-0.3759799,0.4,-0.4,0.714143,0.02
-0.3775438,0.5978801,-0.5978801,-0.3775438,0.4,-0.4,0.715141,0.02
-0.3791052,0.5968913,-0.5968913,-0.3791052,0.4,-0.4,0.71614,0.02
-0.380664,0.5958984,-0.5958984,-0.380664,0.4,-0.4,0.717138,0.02
-0.3822201,0.5949015,-0.5949015,-0.3822201,0.4,-0.4,0.718136,0.02
-0.3837737,0.5939005,-0.5939005,-0.3837737,0.4,-0.4,0.719135,0.02
-0.3853246,0.5928954,-0.5928954,-0.3853246,0.4,-0.4,0.720133,0.02
-0.3868729,0.5918863,-0.5918863,-0.3868729,0.4,-0.4,0.721131,0.02
-0.3884185,0.5908731,-0.5908731,-0.3884185,0.4,-0.4,0.72213,0.02
-0.3899615,0.5898559,-0.5898559,-0.3899615,0.4,-0.4,0.723128,0.02
-0.3915019,0.5888347,-0.5888347,-0.3915019,0.4,-0.4,0.724126,0.02
-0.3930395,0.5878094,-0.5878094,-0.3930395,0.4,-0.4,0.725125,0.02
-0.3945745,0.5867802,-0.5867802,-0.3945745,0.4,-0.4,0.726123,0.02
-0.3961068,0.5857469,-0.5857469,-0.3961068,0.4,-0.4,0.727121,0.02
-0.3976364,0.5847096,-0.5847096,-0.3976364,0.4,-0.4,0.72812,0.02
-0.3991632,0.5836683,-0.5836683,-0.3991632,0.4,-0.4,0.729118,0.02
-0.4006874,0.5826231,-0.5826231,-0.4006874,0.4,-0.4,0.730116,0.02
-0.4022088,0.5815738,-0.5815738,-0.4022088,0.4,-0.4,0.731115,0.02
-0.4037274,0.5805206,-0.5805206,-0.4037274,0.4,-0.4,0.732113,0.02
-0.4052433,0.5794634,-0.5794634,-0.4052433,0.4,-0.4,0.733111,0.02
-0.4067564,0.5784023,-0.5784023,-0.4067564,0.4,-0.4,0.73411,0.02
-0.4082668,0.5773372,-0.5773372,-0.4082668,0.4,-0.4,0.735108,0.02
-0.4097743,0.5762682,-0.5762682,-0.4097743,0.4,-0.4,0.736106,0.02
-0.4112791,0.5751952,-0.5751952,-0.4112791,0.4,-0.4,0.737105,0.02
-0.412781,0.5741183,-0.5741183,-0.412781,0.4,-0.4,0.738103,0.02
-0.4142801,0.5730375,-0.5730375,-0.4142801,0.4,-0.4,0.739101,0.02
-0.4157764,0.5719528,-0.5719528,-0.4157764,0.4,-0.4,0.7401,0.02
-0.4172699,0.5708641,-0.5708641,-0.4172699,0.4,-0.4,0.741098,0.02
-0.4187605,0.5697716,-0.5697716,-0.4187605,0.4,-0.4,0.742097,0.02
-0.4202482,0.5686751,-0.5686751,-0.4202482,0.4,-0.4,0.743095,0.02
-0.4217331,0.5675748,-0.5675748,-0.4217331,0.4,-0.4,0.744093,0.02
-0.4232151,0.5664706,-0.5664706,-0.4232151,0.4,-0.4,0.745092,0.02
-0.4246942,0.5653626,-0.5653626,-0.4246942,0.4,-0.4,0.74609,0.02
-0.4261704,0.5642506,-0.5642506,-0.4261704,0.4,-0.4,0.747088,0.02
-0.4276437,0.5631349,-0.5631349,-0.4276437,0.4,-0.4,0.748087,0.02
-0.4291141,0.5620152,-0.5620152,-0.4291141,0.4,-0.4,0.749085,0.02
-0.4305815,0.5608918,-0.5608918,-0.4305815,0.4,-0.4,0.750083,0.02
-0.432046,0.5597645,-0.5597645,-0.432046,0.4,-0.4,0.751082,0.02
-0.4335075,0.5586333,-0.5586333,-0.4335075,0.4,-0.4,0.75208,0.02
-0.4349661,0.5574984,-0.5574984,-0.4349661,0.4,-0.4,0.753078,0.02
-0.4364217,0.5563597,-0.5563597,-0.4364217,0.4,-0.4,0.754077,0.02
-0.4378744,0.5552171,-0.5552171,-0.4378744,0.4,-0.4,0.755075,0.02
-0.439324,0.5540708,-0.5540708,-0.439324,0.4,-0.4,0.756073,0.02
-0.4407707,0.5529206,-0.5529206,-0.4407707,0.4,-0.4,0.757072,0.02
-0.4422143,0.5517667,-0.5517667,-0.4422143,0.4,-0.4,0.75807,0.02
-0.4436549,0.5506091,-0.5506091,-0.4436549,0.4,-0.4,0.759068,0.02
-0.4450925,0.5494476,-0.5494476,-0.4450925,0.4,-0.4,0.760067,0.02
-0.446527,0.5482824,-0.5482824,-0.446527,0.4,-0.4,0.761065,0.02
-0.4479585,0.5471135,-0.5471135,-0.4479585,0.4,-0.4,0.762063,0.02
-0.4493869,0.5459408,-0.5459408,-0.4493869,0.4,-0.4,0.763062,0.02
-0.4508123,0.5447645,-0.5447645,-0.4508123,0.4,-0.4,0.76406,0.02
-0.4522345,0.5435843,-0.5435843,-0.4522345,0.4,-0.4,0.765058,0.02
-0.4536537,0.5424005,-0.5424005,-0.4536537,0.4,-0.4,0.766057,0.02
-0.4550698,0.541213,-0.541213,-0.4550698,0.4,-0.4,0.767055,0.02
-0.4564828,0.5400217,-0.5400217,-0.4564828,0.4,-0.4,0.768053,0.02
-0.4578926,0.5388268,-0.5388268,-0.4578926,0.4,-0.4,0.769052,0.02
-0.4592994,0.5376282,-0.5376282,-0.4592994,0.4,-0.4,0.77005,0.02
-0.460703,0.5364259,-0.5364259,-0.460703,0.4,-0.4,0.771048,0.02
-0.4621034,0.53522,-0.53522,-0.4621034,0.4,-0.4,0.772047,0.02
-0.4635007,0.5340104,-0.5340104,-0.4635007,0.4,-0.4,0.773045,0.02
-0.4648948,0.5327971,-0.5327971,-0.4648948,0.4,-0.4,0.774043,0.02
-0.4662858,0.5315803,-0.5315803,-0.4662858,0.4,-0.4,0.775042,0.02
-0.4676736,0.5303597,-0.5303597,-0.4676736,0.4,-0.4,0.77604,0.02
-0.4690581,0.5291356,-0.5291356,-0.4690581,0.4,-0.4,0.777038,0.02
-0.4704395,0.5279078,-0.5279078,-0.4704395,0.4,-0.4,0.778037,0.02
-0.4718176,0.5266765,-0.5266765,-0.4718176,0.4,-0.4,0.779035,0.02
-0.4731926,0.5254415,-0.5254415,-0.4731926,0.4,-0.4,0.780033,0.02
-0.4745643,0.524203,-0.524203,-0.4745643,0.4,-0.4,0.781032,0.02
-0.4759327,0.5229608,-0.5229608,-0.4759327,0.4,-0.4,0.78203,0.02
-0.4772979,0.5217151,-0.5217151,-0.4772979,0.4,-0.4,0.783028,0.02
-0.4786599,0.5204659,-0.5204659,-0.4786599,0.4,-0.4,0.784027,0.02
-0.4800185,0.5192131,-0.5192131,-0.4800185,0.4,-0.4,0.785025,0.02
-0.4813739,0.5179567,-0.5179567,-0.4813739,0.4,-0.4,0.786023,0.02
-0.482726,0.5166968,-0.5166968,-0.482726,0.4,-0.4,0.787022,0.02
-0.4840748,0.5154334,-0.5154334,-0.4840748,0.4,-0.4,0.78802,0.02
-0.4854203,0.5141664,-0.5141664,-0.4854203,0.4,-0.4,0.789018,0.02
-0.4867625,0.5128959,-0.5128959,-0.4867625,0.4,-0.4,0.790017,0.02
-0.4881014,0.511622,-0.511622,-0.4881014,0.4,-0.4,0.791015,0.02
-0.4894369,0.5103445,-0.5103445,-0.4894369,0.4,-0.4,0.792013,0.02
-0.4907691,0.5090635,-0.5090635,-0.4907691,0.4,-0.4,0.793012,0.02
-0.4920979,0.5077791,-0.5077791,-0.4920979,0.4,-0.4,0.79401,0.02
-0.4934234,0.5064912,-0.5064912,-0.4934234,0.4,-0.4,0.795008,0.02
-0.4947455,0.5051999,-0.5051999,-0.4947455,0.4,-0.4,0.796007,0.02
-0.4960642,0.503905,-0.503905,-0.4960642,0.4,-0.4,0.797005,0.02
-0.4973795,0.5026068,-0.5026068,-0.4973795,0.4,-0.4,0.798003,0.02
-0.4986915,0.5013051,-0.5013051,-0.4986915,0.4,-0.4,0.799002,0.02
-0.5,0.5,-0.5,-0.5,0.4,-0.4,0.8,0.02
0.4996222,-0.4996222,0.5011318,0.4996222,0.399001,-0.4,0.8,0.02
0.4992435,-0.4992435,0.5022627,0.4992435,0.398002,-0.4,0.8,0.02
0.4988639,-0.4988639,0.5033928,0.4988639,0.397004,-0.4,0.8,0.02
0.4984836,-0.4984836,0.504522,0.4984836,0.396005,-0.4,0.8,0.02
0.4981023,-0.4981023,0.5056503,0.4981023,0.395006,-0.4,0.8,0.02
0.4977202,-0.4977202,0.5067778,0.4977202,0.394007,-0.4,0.8,0.02
0.4973373,-0.4973373,0.5079044,0.4973373,0.393009,-0.4,0.8,0.02
0.4969535,-0.4969535,0.5090302,0.4969535,0.39201,-0.4,0.8,0.02
0.4965688,-0.4965688,0.510155,0.4965688,0.391011,-0.4,0.8,0.02
0.4961833,-0.4961833,0.511279,0.4961833,0.390012,-0.4,0.8,0.02
0.495797,-0.495797,0.5124022,0.495797,0.389014,-0.4,0.8,0.02
0.4954098,-0.4954098,0.5135244,0.4954098,0.388015,-0.4,0.8,0.02
0.4950218,-0.4950218,0.5146458,0.4950218,0.387016,-0.4,0.8,0.02
0.4946329,-0.4946329,0.5157663,0.4946329,0.386017,-0.4,0.8,0.02
0.4942432,-0.4942432,0.5168859,0.4942432,0.385019,-0.4,0.8,0.02
0.4938526,-0.4938526,0.5180046,0.4938526,0.38402,-0.4,0.8,0.02
0.4934612,-0.4934612,0.5191225,0.4934612,0.383021,-0.4,0.8,0.02
0.4930689,-0.4930689,0.5202394,0.4930689,0.382022,-0.4,0.8,0.02
0.4926758,-0.4926758,0.5213555,0.4926758,0.381024,-0.4,0.8,0.02
0.4922819,-0.4922819,0.5224707,0.4922819,0.380025,-0.4,0.8,0.02
0.4918871,-0.4918871,0.523585,0.4918871,0.379026,-0.4,0.8,0.02
0.4914915,-0.4914915,0.5246984,0.4914915,0.378027,-0.4,0.8,0.02
0.491095,-0.491095,0.5258109,0.491095,0.377029,-0.4,0.8,0.02
0.4906977,-0.4906977,0.5269225,0.4906977,0.37603,-0.4,0.8,0.02
0.4902996,-0.4902996,0.5280332,0.4902996,0.375031,-0.4,0.8,0.02
0.4899006,-0.4899006,0.5291429,0.4899006,0.374032,-0.4,0.8,0.02
0.4895008,-0.4895008,0.5302518,0.4895008,0.373034,-0.4,0.8,0.02
0.4891001,-0.4891001,0.5313598,0.4891001,0.372035,-0.4,0.8,0.02
0.4886986,-0.4886986,0.5324669,0.4886986,0.371036,-0.4,0.8,0.02
0.4882963,-0.4882963,0.5335731,0.4882963,0.370037,-0.4,0.8,0.02
0.4878931,-0.4878931,0.5346783,0.4878931,0.369039,-0.4,0.8,0.02
0.4874891,-0.4874891,0.5357826,0.4874891,0.36804,-0.4,0.8,0.02
0.4870843,-0.4870843,0.5368861,0.4870843,0.367041,-0.4,0.8,0.02
0.4866786,-0.4866786,0.5379886,0.4866786,0.366042,-0.4,0.8,0.02
0.4862721,-0.4862721,0.5390901,0.4862721,0.365044,-0.4,0.8,0.02
0.4858648,-0.4858648,0.5401908,0.4858648,0.364045,-0.4,0.8,0.02
0.4854567,-0.4854567,0.5412906,0.4854567,0.363046,-0.4,0.8,0.02
0.4850477,-0.4850477,0.5423894,0.4850477,0.362047,-0.4,0.8,0.02
0.4846379,-0.4846379,0.5434873,0.4846379,0.361049,-0.4,0.8,0.02
0.4842272,-0.4842272,0.5445842,0.4842272,0.36005,-0.4,0.8,0.02
0.4838158,-0.4838158,0.5456802,0.4838158,0.359051,-0.4,0.8,0.02
0.4834035,-0.4834035,0.5467753,0.4834035,0.358052,-0.4,0.8,0.02
0.4829903,-0.4829903,0.5478695,0.4829903,0.357054,-0.4,0.8,0.02
0.4825764,-0.4825764,0.5489627,0.4825764,0.356055,-0.4,0.8,0.02
0.4821616,-0.4821616,0.550055,0.4821616,0.355056,-0.4,0.8,0.02
0.481746,-0.481746,0.5511463,0.481746,0.354057,-0.4,0.8,0.02
0.4813296,-0.4813296,0.5522368,0.4813296,0.353059,-0.4,0.8,0.02
0.4809124,-0.4809124,0.5533262,0.4809124,0.35206,-0.4,0.8,0.02
0.4804943,-0.4804943,0.5544147,0.4804943,0.351061,-0.4,0.8,0.02
0.4800754,-0.4800754,0.5555023,0.4800754,0.350062,-0.4,0.8,0.02
0.4796557,-0.4796557,0.5565889,0.4796557,0.349064,-0.4,0.8,0.02
0.4792352,-0.4792352,0.5576746,0.4792352,0.348065,-0.4,0.8,0.02
0.4788138,-0.4788138,0.5587593,0.4788138,0.347066,-0.4,0.8,0.02
0.4783917,-0.4783917,0.559843,0.4783917,0.346067,-0.4,0.8,0.02
0.4779687,-0.4779687,0.5609258,0.4779687,0.345069,-0.4,0.8,0.02
0.4775449,-0.4775449,0.5620077,0.4775449,0.34407,-0.4,0.8,0.02
0.4771203,-0.4771203,0.5630886,0.4771203,0.343071,-0.4,0.8,0.02
0.4766948,-0.4766948,0.5641685,0.4766948,0.342072,-0.4,0.8,0.02
0.4762686,-0.4762686,0.5652474,0.4762686,0.341074,-0.4,0.8,0.02
0.4758415,-0.4758415,0.5663254,0.4758415,0.340075,-0.4,0.8,0.02
0.4754137,-0.4754137,0.5674024,0.4754137,0.339076,-0.4,0.8,0.02
0.474985,-0.474985,0.5684785,0.474985,0.338077,-0.4,0.8,0.02
0.4745555,-0.4745555,0.5695536,0.4745555,0.337079,-0.4,0.8,0.02
0.4741252,-0.4741252,0.5706277,0.4741252,0.33608,-0.4,0.8,0.02
0.4736941,-0.4736941,0.5717008,0.4736941,0.335081,-0.4,0.8,0.02
0.4732621,-0.4732621,0.572773,0.4732621,0.334082,-0.4,0.8,0.02
0.4728294,-0.4728294,0.5738441,0.4728294,0.333084,-0.4,0.8,0.02
0.4723958,-0.4723958,0.5749143,0.4723958,0.332085,-0.4,0.8,0.02
0.4719615,-0.4719615,0.5759835,0.4719615,0.331086,-0.4,0.8,0.02
0.4715263,-0.4715263,0.5770518,0.4715263,0.330087,-0.4,0.8,0.02
0.4710904,-0.4710904,0.578119,0.4710904,0.329089,-0.4,0.8,0.02
0.4706536,-0.4706536,0.5791853,0.4706536,0.32809,-0.4,0.8,0.02
0.470216,-0.470216,0.5802505,0.470216,0.327091,-0.4,0.8,0.02
0.4697776,-0.4697776,0.5813148,0.4697776,0.326092,-0.4,0.8,0.02
0.4693385,-0.4693385,0.5823781,0.4693385,0.325094,-0.4,0.8,0.02
0.4688985,-0.4688985,0.5834403,0.4688985,0.324095,-0.4,0.8,0.02
0.4684577,-0.4684577,0.5845016,0.4684577,0.323096,-0.4,0.8,0.02
0.4680161,-0.4680161,0.5855619,0.4680161,0.322097,-0.4,0.8,0.02
0.4675737,-0.4675737,0.5866212,0.4675737,0.321099,-0.4,0.8,0.02
0.4671305,-0.4671305,0.5876795,0.4671305,0.3201,-0.4,0.8,0.02
0.4666866,-0.4666866,0.5887368,0.4666866,0.319101,-0.4,0.8,0.02
0.4662418,-0.4662418,0.589793,0.4662418,0.318102,-0.4,0.8,0.02
0.4657962,-0.4657962,0.5908483,0.4657962,0.317104,-0.4,0.8,0.02
0.4653498,-0.4653498,0.5919025,0.4653498,0.316105,-0.4,0.8,0.02
0.4649027,-0.4649027,0.5929558,0.4649027,0.315106,-0.4,0.8,0.02
0.4644547,-0.4644547,0.594008,0.4644547,0.314107,-0.4,0.8,0.02
0.4640059,-0.4640059,0.5950592,0.4640059,0.313109,-0.4,0.8,0.02
0.4635564,-0.4635564,0.5961094,0.4635564,0.31211,-0.4,0.8,0.02
0.463106,-0.463106,0.5971586,0.463106,0.311111,-0.4,0.8,0.02
0.4626549,-0.4626549,0.5982067,0.4626549,0.310112,-0.4,0.8,0.02
0.462203,-0.462203,0.5992539,0.462203,0.309114,-0.4,0.8,0.02
0.4617503,-0.4617503,0.6003,0.4617503,0.308115,-0.4,0.8,0.02
0.4612968,-0.4612968,0.6013451,0.4612968,0.307116,-0.4,0.8,0.02
0.4608425,-0.4608425,0.6023891,0.4608425,0.306117,-0.4,0.8,0.02
0.4603874,-0.4603874,0.6034322,0.4603874,0.305119,-0.4,0.8,0.02
0.4599315,-0.4599315,0.6044741,0.4599315,0.30412,-0.4,0.8,0.02
0.4594749,-0.4594749,0.6055151,0.4594749,0.303121,-0.4,0.8,0.02
0.4590174,-0.4590174,0.606555,0.4590174,0.302122,-0.4,0.8,0.02
0.4585592,-0.4585592,0.6075939,0.4585592,0.301124,-0.4,0.8,0.02
0.4581002,-0.4581002,0.6086318,0.4581002,0.300125,-0.4,0.8,0.02
0.4576404,-0.4576404,0.6096686,0.4576404,0.299126,-0.4,0.8,0.02
0.4571798,-0.4571798,0.6107043,0.4571798,0.298127,-0.4,0.8,0.02
0.4567185,-0.4567185,0.6117391,0.4567185,0.297129,-0.4,0.8,0.02
0.4562563,-0.4562563,0.6127728,0.4562563,0.29613,-0.4,0.8,0.02
0.4557934,-0.4557934,0.6138054,0.4557934,0.295131,-0.4,0.8,0.02
0.4553297,-0.4553297,0.614837,0.4553297,0.294132,-0.4,0.8,0.02
0.4548653,-0.4548653,0.6158675,0.4548653,0.293134,-0.4,0.8,0.02
0.4544,-0.4544,0.616897,0.4544,0.292135,-0.4,0.8,0.02
0.453934,-0.453934,0.6179254,0.453934,0.291136,-0.4,0.8,0.02
0.4534672,-0.4534672,0.6189528,0.4534672,0.290137,-0.4,0.8,0.02
0.4529996,-0.4529996,0.6199791,0.4529996,0.289139,-0.4,0.8,0.02
0.4525313,-0.4525313,0.6210043,0.4525313,0.28814,-0.4,0.8,0.02
0.4520621,-0.4520621,0.6220285,0.4520621,0.287141,-0.4,0.8,0.02
0.4515922,-0.4515922,0.6230516,0.4515922,0.286142,-0.4,0.8,0.02
0.4511216,-0.4511216,0.6240737,0.4511216,0.285144,-0.4,0.8,0.02
0.4506501,-0.4506501,0.6250947,0.4506501,0.284145,-0.4,0.8,0.02
0.4501779,-0.4501779,0.6261146,0.4501779,0.283146,-0.4,0.8,0.02
0.4497049,-0.4497049,0.6271335,0.4497049,0.282147,-0.4,0.8,0.02
0.4492312,-0.4492312,0.6281513,0.4492312,0.281149,-0.4,0.8,0.02
0.4487567,-0.4487567,0.629168,0.4487567,0.28015,-0.4,0.8,0.02
0.4482814,-0.4482814,0.6301836,0.4482814,0.279151,-0.4,0.8,0.02
0.4478053,-0.4478053,0.6311982,0.4478053,0.278152,-0.4,0.8,0.02
0.4473285,-0.4473285,0.6322116,0.4473285,0.277154,-0.4,0.8,0.02
0.4468509,-0.4468509,0.633224,0.4468509,0.276155,-0.4,0.8,0.02
0.4463726,-0.4463726,0.6342354,0.4463726,0.275156,-0.4,0.8,0.02
0.4458935,-0.4458935,0.6352456,0.4458935,0.274157,-0.4,0.8,0.02
0.4454136,-0.4454136,0.6362547,0.4454136,0.273159,-0.4,0.8,0.02
0.444933,-0.444933,0.6372628,0.444933,0.27216,-0.4,0.8,0.02
0.4444516,-0.4444516,0.6382698,0.4444516,0.271161,-0.4,0.8,0.02
0.4439695,-0.4439695,0.6392756,0.4439695,0.270162,-0.4,0.8,0.02
0.4434866,-0.4434866,0.6402804,0.4434866,0.269164,-0.4,0.8,0.02
0.4430029,-0.4430029,0.6412841,0.4430029,0.268165,-0.4,0.8,0.02
0.4425185,-0.4425185,0.6422867,0.4425185,0.267166,-0.4,0.8,0.02
0.4420333,-0.4420333,0.6432882,0.4420333,0.266167,-0.4,0.8,0.02
0.4415473,-0.4415473,0.6442886,0.4415473,0.265169,-0.4,0.8,0.02
0.4410607,-0.4410607,0.6452879,0.4410607,0.26417,-0.4,0.8,0.02
0.4405732,-0.4405732,0.6462861,0.4405732,0.263171,-0.4,0.8,0.02
0.440085,-0.440085,0.6472832,0.440085,0.262172,-0.4,0.8,0.02
0.4395961,-0.4395961,0.6482792,0.4395961,0.261174,-0.4,0.8,0.02
0.4391064,-0.4391064,0.6492741,0.4391064,0.260175,-0.4,0.8,0.02
0.4386159,-0.4386159,0.6502678,0.4386159,0.259176,-0.4,0.8,0.02
0.4381247,-0.4381247,0.6512605,0.4381247,0.258177,-0.4,0.8,0.02
0.4376328,-0.4376328,0.652252,0.4376328,0.257179,-0.4,0.8,0.02
0.4371401,-0.4371401,0.6532424,0.4371401,0.25618,-0.4,0.8,0.02
0.4366466,-0.4366466,0.6542318,0.4366466,0.255181,-0.4,0.8,0.02
0.4361524,-0.4361524,0.6552199,0.4361524,0.254182,-0.4,0.8,0.02
0.4356575,-0.4356575,0.656207,0.4356575,0.253184,-0.4,0.8,0.02
0.4351618,-0.4351618,0.657193,0.4351618,0.252185,-0.4,0.8,0.02
0.4346654,-0.4346654,0.6581778,0.4346654,0.251186,-0.4,0.8,0.02
0.4341682,-0.4341682,0.6591615,0.4341682,0.250187,-0.4,0.8,0.02
0.4336703,-0.4336703,0.6601441,0.4336703,0.249189,-0.4,0.8,0.02
0.4331717,-0.4331717,0.6611255,0.4331717,0.24819,-0.4,0.8,0.02
0.4326723,-0.4326723,0.6621058,0.4326723,0.247191,-0.4,0.8,0.02
0.4321721,-0.4321721,0.663085,0.4321721,0.246192,-0.4,0.8,0.02
0.4316713,-0.4316713,0.6640631,0.4316713,0.245194,-0.4,0.8,0.02
0.4311697,-0.4311697,0.66504,0.4311697,0.244195,-0.4,0.8,0.02
0.4306673,-0.4306673,0.6660158,0.4306673,0.243196,-0.4,0.8,0.02
0.4301642,-0.4301642,0.6669904,0.4301642,0.242197,-0.4,0.8,0.02
0.4296604,-0.4296604,0.6679639,0.4296604,0.241199,-0.4,0.8,0.02
0.4291559,-0.4291559,0.6689363,0.4291559,0.2402,-0.4,0.8,0.02
0.4286506,-0.4286506,0.6699075,0.4286506,0.239201,-0.4,0.8,0.02
0.4281446,-0.4281446,0.6708776,0.4281446,0.238202,-0.4,0.8,0.02
0.4276378,-0.4276378,0.6718465,0.4276378,0.237203,-0.4,0.8,0.02
0.4271303,-0.4271303,0.6728143,0.4271303,0.236205,-0.4,0.8,0.02
0.4266221,-0.4266221,0.6737809,0.4266221,0.235206,-0.4,0.8,0.02
0.4261132,-0.4261132,0.6747464,0.4261132,0.234207,-0.4,0.8,0.02
0.4256035,-0.4256035,0.6757107,0.4256035,0.233208,-0.4,0.8,0.02
0.4250931,-0.4250931,0.6766739,0.4250931,0.23221,-0.4,0.8,0.02
0.424582,-0.424582,0.6776359,0.424582,0.231211,-0.4,0.8,0.02
0.4240702,-0.4240702,0.6785967,0.4240702,0.230212,-0.4,0.8,0.02
0.4235576,-0.4235576,0.6795564,0.4235576,0.229213,-0.4,0.8,0.02
0.4230443,-0.4230443,0.6805149,0.4230443,0.228215,-0.4,0.8,0.02
0.4225303,-0.4225303,0.6814723,0.4225303,0.227216,-0.4,0.8,0.02
0.4220155,-0.4220155,0.6824285,0.4220155,0.226217,-0.4,0.8,0.02
0.4215001,-0.4215001,0.6833835,0.4215001,0.225218,-0.4,0.8,0.02
0.4209839,-0.4209839,0.6843374,0.4209839,0.22422,-0.4,0.8,0.02
0.420467,-0.420467,0.6852901,0.420467,0.223221,-0.4,0.8,0.02
0.4199494,-0.4199494,0.6862416,0.4199494,0.222222,-0.4,0.8,0.02
0.419431,-0.419431,0.687192,0.419431,0.221223,-0.4,0.8,0.02
0.418912,-0.418912,0.6881412,0.418912,0.220225,-0.4,0.8,0.02
0.4183922,-0.4183922,0.6890892,0.4183922,0.219226,-0.4,0.8,0.02
0.4178717,-0.4178717,0.690036,0.4178717,0.218227,-0.4,0.8,0.02
0.4173505,-0.4173505,0.6909816,0.4173505,0.217228,-0.4,0.8,0.02
0.4168286,-0.4168286,0.6919261,0.4168286,0.21623,-0.4,0.8,0.02
0.416306,-0.416306,0.6928694,0.416306,0.215231,-0.4,0.8,0.02
0.4157826,-0.4157826,0.6938115,0.4157826,0.214232,-0.4,0.8,0.02
0.4152586,-0.4152586,0.6947524,0.4152586,0.213233,-0.4,0.8,0.02
0.4147338,-0.4147338,0.6956921,0.4147338,0.212235,-0.4,0.8,0.02
0.4142084,-0.4142084,0.6966307,0.4142084,0.211236,-0.4,0.8,0.02
0.4136822,-0.4136822,0.697568,0.4136822,0.210237,-0.4,0.8,0.02
0.4131553,-0.4131553,0.6985042,0.4131553,0.209238,-0.4,0.8,0.02
0.4126277,-0.4126277,0.6994391,0.4126277,0.20824,-0.4,0.8,0.02
0.4120994,-0.4120994,0.7003729,0.4120994,0.207241,-0.4,0.8,0.02
0.4115704,-0.4115704,0.7013055,0.4115704,0.206242,-0.4,0.8,0.02
0.4110407,-0.4110407,0.7022368,0.4110407,0.205243,-0.4,0.8,0.02
0.4105103,-0.4105103,0.703167,0.4105103,0.204245,-0.4,0.8,0.02
0.4099792,-0.4099792,0.704096,0.4099792,0.203246,-0.4,0.8,0.02
0.4094474,-0.4094474,0.7050237,0.4094474,0.202247,-0.4,0.8,0.02
0.4089149,-0.4089149,0.7059503,0.4089149,0.201248,-0.4,0.8,0.02
0.4083817,-0.4083817,0.7068756,0.4083817,0.20025,-0.4,0.8,0.02
0.4078478,-0.4078478,0.7077998,0.4078478,0.199251,-0.4,0.8,0.02
0.4073132,-0.4073132,0.7087227,0.4073132,0.198252,-0.4,0.8,0.02
0.4067779,-0.4067779,0.7096444,0.4067779,0.197253,-0.4,0.8,0.02
0.4062419,-0.4062419,0.7105649,0.4062419,0.196255,-0.4,0.8,0.02
0.4057052,-0.4057052,0.7114842,0.4057052,0.195256,-0.4,0.8,0.02
0.4051678,-0.4051678,0.7124023,0.4051678,0.194257,-0.4,0.8,0.02
0.4046298,-0.4046298,0.7133192,0.4046298,0.193258,-0.4,0.8,0.02
0.404091,-0.404091,0.7142348,0.404091,0.19226,-0.4,0.8,0.02
0.4035516,-0.4035516,0.7151492,0.4035516,0.191261,-0.4,0.8,0.02
0.4030114,-0.4030114,0.7160624,0.4030114,0.190262,-0.4,0.8,0.02
0.4024706,-0.4024706,0.7169744,0.4024706,0.189263,-0.4,0.8,0.02
0.4019291,-0.4019291,0.7178852,0.4019291,0.188265,-0.4,0.8,0.02
0.4013869,-0.4013869,0.7187947,0.4013869,0.187266,-0.4,0.8,0.02
0.400844,-0.400844,0.719703,0.400844,0.186267,-0.4,0.8,0.02
0.4003004,-0.4003004,0.72061,0.4003004,0.185268,-0.4,0.8,0.02
0.3997561,-0.3997561,0.7215159,0.3997561,0.18427,-0.4,0.8,0.02
0.3992112,-0.3992112,0.7224205,0.3992112,0.183271,-0.4,0.8,0.02
0.3986655,-0.3986655,0.7233238,0.3986655,0.182272,-0.4,0.8,0.02
0.3981192,-0.3981192,0.724226,0.3981192,0.181273,-0.4,0.8,0.02
0.3975722,-0.3975722,0.7251268,0.3975722,0.180275,-0.4,0.8,0.02
0.3970246,-0.3970246,0.7260265,0.3970246,0.179276,-0.4,0.8,0.02
0.3964762,-0.3964762,0.7269249,0.3964762,0.178277,-0.4,0.8,0.02
0.3959272,-0.3959272,0.7278221,0.3959272,0.177278,-0.4,0.8,0.02
0.3953775,-0.3953775,0.728718,0.3953775,0.17628,-0.4,0.8,0.02
0.3948271,-0.3948271,0.7296127,0.3948271,0.175281,-0.4,0.8,0.02
0.3942761,-0.3942761,0.7305061,0.3942761,0.174282,-0.4,0.8,0.02
0.3937243,-0.3937243,0.7313983,0.3937243,0.173283,-0.4,0.8,0.02
0.3931719,-0.3931719,0.7322892,0.3931719,0.172285,-0.4,0.8,0.02
0.3926189,-0.3926189,0.7331789,0.3926189,0.171286,-0.4,0.8,0.02
0.3920651,-0.3920651,0.7340673,0.3920651,0.170287,-0.4,0.8,0.02
0.3915107,-0.3915107,0.7349545,0.3915107,0.169288,-0.4,0.8,0.02
0.3909556,-0.3909556,0.7358404,0.3909556,0.16829,-0.4,0.8,0.02
0.3903999,-0.3903999,0.7367251,0.3903999,0.167291,-0.4,0.8,0.02
0.3898435,-0.3898435,0.7376085,0.3898435,0.166292,-0.4,0.8,0.02
0.3892864,-0.3892864,0.7384906,0.3892864,0.165293,-0.4,0.8,0.02
0.3887286,-0.3887286,0.7393715,0.3887286,0.164295,-0.4,0.8,0.02
0.3881702,-0.3881702,0.7402511,0.3881702,0.163296,-0.4,0.8,0.02
0.3876111,-0.3876111,0.7411294,0.3876111,0.162297,-0.4,0.8,0.02
0.3870514,-0.3870514,0.7420065,0.3870514,0.161298,-0.4,0.8,0.02
0.386491,-0.386491,0.7428823,0.386491,0.1603,-0.4,0.8,0.02
0.3859299,-0.3859299,0.7437569,0.3859299,0.159301,-0.4,0.8,0.02
0.3853682,-0.3853682,0.7446301,0.3853682,0.158302,-0.4,0.8,0.02
0.3848058,-0.3848058,0.7455021,0.3848058,0.157303,-0.4,0.8,0.02
0.3842428,-0.3842428,0.7463729,0.3842428,0.156305,-0.4,0.8,0.02
0.3836791,-0.3836791,0.7472423,0.3836791,0.155306,-0.4,0.8,0.02
0.3831147,-0.3831147,0.7481105,0.3831147,0.154307,-0.4,0.8,0.02
0.3825497,-0.3825497,0.7489774,0.3825497,0.153308,-0.4,0.8,0.02
0.3819841,-0.3819841,0.749843,0.3819841,0.15231,-0.4,0.8,0.02
0.3814178,-0.3814178,0.7507073,0.3814178,0.151311,-0.4,0.8,0.02
0.3808508,-0.3808508,0.7515704,0.3808508,0.150312,-0.4,0.8,0.02
0.3802832,-0.3802832,0.7524321,0.3802832,0.149313,-0.4,0.8,0.02
0.3797149,-0.3797149,0.7532926,0.3797149,0.148315,-0.4,0.8,0.02
0.379146,-0.379146,0.7541518,0.379146,0.147316,-0.4,0.8,0.02
0.3785764,-0.3785764,0.7550097,0.3785764,0.146317,-0.4,0.8,0.02
0.3780062,-0.3780062,0.7558663,0.3780062,0.145318,-0.4,0.8,0.02
0.3774354,-0.3774354,0.7567216,0.3774354,0.14432,-0.4,0.8,0.02
0.3768639,-0.3768639,0.7575757,0.3768639,0.143321,-0.4,0.8,0.02
0.3762917,-0.3762917,0.7584284,0.3762917,0.142322,-0.4,0.8,0.02
0.3757189,-0.3757189,0.7592798,0.3757189,0.141323,-0.4,0.8,0.02
0.3751455,-0.3751455,0.76013,0.3751455,0.140325,-0.4,0.8,0.02
0.3745714,-0.3745714,0.7609788,0.3745714,0.139326,-0.4,0.8,0.02
0.3739967,-0.3739967,0.7618263,0.3739967,0.138327,-0.4,0.8,0.02
0.3734214,-0.3734214,0.7626726,0.3734214,0.137328,-0.4,0.8,0.02
0.3728454,-0.3728454,0.7635175,0.3728454,0.13633,-0.4,0.8,0.02
0.3722688,-0.3722688,0.7643611,0.3722688,0.135331,-0.4,0.8,0.02
0.3716915,-0.3716915,0.7652034,0.3716915,0.134332,-0.4,0.8,0.02
0.3711136,-0.3711136,0.7660444,0.3711136,0.133333,-0.4,0.8,0.02
0.3705351,-0.3705351,0.7668841,0.3705351,0.132335,-0.4,0.8,0.02
0.3699559,-0.3699559,0.7677225,0.3699559,0.131336,-0.4,0.8,0.02
0.3693761,-0.3693761,0.7685596,0.3693761,0.130337,-0.4,0.8,0.02
0.3687957,-0.3687957,0.7693954,0.3687957,0.129338,-0.4,0.8,0.02
0.3682146,-0.3682146,0.7702298,0.3682146,0.12834,-0.4,0.8,0.02
0.3676329,-0.3676329,0.771063,0.3676329,0.127341,-0.4,0.8,0.02
0.3670506,-0.3670506,0.7718948,0.3670506,0.126342,-0.4,0.8,0.02
0.3664677,-0.3664677,0.7727253,0.3664677,0.125343,-0.4,0.8,0.02
0.3658841,-0.3658841,0.7735545,0.3658841,0.124345,-0.4,0.8,0.02
0.3652999,-0.3652999,0.7743823,0.3652999,0.123346,-0.4,0.8,0.02
0.3647151,-0.3647151,0.7752088,0.3647151,0.122347,-0.4,0.8,0.02
0.3641296,-0.3641296,0.776034,0.3641296,0.121348,-0.4,0.8,0.02
0.3635436,-0.3635436,0.7768579,0.3635436,0.12035,-0.4,0.8,0.02
0.3629569,-0.3629569,0.7776805,0.3629569,0.119351,-0.4,0.8,0.02
0.3623696,-0.3623696,0.7785017,0.3623696,0.118352,-0.4,0.8,0.02
0.3617816,-0.3617816,0.7793216,0.3617816,0.117353,-0.4,0.8,0.02
0.3611931,-0.3611931,0.7801401,0.3611931,0.116355,-0.4,0.8,0.02
0.3606039,-0.3606039,0.7809574,0.3606039,0.115356,-0.4,0.8,0.02
0.3600142,-0.3600142,0.7817733,0.3600142,0.114357,-0.4,0.8,0.02
0.3594238,-0.3594238,0.7825878,0.3594238,0.113358,-0.4,0.8,0.02
0.3588328,-0.3588328,0.783401,0.3588328,0.11236,-0.4,0.8,0.02
0.3582411,-0.3582411,0.7842129,0.3582411,0.111361,-0.4,0.8,0.02
0.3576489,-0.3576489,0.7850234,0.3576489,0.110362,-0.4,0.8,0.02
0.357056,-0.357056,0.7858326,0.357056,0.109363,-0.4,0.8,0.02
0.3564626,-0.3564626,0.7866405,0.3564626,0.108365,-0.4,0.8,0.02
0.3558685,-0.3558685,0.787447,0.3558685,0.107366,-0.4,0.8,0.02
0.3552739,-0.3552739,0.7882522,0.3552739,0.106367,-0.4,0.8,0.02
0.3546786,-0.3546786,0.789056,0.3546786,0.105368,-0.4,0.8,0.02
0.3540827,-0.3540827,0.7898584,0.3540827,0.10437,-0.4,0.8,0.02
0.3534862,-0.3534862,0.7906596,0.3534862,0.103371,-0.4,0.8,0.02
0.3528891,-0.3528891,0.7914593,0.3528891,0.102372,-0.4,0.8,0.02
0.3522914,-0.3522914,0.7922577,0.3522914,0.101373,-0.4,0.8,0.02
0.3516931,-0.3516931,0.7930548,0.3516931,0.100375,-0.4,0.8,0.02
0.3510942,-0.3510942,0.7938505,0.3510942,0.099376,-0.4,0.8,0.02
0.3504947,-0.3504947,0.7946448,0.3504947,0.098377,-0.4,0.8,0.02
0.3498946,-0.3498946,0.7954378,0.3498946,0.097378,-0.4,0.8,0.02
0.3492939,-0.3492939,0.7962295,0.3492939,0.09638,-0.4,0.8,0.02
0.3486926,-0.3486926,0.7970197,0.3486926,0.095381,-0.4,0.8,0.02
0.3480907,-0.3480907,0.7978086,0.3480907,0.094382,-0.4,0.8,0.02
0.3474882,-0.3474882,0.7985962,0.3474882,0.093383,-0.4,0.8,0.02
0.3468851,-0.3468851,0.7993823,0.3468851,0.092385,-0.4,0.8,0.02
0.3462814,-0.3462814,0.8001672,0.3462814,0.091386,-0.4,0.8,0.02
0.3456772,-0.3456772,0.8009506,0.3456772,0.090387,-0.4,0.8,0.02
0.3450723,-0.3450723,0.8017327,0.3450723,0.089388,-0.4,0.8,0.02
0.3444669,-0.3444669,0.8025134,0.3444669,0.08839,-0.4,0.8,0.02
0.3438608,-0.3438608,0.8032927,0.3438608,0.087391,-0.4,0.8,0.02
0.3432542,-0.3432542,0.8040707,0.3432542,0.086392,-0.4,0.8,0.02
0.342647,-0.342647,0.8048472,0.342647,0.085393,-0.4,0.8,0.02
0.3420392,-0.3420392,0.8056225,0.3420392,0.084395,-0.4,0.8,0.02
0.3414308,-0.3414308,0.8063963,0.3414308,0.083396,-0.4,0.8,0.02
0.3408219,-0.3408219,0.8071687,0.3408219,0.082397,-0.4,0.8,0.02
0.3402123,-0.3402123,0.8079398,0.3402123,0.081398,-0.4,0.8,0.02
0.3396022,-0.3396022,0.8087095,0.3396022,0.0804,-0.4,0.8,0.02
0.3389915,-0.3389915,0.8094778,0.3389915,0.079401,-0.4,0.8,0.02
0.3383802,-0.3383802,0.8102447,0.3383802,0.078402,-0.4,0.8,0.02
0.3377683,-0.3377683,0.8110103,0.3377683,0.077403,-0.4,0.8,0.02
0.3371559,-0.3371559,0.8117744,0.3371559,0.076404,-0.4,0.8,0.02
0.3365429,-0.3365429,0.8125372,0.3365429,0.075406,-0.4,0.8,0.02
0.3359293,-0.3359293,0.8132986,0.3359293,0.074407,-0.4,0.8,0.02
0.3353151,-0.3353151,0.8140586,0.3353151,0.073408,-0.4,0.8,0.02
0.3347004,-0.3347004,0.8148172,0.3347004,0.072409,-0.4,0.8,0.02
0.334085,-0.334085,0.8155744,0.334085,0.071411,-0.4,0.8,0.02
0.3334691,-0.3334691,0.8163302,0.3334691,0.070412,-0.4,0.8,0.02
0.3328527,-0.3328527,0.8170846,0.3328527,0.069413,-0.4,0.8,0.02
0.3322357,-0.3322357,0.8178376,0.3322357,0.068414,-0.4,0.8,0.02
0.3316181,-0.3316181,0.8185892,0.3316181,0.067416,-0.4,0.8,0.02
0.3309999,-0.3309999,0.8193395,0.3309999,0.066417,-0.4,0.8,0.02
0.3303812,-0.3303812,0.8200883,0.3303812,0.065418,-0.4,0.8,0.02
0.3297619,-0.3297619,0.8208357,0.3297619,0.064419,-0.4,0.8,0.02
0.329142,-0.329142,0.8215817,0.329142,0.063421,-0.4,0.8,0.02
0.3285216,-0.3285216,0.8223263,0.3285216,0.062422,-0.4,0.8,0.02
0.3279007,-0.3279007,0.8230695,0.3279007,0.061423,-0.4,0.8,0.02
0.3272791,-0.3272791,0.8238113,0.3272791,0.060424,-0.4,0.8,0.02
0.326657,-0.326657,0.8245517,0.326657,0.059426,-0.4,0.8,0.02
0.3260344,-0.3260344,0.8252907,0.3260344,0.058427,-0.4,0.8,0.02
0.3254112,-0.3254112,0.8260283,0.3254112,0.057428,-0.4,0.8,0.02
0.3247874,-0.3247874,0.8267645,0.3247874,0.056429,-0.4,0.8,0.02
0.3241631,-0.3241631,0.8274992,0.3241631,0.055431,-0.4,0.8,0.02
0.3235382,-0.3235382,0.8282325,0.3235382,0.054432,-0.4,0.8,0.02
0.3229127,-0.3229127,0.8289645,0.3229127,0.053433,-0.4,0.8,0.02
0.3222868,-0.3222868,0.829695,0.3222868,0.052434,-0.4,0.8,0.02
0.3216602,-0.3216602,0.830424,0.3216602,0.051436,-0.4,0.8,0.02
0.3210331,-0.3210331,0.8311517,0.3210331,0.050437,-0.4,0.8,0.02
0.3204055,-0.3204055,0.8318779,0.3204055,0.049438,-0.4,0.8,0.02
0.3197773,-0.3197773,0.8326028,0.3197773,0.048439,-0.4,0.8,0.02
0.3191486,-0.3191486,0.8333262,0.3191486,0.047441,-0.4,0.8,0.02
0.3185193,-0.3185193,0.8340481,0.3185193,0.046442,-0.4,0.8,0.02
0.3178895,-0.3178895,0.8347687,0.3178895,0.045443,-0.4,0.8,0.02
0.3172592,-0.3172592,0.8354878,0.3172592,0.044444,-0.4,0.8,0.02
0.3166283,-0.3166283,0.8362055,0.3166283,0.043446,-0.4,0.8,0.02
0.3159968,-0.3159968,0.8369218,0.3159968,0.042447,-0.4,0.8,0.02
0.3153648,-0.3153648,0.8376366,0.3153648,0.041448,-0.4,0.8,0.02
0.3147323,-0.3147323,0.83835,0.3147323,0.040449,-0.4,0.8,0.02
0.3140992,-0.3140992,0.839062,0.3140992,0.039451,-0.4,0.8,0.02
0.3134656,-0.3134656,0.8397725,0.3134656,0.038452,-0.4,0.8,0.02
0.3128315,-0.3128315,0.8404816,0.3128315,0.037453,-0.4,0.8,0.02
0.3121968,-0.3121968,0.8411893,0.3121968,0.036454,-0.4,0.8,0.02
0.3115616,-0.3115616,0.8418955,0.3115616,0.035456,-0.4,0.8,0.02
0.3109259,-0.3109259,0.8426003,0.3109259,0.034457,-0.4,0.8,0.02
0.3102896,-0.3102896,0.8433036,0.3102896,0.033458,-0.4,0.8,0.02
0.3096528,-0.3096528,0.8440055,0.3096528,0.032459,-0.4,0.8,0.02
0.3090155,-0.3090155,0.844706,0.3090155,0.031461,-0.4,0.8,0.02
0.3083777,-0.3083777,0.845405,0.3083777,0.030462,-0.4,0.8,0.02
0.3077393,-0.3077393,0.8461026,0.3077393,0.029463,-0.4,0.8,0.02
0.3071004,-0.3071004,0.8467987,0.3071004,0.028464,-0.4,0.8,0.02
0.306461,-0.306461,0.8474934,0.306461,0.027466,-0.4,0.8,0.02
0.305821,-0.305821,0.8481866,0.305821,0.026467,-0.4,0.8,0.02
0.3051805,-0.3051805,0.8488784,0.3051805,0.025468,-0.4,0.8,0.02
0.3045395,-0.3045395,0.8495687,0.3045395,0.024469,-0.4,0.8,0.02
0.303898,-0.303898,0.8502576,0.303898,0.023471,-0.4,0.8,0.02
0.303256,-0.303256,0.850945,0.303256,0.022472,-0.4,0.8,0.02
0.3026134,-0.3026134,0.851631,0.3026134,0.021473,-0.4,0.8,0.02
0.3019703,-0.3019703,0.8523155,0.3019703,0.020474,-0.4,0.8,0.02
0.3013267,-0.3013267,0.8529986,0.3013267,0.019476,-0.4,0.8,0.02
0.3006826,-0.3006826,0.8536802,0.3006826,0.018477,-0.4,0.8,0.02
0.300038,-0.300038,0.8543603,0.300038,0.017478,-0.4,0.8,0.02
0.2993929,-0.2993929,0.855039,0.2993929,0.016479,-0.4,0.8,0.02
0.2987472,-0.2987472,0.8557162,0.2987472,0.015481,-0.4,0.8,0.02
0.2981011,-0.2981011,0.856392,0.2981011,0.014482,-0.4,0.8,0.02
0.2974544,-0.2974544,0.8570663,0.2974544,0.013483,-0.4,0.8,0.02
0.2968072,-0.2968072,0.8577391,0.2968072,0.012484,-0.4,0.8,0.02
0.2961596,-0.2961596,0.8584105,0.2961596,0.011486,-0.4,0.8,0.02
0.2955114,-0.2955114,0.8590804,0.2955114,0.010487,-0.4,0.8,0.02
0.2948627,-0.2948627,0.8597488,0.2948627,0.009488,-0.4,0.8,0.02
0.2942135,-0.2942135,0.8604158,0.2942135,0.008489,-0.4,0.8,0.02
0.2935638,-0.2935638,0.8610812,0.2935638,0.007491,-0.4,0.8,0.02
0.2929136,-0.2929136,0.8617453,0.2929136,0.006492,-0.4,0.8,0.02
0.2922629,-0.2922629,0.8624078,0.2922629,0.005493,-0.4,0.8,0.02
0.2916117,-0.2916117,0.8630689,0.2916117,0.004494,-0.4,0.8,0.02
0.29096,-0.29096,0.8637285,0.29096,0.003496,-0.4,0.8,0.02
0.2903078,-0.2903078,0.8643866,0.2903078,0.002497,-0.4,0.8,0.02
0.2896551,-0.2896551,0.8650432,0.2896551,0.001498,-0.4,0.8,0.02
0.2890019,-0.2890019,0.8656984,0.2890019,0.000499,-0.4,0.8,0.02
0.2883482,-0.2883482,0.8663521,0.2883482,-0.000499,-0.4,0.8,0.02
0.2876941,-0.2876941,0.8670043,0.2876941,-0.001498,-0.4,0.8,0.02
0.2870394,-0.2870394,0.867655,0.2870394,-0.002497,-0.4,0.8,0.02
0.2863842,-0.2863842,0.8683042,0.2863842,-0.003496,-0.4,0.8,0.02
0.2857286,-0.2857286,0.868952,0.2857286,-0.004494,-0.4,0.8,0.02
0.2850725,-0.2850725,0.8695982,0.2850725,-0.005493,-0.4,0.8,0.02
0.2844158,-0.2844158,0.870243,0.2844158,-0.006492,-0.4,0.8,0.02
0.2837587,-0.2837587,0.8708863,0.2837587,-0.007491,-0.4,0.8,0.02
0.2831011,-0.2831011,0.8715281,0.2831011,-0.008489,-0.4,0.8,0.02
0.2824431,-0.2824431,0.8721684,0.2824431,-0.009488,-0.4,0.8,0.02
0.2817845,-0.2817845,0.8728072,0.2817845,-0.010487,-0.4,0.8,0.02
0.2811255,-0.2811255,0.8734446,0.2811255,-0.011486,-0.4,0.8,0.02
0.2804659,-0.2804659,0.8740804,0.2804659,-0.012484,-0.4,0.8,0.02
0.2798059,-0.2798059,0.8747148,0.2798059,-0.013483,-0.4,0.8,0.02
0.2791455,-0.2791455,0.8753476,0.2791455,-0.014482,-0.4,0.8,0.02
0.2784845,-0.2784845,0.875979,0.2784845,-0.015481,-0.4,0.8,0.02
0.2778231,-0.2778231,0.8766088,0.2778231,-0.016479,-0.4,0.8,0.02
0.2771612,-0.2771612,0.8772372,0.2771612,-0.017478,-0.4,0.8,0.02
0.2764988,-0.2764988,0.877864,0.2764988,-0.018477,-0.4,0.8,0.02
0.2758359,-0.2758359,0.8784894,0.2758359,-0.019476,-0.4,0.8,0.02
0.2751726,-0.2751726,0.8791133,0.2751726,-0.020474,-0.4,0.8,0.02
0.2745088,-0.2745088,0.8797356,0.2745088,-0.021473,-0.4,0.8,0.02
0.2738445,-0.2738445,0.8803565,0.2738445,-0.022472,-0.4,0.8,0.02
0.2731798,-0.2731798,0.8809758,0.2731798,-0.023471,-0.4,0.8,0.02
0.2725146,-0.2725146,0.8815936,0.2725146,-0.024469,-0.4,0.8,0.02
0.2718489,-0.2718489,0.88221,0.2718489,-0.025468,-0.4,0.8,0.02
0.2711828,-0.2711828,0.8828248,0.2711828,-0.026467,-0.4,0.8,0.02
0.2705162,-0.2705162,0.8834381,0.2705162,-0.027466,-0.4,0.8,0.02
0.2698492,-0.2698492,0.8840499,0.2698492,-0.028464,-0.4,0.8,0.02
0.2691816,-0.2691816,0.8846602,0.2691816,-0.029463,-0.4,0.8,0.02
0.2685137,-0.2685137,0.885269,0.2685137,-0.030462,-0.4,0.8,0.02
0.2678452,-0.2678452,0.8858763,0.2678452,-0.031461,-0.4,0.8,0.02
0.2671763,-0.2671763,0.886482,0.2671763,-0.032459,-0.4,0.8,0.02
0.266507,-0.266507,0.8870863,0.266507,-0.033458,-0.4,0.8,0.02
0.2658372,-0.2658372,0.887689,0.2658372,-0.034457,-0.4,0.8,0.02
0.2651669,-0.2651669,0.8882902,0.2651669,-0.035456,-0.4,0.8,0.02
0.2644962,-0.2644962,0.8888899,0.2644962,-0.036454,-0.4,0.8,0.02
0.263825,-0.263825,0.8894881,0.263825,-0.037453,-0.4,0.8,0.02
0.2631534,-0.2631534,0.8900847,0.2631534,-0.038452,-0.4,0.8,0.02
0.2624814,-0.2624814,0.8906799,0.2624814,-0.039451,-0.4,0.8,0.02
0.2618089,-0.2618089,0.8912735,0.2618089,-0.040449,-0.4,0.8,0.02
0.2611359,-0.2611359,0.8918655,0.2611359,-0.041448,-0.4,0.8,0.02
0.2604625,-0.2604625,0.8924561,0.2604625,-0.042447,-0.4,0.8,0.02
0.2597886,-0.2597886,0.8930451,0.2597886,-0.043446,-0.4,0.8,0.02
0.2591143,-0.2591143,0.8936326,0.2591143,-0.044444,-0.4,0.8,0.02
0.2584396,-0.2584396,0.8942186,0.2584396,-0.045443,-0.4,0.8,0.02
0.2577644,-0.2577644,0.8948031,0.2577644,-0.046442,-0.4,0.8,0.02
0.2570888,-0.2570888,0.895386,0.2570888,-0.047441,-0.4,0.8,0.02
0.2564127,-0.2564127,0.8959674,0.2564127,-0.048439,-0.4,0.8,0.02
0.2557362,-0.2557362,0.8965472,0.2557362,-0.049438,-0.4,0.8,0.02
0.2550593,-0.2550593,0.8971256,0.2550593,-0.050437,-0.4,0.8,0.02
0.2543819,-0.2543819,0.8977024,0.2543819,-0.051436,-0.4,0.8,0.02
0.2537041,-0.2537041,0.8982776,0.2537041,-0.052434,-0.4,0.8,0.02
0.2530259,-0.2530259,0.8988513,0.2530259,-0.053433,-0.4,0.8,0.02
0.2523472,-0.2523472,0.8994235,0.2523472,-0.054432,-0.4,0.8,0.02
0.2516681,-0.2516681,0.8999942,0.2516681,-0.055431,-0.4,0.8,0.02
0.2509885,-0.2509885,0.9005633,0.2509885,-0.056429,-0.4,0.8,0.02
0.2503086,-0.2503086,0.9011309,0.2503086,-0.057428,-0.4,0.8,0.02
0.2496282,-0.2496282,0.9016969,0.2496282,-0.058427,-0.4,0.8,0.02
0.2489474,-0.2489474,0.9022614,0.2489474,-0.059426,-0.4,0.8,0.02
0.2482661,-0.2482661,0.9028243,0.2482661,-0.060424,-0.4,0.8,0.02
0.2475844,-0.2475844,0.9033858,0.2475844,-0.061423,-0.4,0.8,0.02
0.2469024,-0.2469024,0.9039456,0.2469024,-0.062422,-0.4,0.8,0.02
0.2462198,-0.2462198,0.9045039,0.2462198,-0.063421,-0.4,0.8,0.02
0.2455369,-0.2455369,0.9050607,0.2455369,-0.064419,-0.4,0.8,0.02
0.2448535,-0.2448535,0.9056159,0.2448535,-0.065418,-0.4,0.8,0.02
0.2441698,-0.2441698,0.9061696,0.2441698,-0.066417,-0.4,0.8,0.02
0.2434856,-0.2434856,0.9067217,0.2434856,-0.067416,-0.4,0.8,0.02
0.242801,-0.242801,0.9072723,0.242801,-0.068414,-0.4,0.8,0.02
0.242116,-0.242116,0.9078213,0.242116,-0.069413,-0.4,0.8,0.02
0.2414305,-0.2414305,0.9083688,0.2414305,-0.070412,-0.4,0.8,0.02
0.2407447,-0.2407447,0.9089147,0.2407447,-0.071411,-0.4,0.8,0.02
0.2400584,-0.2400584,0.9094591,0.2400584,-0.072409,-0.4,0.8,0.02
0.2393717,-0.2393717,0.9100019,0.2393717,-0.073408,-0.4,0.8,0.02
0.2386847,-0.2386847,0.9105432,0.2386847,-0.074407,-0.4,0.8,0.02
0.2379972,-0.2379972,0.9110829,0.2379972,-0.075406,-0.4,0.8,0.02
0.2373093,-0.2373093,0.911621,0.2373093,-0.076404,-0.4,0.8,0.02
0.236621,-0.236621,0.9121576,0.236621,-0.077403,-0.4,0.8,0.02
0.2359323,-0.2359323,0.9126927,0.2359323,-0.078402,-0.4,0.8,0.02
0.2352432,-0.2352432,0.9132261,0.2352432,-0.079401,-0.4,0.8,0.02
0.2345537,-0.2345537,0.913758,0.2345537,-0.0804,-0.4,0.8,0.02
0.2338637,-0.2338637,0.9142884,0.2338637,-0.081398,-0.4,0.8,0.02
0.2331734,-0.2331734,0.9148172,0.2331734,-0.082397,-0.4,0.8,0.02
0.2324827,-0.2324827,0.9153444,0.2324827,-0.083396,-0.4,0.8,0.02
0.2317916,-0.2317916,0.91587,0.2317916,-0.084395,-0.4,0.8,0.02
0.2311001,-0.2311001,0.9163941,0.2311001,-0.085393,-0.4,0.8,0.02
0.2304082,-0.2304082,0.9169167,0.2304082,-0.086392,-0.4,0.8,0.02
0.2297159,-0.2297159,0.9174376,0.2297159,-0.087391,-0.4,0.8,0.02
0.2290232,-0.2290232,0.917957,0.2290232,-0.08839,-0.4,0.8,0.02
0.2283302,-0.2283302,0.9184748,0.2283302,-0.089388,-0.4,0.8,0.02
0.2276367,-0.2276367,0.9189911,0.2276367,-0.090387,-0.4,0.8,0.02
0.2269429,-0.2269429,0.9195057,0.2269429,-0.091386,-0.4,0.8,0.02
0.2262486,-0.2262486,0.9200189,0.2262486,-0.092385,-0.4,0.8,0.02
0.225554,-0.225554,0.9205304,0.225554,-0.093383,-0.4,0.8,0.02
0.224859,-0.224859,0.9210404,0.224859,-0.094382,-0.4,0.8,0.02
0.2241636,-0.2241636,0.9215487,0.2241636,-0.095381,-0.4,0.8,0.02
0.2234678,-0.2234678,0.9220556,0.2234678,-0.09638,-0.4,0.8,0.02
0.2227716,-0.2227716,0.9225608,0.2227716,-0.097378,-0.4,0.8,0.02
0.2220751,-0.2220751,0.9230645,0.2220751,-0.098377,-0.4,0.8,0.02
0.2213782,-0.2213782,0.9235665,0.2213782,-0.099376,-0.4,0.8,0.02
0.2206808,-0.2206808,0.924067,0.2206808,-0.100375,-0.4,0.8,0.02
0.2199832,-0.2199832,0.924566,0.2199832,-0.101373,-0.4,0.8,0.02
0.2192851,-0.2192851,0.9250633,0.2192851,-0.102372,-0.4,0.8,0.02
0.2185867,-0.2185867,0.9255591,0.2185867,-0.103371,-0.4,0.8,0.02
0.2178879,-0.2178879,0.9260532,0.2178879,-0.10437,-0.4,0.8,0.02
0.2171887,-0.2171887,0.9265458,0.2171887,-0.105368,-0.4,0.8,0.02
0.2164892,-0.2164892,0.9270369,0.2164892,-0.106367,-0.4,0.8,0.02
0.2157892,-0.2157892,0.9275263,0.2157892,-0.107366,-0.4,0.8,0.02
0.2150889,-0.2150889,0.9280141,0.2150889,-0.108365,-0.4,0.8,0.02
0.2143883,-0.2143883,0.9285004,0.2143883,-0.109363,-0.4,0.8,0.02
0.2136873,-0.2136873,0.9289851,0.2136873,-0.110362,-0.4,0.8,0.02
0.2129859,-0.2129859,0.9294681,0.2129859,-0.111361,-0.4,0.8,0.02
0.2122841,-0.2122841,0.9299496,0.2122841,-0.11236,-0.4,0.8,0.02
0.211582,-0.211582,0.9304295,0.211582,-0.113358,-0.4,0.8,0.02
0.2108796,-0.2108796,0.9309079,0.2108796,-0.114357,-0.4,0.8,0.02
0.2101767,-0.2101767,0.9313846,0.2101767,-0.115356,-0.4,0.8,0.02
0.2094735,-0.2094735,0.9318597,0.2094735,-0.116355,-0.4,0.8,0.02
0.20877,-0.20877,0.9323333,0.20877,-0.117353,-0.4,0.8,0.02
0.2080661,-0.2080661,0.9328052,0.2080661,-0.118352,-0.4,0.8,0.02
0.2073618,-0.2073618,0.9332756,0.2073618,-0.119351,-0.4,0.8,0.02
0.2066572,-0.2066572,0.9337443,0.2066572,-0.12035,-0.4,0.8,0.02
0.2059522,-0.2059522,0.9342115,0.2059522,-0.121348,-0.4,0.8,0.02
0.2052469,-0.2052469,0.934677,0.2052469,-0.122347,-0.4,0.8,0.02
0.2045412,-0.2045412,0.935141,0.2045412,-0.123346,-0.4,0.8,0.02
0.2038352,-0.2038352,0.9356034,0.2038352,-0.124345,-0.4,0.8,0.02
0.2031288,-0.2031288,0.9360641,0.2031288,-0.125343,-0.4,0.8,0.02
0.2024221,-0.2024221,0.9365233,0.2024221,-0.126342,-0.4,0.8,0.02
0.201715,-0.201715,0.9369809,0.201715,-0.127341,-0.4,0.8,0.02
0.2010076,-0.2010076,0.9374368,0.2010076,-0.12834,-0.4,0.8,0.02
0.2002999,-0.2002999,0.9378912,0.2002999,-0.129338,-0.4,0.8,0.02
0.1995918,-0.1995918,0.938344,0.1995918,-0.130337,-0.4,0.8,0.02
0.1988833,-0.1988833,0.9387951,0.1988833,-0.131336,-0.4,0.8,0.02
0.1981745,-0.1981745,0.9392447,0.1981745,-0.132335,-0.4,0.8,0.02
0.1974654,-0.1974654,0.9396926,0.1974654,-0.133333,-0.4,0.8,0.02
0.196756,-0.196756,0.940139,0.196756,-0.134332,-0.4,0.8,0.02
0.1960462,-0.1960462,0.9405837,0.1960462,-0.135331,-0.4,0.8,0.02
0.1953361,-0.1953361,0.9410268,0.1953361,-0.13633,-0.4,0.8,0.02
0.1946256,-0.1946256,0.9414683,0.1946256,-0.137328,-0.4,0.8,0.02
0.1939148,-0.1939148,0.9419083,0.1939148,-0.138327,-0.4,0.8,0.02
0.1932037,-0.1932037,0.9423465,0.1932037,-0.139326,-0.4,0.8,0.02
0.1924922,-0.1924922,0.9427832,0.1924922,-0.140325,-0.4,0.8,0.02
0.1917804,-0.1917804,0.9432183,0.1917804,-0.141323,-0.4,0.8,0.02
0.1910683,-0.1910683,0.9436518,0.1910683,-0.142322,-0.4,0.8,0.02
0.1903559,-0.1903559,0.9440836,0.1903559,-0.143321,-0.4,0.8,0.02
0.1896431,-0.1896431,0.9445139,0.1896431,-0.14432,-0.4,0.8,0.02
0.18893,-0.18893,0.9449425,0.18893,-0.145318,-0.4,0.8,0.02
0.1882166,-0.1882166,0.9453695,0.1882166,-0.146317,-0.4,0.8,0.02
0.1875029,-0.1875029,0.9457949,0.1875029,-0.147316,-0.4,0.8,0.02
0.1867888,-0.1867888,0.9462187,0.1867888,-0.148315,-0.4,0.8,0.02
0.1860745,-0.1860745,0.9466408,0.1860745,-0.149313,-0.4,0.8,0.02
0.1853598,-0.1853598,0.9470614,0.1853598,-0.150312,-0.4,0.8,0.02
0.1846448,-0.1846448,0.9474803,0.1846448,-0.151311,-0.4,0.8,0.02
0.1839295,-0.1839295,0.9478976,0.1839295,-0.15231,-0.4,0.8,0.02
0.1832138,-0.1832138,0.9483133,0.1832138,-0.153308,-0.4,0.8,0.02
0.1824979,-0.1824979,0.9487273,0.1824979,-0.154307,-0.4,0.8,0.02
0.1817816,-0.1817816,0.9491398,0.1817816,-0.155306,-0.4,0.8,0.02
0.181065,-0.181065,0.9495506,0.181065,-0.156305,-0.4,0.8,0.02
0.1803482,-0.1803482,0.9499598,0.1803482,-0.157303,-0.4,0.8,0.02
0.179631,-0.179631,0.9503674,0.179631,-0.158302,-0.4,0.8,0.02
0.1789135,-0.1789135,0.9507733,0.1789135,-0.159301,-0.4,0.8,0.02
0.1781957,-0.1781957,0.9511776,0.1781957,-0.1603,-0.4,0.8,0.02
0.1774776,-0.1774776,0.9515803,0.1774776,-0.161298,-0.4,0.8,0.02
0.1767592,-0.1767592,0.9519814,0.1767592,-0.162297,-0.4,0.8,0.02
0.1760404,-0.1760404,0.9523809,0.1760404,-0.163296,-0.4,0.8,0.02
0.1753214,-0.1753214,0.9527787,0.1753214,-0.164295,-0.4,0.8,0.02
0.1746021,-0.1746021,0.9531749,0.1746021,-0.165293,-0.4,0.8,0.02
0.1738825,-0.1738825,0.9535694,0.1738825,-0.166292,-0.4,0.8,0.02
0.1731626,-0.1731626,0.9539623,0.1731626,-0.167291,-0.4,0.8,0.02
0.1724424,-0.1724424,0.9543536,0.1724424,-0.16829,-0.4,0.8,0.02
0.1717219,-0.1717219,0.9547433,0.1717219,-0.169288,-0.4,0.8,0.02
0.1710011,-0.1710011,0.9551313,0.1710011,-0.170287,-0.4,0.8,0.02
0.17028,-0.17028,0.9555177,0.17028,-0.171286,-0.4,0.8,0.02
0.1695586,-0.1695586,0.9559025,0.1695586,-0.172285,-0.4,0.8,0.02
0.168837,-0.168837,0.9562856,0.168837,-0.173283,-0.4,0.8,0.02
0.168115,-0.168115,0.9566671,0.168115,-0.174282,-0.4,0.8,0.02
0.1673928,-0.1673928,0.957047,0.1673928,-0.175281,-0.4,0.8,0.02
0.1666702,-0.1666702,0.9574252,0.1666702,-0.17628,-0.4,0.8,0.02
0.1659474,-0.1659474,0.9578018,0.1659474,-0.177278,-0.4,0.8,0.02
0.1652243,-0.1652243,0.9581768,0.1652243,-0.178277,-0.4,0.8,0.02
0.164501,-0.164501,0.9585501,0.164501,-0.179276,-0.4,0.8,0.02
0.1637773,-0.1637773,0.9589218,0.1637773,-0.180275,-0.4,0.8,0.02
0.1630534,-0.1630534,0.9592918,0.1630534,-0.181273,-0.4,0.8,0.02
0.1623291,-0.1623291,0.9596602,0.1623291,-0.182272,-0.4,0.8,0.02
0.1616046,-0.1616046,0.960027,0.1616046,-0.183271,-0.4,0.8,0.02
0.1608799,-0.1608799,0.9603921,0.1608799,-0.18427,-0.4,0.8,0.02
0.1601548,-0.1601548,0.9607556,0.1601548,-0.185268,-0.4,0.8,0.02
0.1594295,-0.1594295,0.9611174,0.1594295,-0.186267,-0.4,0.8,0.02
0.1587039,-0.1587039,0.9614776,0.1587039,-0.187266,-0.4,0.8,0.02
0.157978,-0.157978,0.9618362,0.157978,-0.188265,-0.4,0.8,0.02
0.1572519,-0.1572519,0.9621931,0.1572519,-0.189263,-0.4,0.8,0.02
0.1565255,-0.1565255,0.9625483,0.1565255,-0.190262,-0.4,0.8,0.02
0.1557988,-0.1557988,0.962902,0.1557988,-0.191261,-0.4,0.8,0.02
0.1550719,-0.1550719,0.9632539,0.1550719,-0.19226,-0.4,0.8,0.02
0.1543447,-0.1543447,0.9636042,0.1543447,-0.193258,-0.4,0.8,0.02
0.1536172,-0.1536172,0.9639529,0.1536172,-0.194257,-0.4,0.8,0.02
0.1528895,-0.1528895,0.9643,0.1528895,-0.195256,-0.4,0.8,0.02
0.1521615,-0.1521615,0.9646453,0.1521615,-0.196255,-0.4,0.8,0.02
0.1514333,-0.1514333,0.9649891,0.1514333,-0.197253,-0.4,0.8,0.02
0.1507048,-0.1507048,0.9653312,0.1507048,-0.198252,-0.4,0.8,0.02
0.149976,-0.149976,0.9656716,0.149976,-0.199251,-0.4,0.8,0.02
0.149247,-0.149247,0.9660104,0.149247,-0.20025,-0.4,0.8,0.02
0.1485177,-0.1485177,0.9663475,0.1485177,-0.201248,-0.4,0.8,0.02
0.1477882,-0.1477882,0.966683,0.1477882,-0.202247,-0.4,0.8,0.02
0.1470584,-0.1470584,0.9670168,0.1470584,-0.203246,-0.4,0.8,0.02
0.1463283,-0.1463283,0.967349,0.1463283,-0.204245,-0.4,0.8,0.02
0.145598,-0.145598,0.9676795,0.145598,-0.205243,-0.4,0.8,0.02
0.1448675,-0.1448675,0.9680084,0.1448675,-0.206242,-0.4,0.8,0.02
0.1441367,-0.1441367,0.9683356,0.1441367,-0.207241,-0.4,0.8,0.02
0.1434057,-0.1434057,0.9686611,0.1434057,-0.20824,-0.4,0.8,0.02
0.1426744,-0.1426744,0.968985,0.1426744,-0.209238,-0.4,0.8,0.02
0.1419429,-0.1419429,0.9693073,0.1419429,-0.210237,-0.4,0.8,0.02
0.1412112,-0.1412112,0.9696279,0.1412112,-0.211236,-0.4,0.8,0.02
0.1404792,-0.1404792,0.9699468,0.1404792,-0.212235,-0.4,0.8,0.02
0.1397469,-0.1397469,0.9702641,0.1397469,-0.213233,-0.4,0.8,0.02
0.1390144,-0.1390144,0.9705797,0.1390144,-0.214232,-0.4,0.8,0.02
0.1382817,-0.1382817,0.9708937,0.1382817,-0.215231,-0.4,0.8,0.02
0.1375488,-0.1375488,0.971206,0.1375488,-0.21623,-0.4,0.8,0.02
0.1368156,-0.1368156,0.9715166,0.1368156,-0.217228,-0.4,0.8,0.02
0.1360821,-0.1360821,0.9718256,0.1360821,-0.218227,-0.4,0.8,0.02
0.1353485,-0.1353485,0.9721329,0.1353485,-0.219226,-0.4,0.8,0.02
0.1346146,-0.1346146,0.9724385,0.1346146,-0.220225,-0.4,0.8,0.02
0.1338805,-0.1338805,0.9727425,0.1338805,-0.221223,-0.4,0.8,0.02
0.1331461,-0.1331461,0.9730449,0.1331461,-0.222222,-0.4,0.8,0.02
0.1324116,-0.1324116,0.9733455,0.1324116,-0.223221,-0.4,0.8,0.02
0.1316768,-0.1316768,0.9736445,0.1316768,-0.22422,-0.4,0.8,0.02
0.1309417,-0.1309417,0.9739419,0.1309417,-0.225218,-0.4,0.8,0.02
0.1302065,-0.1302065,0.9742376,0.1302065,-0.226217,-0.4,0.8,0.02
0.129471,-0.129471,0.9745316,0.129471,-0.227216,-0.4,0.8,0.02
0.1287353,-0.1287353,0.9748239,0.1287353,-0.228215,-0.4,0.8,0.02
0.1279994,-0.1279994,0.9751146,0.1279994,-0.229213,-0.4,0.8,0.02
0.1272633,-0.1272633,0.9754036,0.1272633,-0.230212,-0.4,0.8,0.02
0.1265269,-0.1265269,0.9756909,0.1265269,-0.231211,-0.4,0.8,0.02
0.1257904,-0.1257904,0.9759766,0.1257904,-0.23221,-0.4,0.8,0.02
0.1250536,-0.1250536,0.9762606,0.1250536,-0.233208,-0.4,0.8,0.02
0.1243166,-0.1243166,0.976543,0.1243166,-0.234207,-0.4,0.8,0.02
0.1235794,-0.1235794,0.9768236,0.1235794,-0.235206,-0.4,0.8,0.02
0.122842,-0.122842,0.9771026,0.122842,-0.236205,-0.4,0.8,0.02
0.1221043,-0.1221043,0.97738,0.1221043,-0.237203,-0.4,0.8,0.02
0.1213665,-0.1213665,0.9776556,0.1213665,-0.238202,-0.4,0.8,0.02
0.1206285,-0.1206285,0.9779296,0.1206285,-0.239201,-0.4,0.8,0.02
0.1198902,-0.1198902,0.9782019,0.1198902,-0.2402,-0.4,0.8,0.02
0.1191517,-0.1191517,0.9784726,0.1191517,-0.241199,-0.4,0.8,0.02
0.1184131,-0.1184131,0.9787415,0.1184131,-0.242197,-0.4,0.8,0.02
0.1176742,-0.1176742,0.9790088,0.1176742,-0.243196,-0.4,0.8,0.02
0.1169352,-0.1169352,0.9792745,0.1169352,-0.244195,-0.4,0.8,0.02
0.1161959,-0.1161959,0.9795384,0.1161959,-0.245194,-0.4,0.8,0.02
0.1154564,-0.1154564,0.9798007,0.1154564,-0.246192,-0.4,0.8,0.02
0.1147168,-0.1147168,0.9800613,0.1147168,-0.247191,-0.4,0.8,0.02
0.1139769,-0.1139769,0.9803202,0.1139769,-0.24819,-0.4,0.8,0.02
0.1132369,-0.1132369,0.9805775,0.1132369,-0.249189,-0.4,0.8,0.02
0.1124966,-0.1124966,0.9808331,0.1124966,-0.250187,-0.4,0.8,0.02
0.1117562,-0.1117562,0.981087,0.1117562,-0.251186,-0.4,0.8,0.02
0.1110156,-0.1110156,0.9813392,0.1110156,-0.252185,-0.4,0.8,0.02
0.1102748,-0.1102748,0.9815897,0.1102748,-0.253184,-0.4,0.8,0.02
0.1095338,-0.1095338,0.9818386,0.1095338,-0.254182,-0.4,0.8,0.02
0.1087926,-0.1087926,0.9820858,0.1087926,-0.255181,-0.4,0.8,0.02
0.1080512,-0.1080512,0.9823313,0.1080512,-0.25618,-0.4,0.8,0.02
0.1073096,-0.1073096,0.9825752,0.1073096,-0.257179,-0.4,0.8,0.02
0.1065679,-0.1065679,0.9828173,0.1065679,-0.258177,-0.4,0.8,0.02
0.105826,-0.105826,0.9830578,0.105826,-0.259176,-0.4,0.8,0.02
0.1050838,-0.1050838,0.9832966,0.1050838,-0.260175,-0.4,0.8,0.02
0.1043416,-0.1043416,0.9835337,0.1043416,-0.261174,-0.4,0.8,0.02
0.1035991,-0.1035991,0.9837691,0.1035991,-0.262172,-0.4,0.8,0.02
0.1028565,-0.1028565,0.9840029,0.1028565,-0.263171,-0.4,0.8,0.02
0.1021136,-0.1021136,0.9842349,0.1021136,-0.26417,-0.4,0.8,0.02
0.1013706,-0.1013706,0.9844653,0.1013706,-0.265169,-0.4,0.8,0.02
0.1006275,-0.1006275,0.984694,0.1006275,-0.266167,-0.4,0.8,0.02
0.09988413,-0.09988413,0.9849211,0.09988413,-0.267166,-0.4,0.8,0.02
0.09914062,-0.09914062,0.9851464,0.09914062,-0.268165,-0.4,0.8,0.02
0.09839694,-0.09839694,0.98537,0.09839694,-0.269164,-0.4,0.8,0.02
0.0976531,-0.0976531,0.985592,0.0976531,-0.270162,-0.4,0.8,0.02
0.09690908,-0.09690908,0.9858123,0.09690908,-0.271161,-0.4,0.8,0.02
0.0961649,-0.0961649,0.9860309,0.0961649,-0.27216,-0.4,0.8,0.02
0.09542056,-0.09542056,0.9862478,0.09542056,-0.273159,-0.4,0.8,0.02
0.09467605,-0.09467605,0.986463,0.09467605,-0.274157,-0.4,0.8,0.02
0.09393138,-0.09393138,0.9866766,0.09393138,-0.275156,-0.4,0.8,0.02
0.09318655,-0.09318655,0.9868884,0.09318655,-0.276155,-0.4,0.8,0.02
0.09244156,-0.09244156,0.9870986,0.09244156,-0.277154,-0.4,0.8,0.02
0.09169641,-0.09169641,0.9873071,0.09169641,-0.278152,-0.4,0.8,0.02
0.09095111,-0.09095111,0.9875139,0.09095111,-0.279151,-0.4,0.8,0.02
0.09020565,-0.09020565,0.987719,0.09020565,-0.28015,-0.4,0.8,0.02
0.08946004,-0.08946004,0.9879224,0.08946004,-0.281149,-0.4,0.8,0.02
0.08871427,-0.08871427,0.9881241,0.08871427,-0.282147,-0.4,0.8,0.02
0.08796835,-0.08796835,0.9883242,0.08796835,-0.283146,-0.4,0.8,0.02
0.08722229,-0.08722229,0.9885225,0.08722229,-0.284145,-0.4,0.8,0.02
0.08647607,-0.08647607,0.9887192,0.08647607,-0.285144,-0.4,0.8,0.02
0.0857297,-0.0857297,0.9889142,0.0857297,-0.286142,-0.4,0.8,0.02
0.08498319,-0.08498319,0.9891075,0.08498319,-0.287141,-0.4,0.8,0.02
0.08423654,-0.08423654,0.9892991,0.08423654,-0.28814,-0.4,0.8,0.02
0.08348973,-0.08348973,0.989489,0.08348973,-0.289139,-0.4,0.8,0.02
0.08274279,-0.08274279,0.9896772,0.08274279,-0.290137,-0.4,0.8,0.02
0.08199571,-0.08199571,0.9898637,0.08199571,-0.291136,-0.4,0.8,0.02
0.08124848,-0.08124848,0.9900485,0.08124848,-0.292135,-0.4,0.8,0.02
0.08050112,-0.08050112,0.9902316,0.08050112,-0.293134,-0.4,0.8,0.02
0.07975362,-0.07975362,0.9904131,0.07975362,-0.294132,-0.4,0.8,0.02
0.07900598,-0.07900598,0.9905928,0.07900598,-0.295131,-0.4,0.8,0.02
0.0782582,-0.0782582,0.9907709,0.0782582,-0.29613,-0.4,0.8,0.02
0.0775103,-0.0775103,0.9909473,0.0775103,-0.297129,-0.4,0.8,0.02
0.07676226,-0.07676226,0.9911219,0.07676226,-0.298127,-0.4,0.8,0.02
0.07601409,-0.07601409,0.9912949,0.07601409,-0.299126,-0.4,0.8,0.02
0.07526579,-0.07526579,0.9914662,0.07526579,-0.300125,-0.4,0.8,0.02
0.07451736,-0.07451736,0.9916358,0.07451736,-0.301124,-0.4,0.8,0.02
0.0737688,-0.0737688,0.9918037,0.0737688,-0.302122,-0.4,0.8,0.02
0.07302012,-0.07302012,0.9919699,0.07302012,-0.303121,-0.4,0.8,0.02
0.07227131,-0.07227131,0.9921344,0.07227131,-0.30412,-0.4,0.8,0.02
0.07152238,-0.07152238,0.9922972,0.07152238,-0.305119,-0.4,0.8,0.02
0.07077333,-0.07077333,0.9924583,0.07077333,-0.306117,-0.4,0.8,0.02
0.07002416,-0.07002416,0.9926177,0.07002416,-0.307116,-0.4,0.8,0.02
0.06927486,-0.06927486,0.9927754,0.06927486,-0.308115,-0.4,0.8,0.02
0.06852545,-0.06852545,0.9929314,0.06852545,-0.309114,-0.4,0.8,0.02
0.06777592,-0.06777592,0.9930857,0.06777592,-0.310112,-0.4,0.8,0.02
0.06702628,-0.06702628,0.9932384,0.06702628,-0.311111,-0.4,0.8,0.02
0.06627652,-0.06627652,0.9933893,0.06627652,-0.31211,-0.4,0.8,0.02
0.06552664,-0.06552664,0.9935385,0.06552664,-0.313109,-0.4,0.8,0.02
0.06477666,-0.06477666,0.993686,0.06477666,-0.314107,-0.4,0.8,0.02
0.06402656,-0.06402656,0.9938319,0.06402656,-0.315106,-0.4,0.8,0.02
0.06327636,-0.06327636,0.993976,0.06327636,-0.316105,-0.4,0.8,0.02
0.06252604,-0.06252604,0.9941184,0.06252604,-0.317104,-0.4,0.8,0.02
0.06177562,-0.06177562,0.9942592,0.06177562,-0.318102,-0.4,0.8,0.02
0.0610251,-0.0610251,0.9943982,0.0610251,-0.319101,-0.4,0.8,0.02
0.06027447,-0.06027447,0.9945356,0.06027447,-0.3201,-0.4,0.8,0.02
0.05952374,-0.05952374,0.9946712,0.05952374,-0.321099,-0.4,0.8,0.02
0.0587729,-0.0587729,0.9948051,0.0587729,-0.322097,-0.4,0.8,0.02
0.05802197,-0.05802197,0.9949374,0.05802197,-0.323096,-0.4,0.8,0.02
0.05727093,-0.05727093,0.9950679,0.05727093,-0.324095,-0.4,0.8,0.02
0.0565198,-0.0565198,0.9951967,0.0565198,-0.325094,-0.4,0.8,0.02
0.05576857,-0.05576857,0.9953239,0.05576857,-0.326092,-0.4,0.8,0.02
0.05501725,-0.05501725,0.9954493,0.05501725,-0.327091,-0.4,0.8,0.02
0.05426583,-0.05426583,0.995573,0.05426583,-0.32809,-0.4,0.8,0.02
0.05351432,-0.05351432,0.9956951,0.05351432,-0.329089,-0.4,0.8,0.02
0.05276272,-0.05276272,0.9958154,0.05276272,-0.330087,-0.4,0.8,0.02
0.05201102,-0.05201102,0.995934,0.05201102,-0.331086,-0.4,0.8,0.02
0.05125924,-0.05125924,0.9960509,0.05125924,-0.332085,-0.4,0.8,0.02
0.05050737,-0.05050737,0.9961662,0.05050737,-0.333084,-0.4,0.8,0.02
0.04975542,-0.04975542,0.9962797,0.04975542,-0.334082,-0.4,0.8,0.02
0.04900338,-0.04900338,0.9963915,0.04900338,-0.335081,-0.4,0.8,0.02
0.04825125,-0.04825125,0.9965016,0.04825125,-0.33608,-0.4,0.8,0.02
0.04749905,-0.04749905,0.99661,0.04749905,-0.337079,-0.4,0.8,0.02
0.04674676,-0.04674676,0.9967167,0.04674676,-0.338077,-0.4,0.8,0.02
0.04599439,-0.04599439,0.9968217,0.04599439,-0.339076,-0.4,0.8,0.02
0.04524194,-0.04524194,0.996925,0.04524194,-0.340075,-0.4,0.8,0.02
0.04448942,-0.04448942,0.9970266,0.04448942,-0.341074,-0.4,0.8,0.02
0.04373682,-0.04373682,0.9971265,0.04373682,-0.342072,-0.4,0.8,0.02
0.04298415,-0.04298415,0.9972247,0.04298415,-0.343071,-0.4,0.8,0.02
0.0422314,-0.0422314,0.9973212,0.0422314,-0.34407,-0.4,0.8,0.02
0.04147858,-0.04147858,0.997416,0.04147858,-0.345069,-0.4,0.8,0.02
0.04072569,-0.04072569,0.997509,0.04072569,-0.346067,-0.4,0.8,0.02
0.03997273,-0.03997273,0.9976004,0.03997273,-0.347066,-0.4,0.8,0.02
0.0392197,-0.0392197,0.9976901,0.0392197,-0.348065,-0.4,0.8,0.02
0.0384666,-0.0384666,0.997778,0.0384666,-0.349064,-0.4,0.8,0.02
0.03771344,-0.03771344,0.9978643,0.03771344,-0.350062,-0.4,0.8,0.02
0.03696021,-0.03696021,0.9979488,0.03696021,-0.351061,-0.4,0.8,0.02
0.03620692,-0.03620692,0.9980317,0.03620692,-0.35206,-0.4,0.8,0.02
0.03545357,-0.03545357,0.9981128,0.03545357,-0.353059,-0.4,0.8,0.02
0.03470016,-0.03470016,0.9981922,0.03470016,-0.354057,-0.4,0.8,0.02
0.03394669,-0.03394669,0.9982699,0.03394669,-0.355056,-0.4,0.8,0.02
0.03319316,-0.03319316,0.998346,0.03319316,-0.356055,-0.4,0.8,0.02
0.03243957,-0.03243957,0.9984203,0.03243957,-0.357054,-0.4,0.8,0.02
0.03168593,-0.03168593,0.9984929,0.03168593,-0.358052,-0.4,0.8,0.02
0.03093224,-0.03093224,0.9985638,0.03093224,-0.359051,-0.4,0.8,0.02
0.03017849,-0.03017849,0.998633,0.03017849,-0.36005,-0.4,0.8,0.02
0.02942469,-0.02942469,0.9987004,0.02942469,-0.361049,-0.4,0.8,0.02
0.02867084,-0.02867084,0.9987662,0.02867084,-0.362047,-0.4,0.8,0.02
0.02791694,-0.02791694,0.9988303,0.02791694,-0.363046,-0.4,0.8,0.02
0.02716299,-0.02716299,0.9988926,0.02716299,-0.364045,-0.4,0.8,0.02
0.026409,-0.026409,0.9989533,0.026409,-0.365044,-0.4,0.8,0.02
0.02565496,-0.02565496,0.9990122,0.02565496,-0.366042,-0.4,0.8,0.02
0.02490088,-0.02490088,0.9990695,0.02490088,-0.367041,-0.4,0.8,0.02
0.02414675,-0.02414675,0.999125,0.02414675,-0.36804,-0.4,0.8,0.02
0.02339259,-0.02339259,0.9991788,0.02339259,-0.369039,-0.4,0.8,0.02
0.02263838,-0.02263838,0.999231,0.02263838,-0.370037,-0.4,0.8,0.02
0.02188414,-0.02188414,0.9992814,0.02188414,-0.371036,-0.4,0.8,0.02
0.02112985,-0.02112985,0.9993301,0.02112985,-0.372035,-0.4,0.8,0.02
0.02037554,-0.02037554,0.9993771,0.02037554,-0.373034,-0.4,0.8,0.02
0.01962118,-0.01962118,0.9994223,0.01962118,-0.374032,-0.4,0.8,0.02
0.0188668,-0.0188668,0.9994659,0.0188668,-0.375031,-0.4,0.8,0.02
0.01811238,-0.01811238,0.9995078,0.01811238,-0.37603,-0.4,0.8,0.02
0.01735793,-0.01735793,0.999548,0.01735793,-0.377029,-0.4,0.8,0.02
0.01660345,-0.01660345,0.9995864,0.01660345,-0.378027,-0.4,0.8,0.02
0.01584894,-0.01584894,0.9996231,0.01584894,-0.379026,-0.4,0.8,0.02
0.0150944,-0.0150944,0.9996582,0.0150944,-0.380025,-0.4,0.8,0.02
0.01433984,-0.01433984,0.9996915,0.01433984,-0.381024,-0.4,0.8,0.02
0.01358526,-0.01358526,0.9997231,0.01358526,-0.382022,-0.4,0.8,0.02
0.01283065,-0.01283065,0.999753,0.01283065,-0.383021,-0.4,0.8,0.02
0.01207602,-0.01207602,0.9997812,0.01207602,-0.38402,-0.4,0.8,0.02
0.01132137,-0.01132137,0.9998077,0.01132137,-0.385019,-0.4,0.8,0.02
0.0105667,-0.0105667,0.9998325,0.0105667,-0.386017,-0.4,0.8,0.02
0.009812009,-0.009812009,0.9998556,0.009812009,-0.387016,-0.4,0.8,0.02
0.009057303,-0.009057303,0.9998769,0.009057303,-0.388015,-0.4,0.8,0.02
0.008302582,-0.008302582,0.9998966,0.008302582,-0.389014,-0.4,0.8,0.02
0.007547847,-0.007547847,0.9999145,0.007547847,-0.390012,-0.4,0.8,0.02
0.006793099,-0.006793099,0.9999308,0.006793099,-0.391011,-0.4,0.8,0.02
0.00603834,-0.00603834,0.9999453,0.00603834,-0.39201,-0.4,0.8,0.02
0.00528357,-0.00528357,0.9999581,0.00528357,-0.393009,-0.4,0.8,0.02
0.004528791,-0.004528791,0.9999692,0.004528791,-0.394007,-0.4,0.8,0.02
0.003774004,-0.003774004,0.9999786,0.003774004,-0.395006,-0.4,0.8,0.02
0.003019211,-0.003019211,0.9999863,0.003019211,-0.396005,-0.4,0.8,0.02
0.002264413,-0.002264413,0.9999923,0.002264413,-0.397004,-0.4,0.8,0.02
0.001509611,-0.001509611,0.9999966,0.001509611,-0.398002,-0.4,0.8,0.02
0.000754806,-0.000754806,0.9999991,0.000754806,-0.399001,-0.4,0.8,0.02
1.110223E-16,-1.110223E-16,1,1.110223E-16,-0.4,-0.4,0.8,0.02
