2.05617,-1.12223,0.621069,1.81298,0.655675,1.72324,2.45737
2.05652,-1.11955,0.620744,1.81386,0.657368,1.72198,2.45191
2.05687,-1.11687,0.620426,1.81473,0.659054,1.72073,2.44646
2.05721,-1.1142,0.620118,1.8156,0.660732,1.71947,2.44104
2.05756,-1.11152,0.619795,1.81646,0.662418,1.7182,2.43556
2.05791,-1.10884,0.619476,1.81731,0.664095,1.71693,2.43009
2.05825,-1.10617,0.619159,1.81816,0.665769,1.71566,2.42462
2.0586,-1.10349,0.618843,1.819,0.667442,1.71438,2.41915
2.05894,-1.10082,0.618529,1.81985,0.669111,1.7131,2.41367
2.05928,-1.09815,0.618221,1.82068,0.670772,1.71181,2.40821
2.05963,-1.09547,0.617897,1.8215,0.672441,1.71051,2.40269
2.05997,-1.0928,0.617583,1.82232,0.674102,1.70922,2.39719
2.06031,-1.09013,0.617268,1.82313,0.67576,1.70792,2.39169
2.06065,-1.08746,0.616954,1.82394,0.677416,1.70661,2.38618
2.06098,-1.0848,0.616642,1.82474,0.679066,1.7053,2.38067
2.06133,-1.08213,0.616324,1.82553,0.680716,1.70398,2.37513
2.06166,-1.07947,0.61601,1.82632,0.682364,1.70266,2.3696
2.062,-1.0768,0.615702,1.82711,0.684006,1.70134,2.36409
2.06234,-1.07414,0.615383,1.82788,0.685649,1.7,2.35853
2.06267,-1.07147,0.61507,1.82866,0.687288,1.69867,2.35298
2.063,-1.06882,0.61477,1.82943,0.688917,1.69734,2.34748
2.06334,-1.06615,0.614444,1.83018,0.690557,1.69599,2.34187
2.06367,-1.06349,0.614133,1.83094,0.692189,1.69464,2.33631
2.064,-1.06084,0.61382,1.83168,0.693815,1.69329,2.33074
2.06433,-1.05818,0.613508,1.83243,0.695441,1.69193,2.32516
2.06466,-1.05553,0.613204,1.83316,0.697059,1.69058,2.3196
2.065,-1.05287,0.612885,1.83389,0.698682,1.68921,2.31398
2.06532,-1.05022,0.612575,1.83462,0.700299,1.68784,2.30839
2.06565,-1.04756,0.612268,1.83534,0.701911,1.68647,2.3028
2.06598,-1.04491,0.611956,1.83605,0.703523,1.68509,2.29719
2.0663,-1.04227,0.611645,1.83675,0.705132,1.68371,2.29158
2.06663,-1.03962,0.611332,1.83745,0.706738,1.68232,2.28594
2.06695,-1.03697,0.611022,1.83814,0.708342,1.68093,2.28032
2.06727,-1.03433,0.610718,1.83883,0.70994,1.67955,2.27471
2.0676,-1.03168,0.610409,1.83951,0.711538,1.67815,2.26907
2.06789,-1.02901,0.610095,1.84024,0.713132,1.67674,2.26342
2.06824,-1.0264,0.609791,1.84086,0.714725,1.67534,2.25778
2.06856,-1.02376,0.609475,1.84152,0.716319,1.67393,2.25209
2.06888,-1.02112,0.609172,1.84218,0.717904,1.67252,2.24645
2.0692,-1.01848,0.608858,1.84283,0.71949,1.6711,2.24076
2.06952,-1.01584,0.60855,1.84347,0.721073,1.66968,2.23508
2.06984,-1.01321,0.608241,1.84411,0.722653,1.66825,2.2294
2.07015,-1.01058,0.607939,1.84475,0.724228,1.66683,2.22373
2.07047,-1.00795,0.607626,1.84537,0.725804,1.66539,2.21801
2.07078,-1.00532,0.607323,1.846,0.727375,1.66396,2.21233
2.07109,-1.00269,0.607013,1.84661,0.728946,1.66252,2.2066
2.07141,-1.00006,0.606705,1.84722,0.730512,1.66107,2.20089
2.07171,-0.997438,0.606402,1.84782,0.732076,1.65963,2.19518
2.07202,-0.994813,0.606096,1.84842,0.733638,1.65818,2.18945
2.07233,-0.992193,0.605791,1.84901,0.735195,1.65673,2.18372
2.07264,-0.989574,0.605481,1.84959,0.736752,1.65527,2.17797
2.07295,-0.986955,0.605176,1.85017,0.738307,1.65381,2.17222
2.07326,-0.984339,0.60487,1.85074,0.739859,1.65234,2.16647
2.07356,-0.981723,0.604566,1.85132,0.741408,1.65088,2.16072
2.07386,-0.979113,0.604271,1.85188,0.74295,1.64941,2.15499
2.07417,-0.9765,0.603956,1.85243,0.744498,1.64793,2.14918
2.07447,-0.973891,0.603655,1.85298,0.746038,1.64646,2.14342
2.07477,-0.971282,0.603353,1.85352,0.747577,1.64498,2.13763
2.07507,-0.968678,0.60305,1.85406,0.749113,1.64349,2.13185
2.07537,-0.966074,0.60274,1.85458,0.750649,1.642,2.12603
2.07566,-0.963471,0.602444,1.85511,0.752179,1.64052,2.12025
2.07597,-0.960871,0.602134,1.85562,0.75371,1.63902,2.11442
2.07626,-0.958273,0.60183,1.85613,0.755237,1.63752,2.1086
2.07656,-0.955675,0.601533,1.85665,0.756761,1.63603,2.1028
2.07685,-0.95308,0.601227,1.85714,0.758285,1.63452,2.09696
2.07714,-0.950491,0.600931,1.85764,0.7598,1.63302,2.09115
2.07744,-0.947896,0.600623,1.85813,0.761322,1.63151,2.08528
2.07773,-0.945309,0.60032,1.8586,0.762836,1.62999,2.07943
2.07802,-0.942723,0.600018,1.85908,0.764349,1.62848,2.07358
2.07831,-0.940137,0.599716,1.85955,0.765861,1.62696,2.06772
2.0786,-0.937555,0.599414,1.86001,0.767369,1.62544,2.06185
2.07888,-0.934974,0.599117,1.86047,0.768874,1.62392,2.05599
2.07917,-0.932395,0.598818,1.86092,0.770378,1.62239,2.05011
2.07946,-0.92982,0.598513,1.86136,0.77188,1.62086,2.04421
2.07974,-0.927246,0.598211,1.8618,0.773379,1.61933,2.03832
2.08003,-0.924672,0.597911,1.86223,0.774877,1.61779,2.03242
2.08031,-0.922103,0.597611,1.86266,0.776372,1.61625,2.02652
2.08058,-0.919537,0.597318,1.86308,0.777862,1.61472,2.02064
2.08087,-0.916969,0.597017,1.86349,0.779354,1.61317,2.01471
2.08115,-0.914407,0.596713,1.8639,0.780843,1.61162,2.00877
2.08143,-0.911846,0.596413,1.8643,0.782329,1.61007,2.00284
2.0817,-0.909286,0.596115,1.86469,0.783814,1.60852,1.9969
2.08198,-0.906729,0.595818,1.86509,0.785296,1.60697,1.99097
2.08226,-0.904177,0.595517,1.86547,0.786775,1.60541,1.98501
2.08252,-0.901623,0.595225,1.86585,0.788252,1.60386,1.97907
2.0828,-0.899075,0.594922,1.86621,0.789728,1.60229,1.97309
2.08307,-0.896527,0.594627,1.86658,0.791201,1.60073,1.96714
2.08334,-0.893982,0.594327,1.86694,0.792674,1.59917,1.96115
2.08361,-0.891439,0.594033,1.86729,0.794142,1.5976,1.95518
2.08388,-0.888901,0.593732,1.86763,0.79561,1.59603,1.94918
2.08415,-0.886362,0.593435,1.86797,0.797076,1.59445,1.94319
2.08441,-0.883829,0.593147,1.86831,0.798536,1.59289,1.93722
2.08467,-0.881297,0.592852,1.86864,0.799996,1.59131,1.93122
2.08494,-0.878766,0.592556,1.86896,0.801456,1.58973,1.9252
2.08521,-0.876238,0.592251,1.86927,0.802916,1.58814,1.91915
2.08547,-0.873713,0.591955,1.86958,0.804372,1.58656,1.91312
2.08573,-0.871189,0.591665,1.86989,0.805825,1.58498,1.90711
2.08599,-0.868671,0.591364,1.87018,0.807277,1.58338,1.90105
2.08625,-0.866153,0.591071,1.87047,0.808727,1.5818,1.89501
2.08651,-0.863638,0.590775,1.87075,0.810175,1.5802,1.88895
2.08676,-0.861127,0.59048,1.87103,0.811621,1.57861,1.8829
2.08701,-0.85862,0.590195,1.87131,0.813062,1.57702,1.87687
2.08727,-0.85611,0.589891,1.87157,0.814508,1.57542,1.87076
2.08753,-0.853607,0.589597,1.87183,0.815949,1.57382,1.86468
2.08777,-0.851108,0.589313,1.87209,0.817384,1.57222,1.85864
2.08803,-0.848607,0.58901,1.87233,0.818825,1.57061,1.85251
2.08828,-0.846112,0.588715,1.87257,0.82026,1.56901,1.84642
2.08853,-0.843619,0.588422,1.8728,0.821694,1.5674,1.84031
2.08878,-0.841128,0.588129,1.87303,0.823127,1.56579,1.8342
2.08903,-0.838641,0.587835,1.87326,0.824557,1.56418,1.82809
2.08926,-0.836159,0.587555,1.87348,0.82598,1.56258,1.82202
2.08951,-0.833676,0.587262,1.87369,0.827408,1.56096,1.81588
2.08972,-0.831156,0.586959,1.87394,0.828827,1.55932,1.80973
2.09,-0.828722,0.586666,1.87408,0.83026,1.55772,1.80357
2.09024,-0.826247,0.58638,1.87428,0.831682,1.55611,1.79744
2.09048,-0.823777,0.586088,1.87446,0.833102,1.55449,1.79128
2.09072,-0.821313,0.585793,1.87464,0.83452,1.55286,1.78511
2.09096,-0.818847,0.585509,1.87482,0.835937,1.55125,1.77896
2.0912,-0.816386,0.585216,1.87498,0.837352,1.54962,1.77278
2.09143,-0.81393,0.584921,1.87514,0.838766,1.54799,1.76659
2.09167,-0.811474,0.584631,1.87529,0.84018,1.54637,1.76041
2.0919,-0.809024,0.58435,1.87544,0.841588,1.54474,1.75426
2.09214,-0.806575,0.584051,1.87558,0.842999,1.54311,1.74802
2.09237,-0.804128,0.583761,1.87572,0.844408,1.54148,1.74182
2.0926,-0.801685,0.583475,1.87585,0.845814,1.53985,1.73562
2.09282,-0.799248,0.583188,1.87597,0.847218,1.53822,1.72941
2.09306,-0.796811,0.582894,1.87608,0.848623,1.53658,1.72317
2.09328,-0.794378,0.582611,1.8762,0.850024,1.53495,1.71696
2.09351,-0.79195,0.582316,1.8763,0.851426,1.53331,1.71071
2.09373,-0.789523,0.582038,1.8764,0.852823,1.53167,1.70451
2.09396,-0.7871,0.58174,1.87649,0.854223,1.53003,1.69822
2.09418,-0.784679,0.581454,1.87658,0.85562,1.52839,1.69197
2.0944,-0.782261,0.581168,1.87666,0.857015,1.52675,1.68571
2.09462,-0.779851,0.580877,1.87673,0.858409,1.52511,1.67944
2.09484,-0.777441,0.580589,1.87679,0.859802,1.52347,1.67317
2.09505,-0.775034,0.580313,1.87686,0.861191,1.52183,1.66693
2.09528,-0.772631,0.580015,1.87691,0.862584,1.52018,1.6606
2.0955,-0.770231,0.579727,1.87696,0.863973,1.51853,1.65431
2.09571,-0.767833,0.579441,1.877,0.865362,1.51689,1.64801
2.09592,-0.765441,0.579163,1.87704,0.866746,1.51525,1.64175
2.09614,-0.763052,0.578868,1.87707,0.868134,1.51359,1.6354
2.09635,-0.760663,0.578587,1.87709,0.869518,1.51195,1.6291
2.09656,-0.758283,0.578297,1.87711,0.870902,1.5103,1.62276
2.09677,-0.755904,0.57801,1.87712,0.872284,1.50865,1.61644
2.09698,-0.753525,0.577729,1.87713,0.873665,1.507,1.61011
2.09719,-0.751156,0.577441,1.87712,0.875045,1.50535,1.60376
2.09739,-0.748788,0.577163,1.87712,0.876422,1.5037,1.59744
2.0976,-0.746421,0.576877,1.8771,0.877801,1.50205,1.59107
2.0978,-0.74406,0.576593,1.87708,0.879177,1.50039,1.58471
2.098,-0.741705,0.576312,1.87706,0.880551,1.49874,1.57836
2.09821,-0.73935,0.576022,1.87702,0.881928,1.49709,1.57196
2.09841,-0.737,0.575737,1.87698,0.883302,1.49543,1.56559
2.09861,-0.734654,0.575453,1.87694,0.884675,1.49378,1.5592
2.09881,-0.73231,0.575169,1.87689,0.886047,1.49212,1.55281
2.09901,-0.729971,0.574885,1.87683,0.887418,1.49047,1.54642
2.09921,-0.727636,0.574601,1.87676,0.888788,1.48881,1.54002
2.0994,-0.725303,0.574318,1.87669,0.890158,1.48716,1.53361
2.0996,-0.722975,0.574034,1.87662,0.891527,1.4855,1.52719
2.09979,-0.72065,0.573758,1.87654,0.892893,1.48385,1.5208
2.09998,-0.71833,0.573481,1.87645,0.894258,1.4822,1.51438
2.10017,-0.716014,0.573197,1.87636,0.895624,1.48054,1.50794
2.10037,-0.713701,0.572913,1.87626,0.89699,1.47888,1.50148
2.10056,-0.711396,0.572628,1.87614,0.898352,1.47723,1.49503
2.10075,-0.709091,0.572346,1.87603,0.899716,1.47557,1.48858
2.10093,-0.706786,0.57207,1.87592,0.901079,1.47392,1.48213
2.10111,-0.70449,0.571796,1.87579,0.90244,1.47226,1.4757
2.10131,-0.7022,0.571505,1.87565,0.903801,1.4706,1.46919
2.10149,-0.699909,0.571225,1.87551,0.905163,1.46895,1.46272
2.10167,-0.697625,0.570944,1.87537,0.906522,1.46729,1.45623
2.10185,-0.695341,0.57067,1.87522,0.907881,1.46564,1.44977
2.10204,-0.693066,0.570385,1.87506,0.90924,1.46398,1.44325
2.10222,-0.690789,0.570109,1.8749,0.910599,1.46232,1.43676
2.1024,-0.688525,0.569827,1.87473,0.911955,1.46067,1.43025
2.10258,-0.686258,0.569548,1.87455,0.913312,1.45901,1.42374
2.10275,-0.683995,0.569272,1.87438,0.914669,1.45736,1.41722
2.10293,-0.681742,0.568991,1.87419,0.916023,1.45571,1.4107
2.10311,-0.679488,0.568712,1.87399,0.917379,1.45405,1.40417
2.10328,-0.67724,0.568433,1.87379,0.918733,1.4524,1.39763
2.10345,-0.674995,0.568162,1.87359,0.920086,1.45075,1.39112
2.10363,-0.672755,0.567879,1.87337,0.921441,1.44909,1.38454
2.1038,-0.670517,0.567605,1.87316,0.922793,1.44744,1.378
2.10396,-0.668288,0.567333,1.87293,0.924143,1.44579,1.37146
2.10414,-0.666061,0.567049,1.8727,0.925497,1.44414,1.36487
2.1043,-0.663837,0.566778,1.87246,0.926848,1.44249,1.35831
2.10447,-0.661618,0.566501,1.87222,0.928199,1.44084,1.35173
2.10463,-0.659404,0.566231,1.87197,0.929548,1.43919,1.34517
2.1048,-0.657196,0.565948,1.87171,0.930899,1.43754,1.33855
2.10497,-0.654991,0.565671,1.87145,0.932249,1.43589,1.33195
2.10512,-0.652786,0.565403,1.87118,0.933598,1.43425,1.32537
2.10529,-0.650592,0.565122,1.8709,0.934948,1.4326,1.31875
2.10545,-0.6484,0.564846,1.87062,0.936297,1.43095,1.31213
2.10561,-0.64621,0.564571,1.87034,0.937647,1.42931,1.30552
2.10577,-0.644026,0.564296,1.87004,0.938995,1.42766,1.29889
2.10593,-0.641847,0.564021,1.86974,0.940343,1.42602,1.29226
2.10609,-0.63967,0.563754,1.86944,0.94169,1.42438,1.28565
2.10624,-0.637499,0.563479,1.86913,0.943038,1.42274,1.27899
2.1064,-0.635337,0.563203,1.86881,0.944385,1.4211,1.27234
2.10655,-0.633173,0.562938,1.86849,0.945731,1.41946,1.26571
2.1067,-0.631016,0.562662,1.86816,0.947079,1.41782,1.25903
2.10686,-0.628868,0.562387,1.86782,0.948423,1.41618,1.25236
2.10701,-0.626719,0.562114,1.86747,0.949771,1.41454,1.24569
2.10716,-0.624576,0.561841,1.86712,0.951117,1.41291,1.23901
2.10731,-0.622434,0.561573,1.86677,0.952465,1.41128,1.23233
2.10745,-0.620301,0.56131,1.86641,0.95381,1.40964,1.22568
2.1076,-0.618171,0.561035,1.86605,0.955157,1.40801,1.21895
2.10775,-0.616053,0.560759,1.86567,0.956496,1.40638,1.21225
2.1079,-0.613926,0.560495,1.86529,0.957849,1.40475,1.20554
2.10803,-0.611813,0.560232,1.86491,0.959192,1.40313,1.19887
2.10818,-0.609702,0.559959,1.86452,0.960539,1.4015,1.19212
2.10832,-0.607596,0.559694,1.86412,0.961885,1.39987,1.18541
2.10847,-0.605499,0.559419,1.86371,0.96323,1.39825,1.17866
2.1086,-0.603401,0.559159,1.8633,0.964575,1.39663,1.17197
2.10875,-0.60131,0.558882,1.86288,0.965922,1.395,1.16519
2.10888,-0.599221,0.558621,1.86246,0.967268,1.39338,1.15847
2.10902,-0.597141,0.558356,1.86203,0.968612,1.39177,1.15172
2.10909,-0.59499,0.558081,1.86167,0.969942,1.39009,1.14496
2.10929,-0.59299,0.55782,1.86116,0.971306,1.38853,1.13819
2.10943,-0.590926,0.557548,1.86071,0.972651,1.38692,1.1314
2.10957,-0.588862,0.557281,1.86025,0.973999,1.3853,1.12463
2.1097,-0.586804,0.557014,1.85979,0.975345,1.38369,1.11785
2.10983,-0.584749,0.556754,1.85933,0.976692,1.38209,1.11108
2.10996,-0.5827,0.556491,1.85886,0.978039,1.38048,1.10429
2.11009,-0.580661,0.556221,1.85838,0.979385,1.37887,1.09748
2.11019,-0.57845,0.555999,1.85812,0.980801,1.37729,1.09074
2.11035,-0.576585,0.555696,1.85741,0.982081,1.37566,1.08387
2.11048,-0.574561,0.555428,1.85691,0.983427,1.37406,1.07705
2.11061,-0.572535,0.555168,1.85641,0.984775,1.37247,1.07024
2.11073,-0.570517,0.554909,1.8559,0.986123,1.37087,1.06343
2.11086,-0.568504,0.554646,1.85539,0.987471,1.36927,1.05658
2.11098,-0.5665,0.55438,1.85486,0.988819,1.36768,1.04974
2.1111,-0.564493,0.554124,1.85434,0.990168,1.36609,1.04292
2.11123,-0.562498,0.553858,1.8538,0.991517,1.3645,1.03605
2.11135,-0.560506,0.553595,1.85326,0.992867,1.36291,1.0292
2.11147,-0.558517,0.553334,1.85272,0.994217,1.36132,1.02234
2.11159,-0.556532,0.553082,1.85217,0.995566,1.35974,1.01551
2.11171,-0.554555,0.55282,1.85162,0.996917,1.35816,1.00862
2.11183,-0.552584,0.552557,1.85105,0.998268,1.35658,1.00173
2.11194,-0.550615,0.552304,1.85048,0.999619,1.355,0.994876
2.11206,-0.548656,0.552039,1.8499,1.00097,1.35343,0.987968
2.11217,-0.546695,0.551786,1.84933,1.00232,1.35185,0.981088
2.11229,-0.544745,0.551534,1.84874,1.00367,1.35029,0.974219
2.1124,-0.542801,0.551268,1.84814,1.00503,1.34871,0.967277
2.11251,-0.540855,0.551017,1.84754,1.00638,1.34715,0.960383
2.11263,-0.538923,0.550756,1.84693,1.00773,1.34558,0.953455
2.11274,-0.536992,0.550499,1.84632,1.00909,1.34402,0.946538
2.1128,-0.534873,0.550235,1.84596,1.01024,1.34267,0.940097
2.11296,-0.533145,0.549987,1.84508,1.0118,1.3409,0.932683
2.11307,-0.531228,0.549737,1.84446,1.01315,1.33935,0.925766
2.11318,-0.52932,0.549478,1.84381,1.01451,1.33779,0.918808
2.11328,-0.527414,0.549232,1.84318,1.01587,1.33625,0.911896
2.11339,-0.525515,0.548978,1.84253,1.01722,1.3347,0.904925
2.11349,-0.52362,0.548725,1.84187,1.01858,1.33315,0.897955
2.1136,-0.521736,0.54847,1.84121,1.01994,1.33161,0.890991
2.1137,-0.51985,0.548222,1.84055,1.0213,1.33007,0.884033
2.1138,-0.517972,0.547976,1.83988,1.02266,1.32853,0.877077
2.11391,-0.516103,0.547719,1.83919,1.02402,1.32699,0.870073
2.114,-0.514234,0.547474,1.83851,1.02538,1.32546,0.863111
2.11411,-0.512374,0.54722,1.83782,1.02674,1.32393,0.856099
2.11421,-0.510518,0.54697,1.83712,1.0281,1.3224,0.849106
2.11431,-0.508668,0.54672,1.83642,1.02946,1.32088,0.842107
2.1144,-0.506819,0.546478,1.83572,1.03083,1.31936,0.835121
2.1145,-0.504983,0.546225,1.835,1.03219,1.31784,0.828091
2.11459,-0.503146,0.545985,1.83428,1.03355,1.31632,0.821111
2.11469,-0.501316,0.54574,1.83355,1.03492,1.31481,0.814081
2.11478,-0.499494,0.545497,1.83282,1.03628,1.3133,0.807067
2.11488,-0.497679,0.545245,1.83208,1.03765,1.31179,0.799997
2.11497,-0.495864,0.545007,1.83134,1.03902,1.31028,0.792998
2.11506,-0.494058,0.544763,1.83059,1.04039,1.30878,0.785945
2.11515,-0.492258,0.544522,1.82983,1.04175,1.30728,0.778908
2.11524,-0.490463,0.544273,1.82907,1.04312,1.30578,0.771817
2.11533,-0.488672,0.544038,1.8283,1.04449,1.30429,0.764798
2.11542,-0.486888,0.543797,1.82753,1.04586,1.3028,0.757728
2.11551,-0.485112,0.54355,1.82674,1.04724,1.30131,0.750628
2.11559,-0.483335,0.543312,1.82596,1.04861,1.29982,0.743557
2.11568,-0.481572,0.543069,1.82516,1.04998,1.29834,0.736478
2.11577,-0.479808,0.542829,1.82436,1.05135,1.29686,0.729393
2.11585,-0.478049,0.542594,1.82357,1.05273,1.29538,0.722312
2.11594,-0.476303,0.542353,1.82275,1.0541,1.29391,0.715211
2.11602,-0.474556,0.542115,1.82193,1.05548,1.29244,0.708111
2.1161,-0.472817,0.541877,1.82111,1.05686,1.29097,0.701008
2.11618,-0.47108,0.541646,1.82029,1.05824,1.28951,0.693921
2.11626,-0.469351,0.54141,1.81946,1.05962,1.28805,0.686788
2.11634,-0.46763,0.541178,1.81862,1.06099,1.28659,0.679676
2.11642,-0.465918,0.54094,1.81777,1.06237,1.28514,0.672539
2.1165,-0.464202,0.540712,1.81692,1.06376,1.28369,0.665428
2.11658,-0.462498,0.54048,1.81606,1.06514,1.28224,0.658293
2.11666,-0.460801,0.540244,1.81519,1.06652,1.2808,0.651131
2.11673,-0.459104,0.540017,1.81433,1.0679,1.27936,0.644
2.11672,-0.457344,0.539791,1.81366,1.06931,1.27786,0.637001
2.11688,-0.455733,0.539558,1.81257,1.07068,1.27648,0.629702
2.11696,-0.454061,0.539323,1.81168,1.07206,1.27505,0.622521
2.11703,-0.452391,0.539094,1.81078,1.07345,1.27363,0.615356
2.11711,-0.450725,0.538865,1.80989,1.07484,1.2722,0.608185
2.11718,-0.449062,0.538642,1.80899,1.07623,1.27078,0.601017
2.11725,-0.447414,0.538412,1.80807,1.07762,1.26936,0.59383
2.11732,-0.445765,0.538186,1.80715,1.07901,1.26795,0.586643
2.11739,-0.44412,0.537964,1.80623,1.0804,1.26654,0.579455
2.11746,-0.442489,0.537737,1.8053,1.08179,1.26513,0.572259
2.11752,-0.440854,0.53752,1.80437,1.08319,1.26373,0.565088
2.11759,-0.439231,0.5373,1.80343,1.08458,1.26233,0.55789
2.11766,-0.437617,0.537072,1.80248,1.08598,1.26094,0.550642
2.11772,-0.436,0.536858,1.80153,1.08737,1.25954,0.543463
2.11779,-0.434394,0.536638,1.80057,1.08877,1.25816,0.536233
2.11785,-0.432795,0.536421,1.79961,1.09017,1.25677,0.52902
2.11792,-0.431202,0.536196,1.79864,1.09157,1.25539,0.52175
2.11798,-0.429611,0.535985,1.79766,1.09297,1.25401,0.514555
2.11804,-0.428028,0.535769,1.79668,1.09437,1.25264,0.507304
2.1181,-0.426451,0.535555,1.7957,1.09577,1.25127,0.500064
2.11816,-0.424884,0.535334,1.7947,1.09718,1.2499,0.492781
2.11822,-0.423315,0.535124,1.7937,1.09858,1.24854,0.485547
2.11828,-0.421759,0.534906,1.79269,1.09999,1.24718,0.478266
2.11834,-0.420206,0.534693,1.79168,1.1014,1.24583,0.471003
2.1184,-0.418659,0.53448,1.79067,1.1028,1.24448,0.463735
2.11846,-0.417113,0.534274,1.78965,1.10421,1.24313,0.456482
2.11852,-0.415582,0.534059,1.78862,1.10562,1.24179,0.449182
2.11857,-0.414049,0.533855,1.78759,1.10703,1.24045,0.441926
2.11863,-0.412525,0.533646,1.78655,1.10845,1.23911,0.434617
2.11868,-0.411012,0.533436,1.7855,1.10986,1.23778,0.427317
2.11874,-0.409497,0.533232,1.78445,1.11127,1.23645,0.420022
2.11879,-0.407991,0.533029,1.78339,1.11269,1.23513,0.41273
2.11884,-0.406493,0.532828,1.78233,1.1141,1.23381,0.405443
2.11889,-0.405003,0.532619,1.78125,1.11552,1.2325,0.398098
2.11894,-0.403511,0.53242,1.78018,1.11694,1.23119,0.390796
2.119,-0.402034,0.532214,1.7791,1.11836,1.22988,0.383459
2.11904,-0.400556,0.532018,1.77802,1.11978,1.22858,0.376156
2.1191,-0.399089,0.531814,1.77692,1.1212,1.22728,0.368801
2.11915,-0.397626,0.531613,1.77582,1.12262,1.22598,0.361466
2.11919,-0.396165,0.531419,1.77472,1.12404,1.22469,0.354143
2.11924,-0.394717,0.531219,1.77361,1.12547,1.2234,0.346781
2.11929,-0.393269,0.531029,1.77249,1.12689,1.22212,0.339473
2.11933,-0.39183,0.530832,1.77137,1.12832,1.22084,0.332091
2.11938,-0.390402,0.530634,1.77024,1.12975,1.21957,0.324719
2.11942,-0.38897,0.530446,1.76911,1.13118,1.2183,0.317379
2.11947,-0.387555,0.530249,1.76797,1.1326,1.21704,0.309989
2.11951,-0.386134,0.530062,1.76683,1.13404,1.21577,0.302627
2.11955,-0.384727,0.529875,1.76568,1.13547,1.21452,0.295273
2.1196,-0.38333,0.52968,1.76452,1.1369,1.21327,0.287857
2.11964,-0.381932,0.529491,1.76335,1.13833,1.21202,0.280469
2.11969,-0.380542,0.529303,1.76219,1.13977,1.21077,0.27308
2.11972,-0.379153,0.529121,1.76102,1.1412,1.20953,0.265703
2.11977,-0.377779,0.528932,1.75983,1.14264,1.2083,0.258283
2.1198,-0.376402,0.528752,1.75865,1.14408,1.20707,0.250885
2.11984,-0.375038,0.528571,1.75746,1.14552,1.20584,0.243491
2.11988,-0.373677,0.52839,1.75627,1.14696,1.20462,0.236062
2.11992,-0.372329,0.528206,1.75506,1.1484,1.2034,0.228639
2.11996,-0.370977,0.52803,1.75386,1.14984,1.20219,0.221226
2.11999,-0.369635,0.527852,1.75264,1.15129,1.20098,0.213789
2.12003,-0.368306,0.527672,1.75142,1.15273,1.19978,0.206358
2.12006,-0.366972,0.5275,1.7502,1.15418,1.19858,0.198938
2.1201,-0.365648,0.527326,1.74897,1.15562,1.19738,0.191494
2.12013,-0.364337,0.527148,1.74772,1.15707,1.19619,0.184037
2.12017,-0.363027,0.526974,1.74648,1.15852,1.19501,0.176589
2.1202,-0.361722,0.526801,1.74523,1.15997,1.19382,0.169134
2.12023,-0.360419,0.526634,1.74398,1.16142,1.19265,0.161694
2.12027,-0.359133,0.526461,1.74272,1.16287,1.19148,0.154216
2.12029,-0.357841,0.526298,1.74146,1.16432,1.19031,0.146783
2.12033,-0.356562,0.526131,1.74019,1.16578,1.18915,0.139304
2.12036,-0.355294,0.52596,1.7389,1.16723,1.18799,0.131804
2.12039,-0.354021,0.525801,1.73763,1.16869,1.18683,0.124361
2.12042,-0.352766,0.525632,1.73633,1.17014,1.18569,0.11684
2.12045,-0.351506,0.525474,1.73504,1.1716,1.18454,0.109375
2.12047,-0.350257,0.525313,1.73374,1.17306,1.1834,0.101864
2.1205,-0.349015,0.525156,1.73244,1.17452,1.18227,0.0944033
2.12053,-0.347779,0.524996,1.73112,1.17598,1.18114,0.0868639
2.12056,-0.346554,0.524835,1.7298,1.17744,1.18001,0.0793549
2.12058,-0.345325,0.524681,1.72848,1.17891,1.17889,0.0718472
2.1206,-0.344108,0.52453,1.72716,1.18037,1.17778,0.0643722
2.12063,-0.342896,0.524375,1.72582,1.18183,1.17667,0.0568152
2.12066,-0.341697,0.524219,1.72447,1.1833,1.17556,0.0492926
2.12068,-0.340499,0.524066,1.72313,1.18476,1.17446,0.0417673
2.12071,-0.339305,0.523915,1.72178,1.18623,1.17336,0.0342355
2.12073,-0.338113,0.523768,1.72043,1.1877,1.17227,0.0267039
2.12075,-0.336934,0.523624,1.71906,1.18917,1.17119,0.0191953
2.12077,-0.335765,0.523472,1.71769,1.19064,1.1701,0.0116193
2.1208,-0.334591,0.52333,1.71632,1.19211,1.16903,0.00407519
2.12081,-0.333431,0.523188,1.71494,1.19359,1.16796,-0.00345604
2.12084,-0.332281,0.523041,1.71355,1.19506,1.16689,-0.0110342
2.12086,-0.331132,0.522898,1.71215,1.19653,1.16583,-0.0185924
2.12088,-0.329989,0.522757,1.71076,1.19801,1.16477,-0.0261548
2.1209,-0.328852,0.522617,1.70935,1.19949,1.16372,-0.0337238
2.12092,-0.327722,0.522478,1.70794,1.20096,1.16267,-0.0412942
2.12094,-0.326592,0.522346,1.70654,1.20244,1.16163,-0.0488463
2.12096,-0.32548,0.522207,1.70511,1.20392,1.16059,-0.0564501
2.12098,-0.324369,0.522072,1.70368,1.2054,1.15956,-0.0640326
2.12099,-0.323258,0.521944,1.70226,1.20688,1.15853,-0.0715851
2.12101,-0.322158,0.521813,1.70082,1.20836,1.15751,-0.0792075
2.12103,-0.321066,0.521685,1.69938,1.20984,1.1565,-0.0867903
2.12105,-0.319987,0.521553,1.69792,1.21132,1.15549,-0.094406
2.12106,-0.318899,0.52143,1.69647,1.21281,1.15448,-0.101983
2.12108,-0.317826,0.521304,1.69501,1.21429,1.15348,-0.109611
2.12109,-0.316766,0.521177,1.69354,1.21578,1.15248,-0.117228
2.1211,-0.315697,0.521059,1.69208,1.21727,1.15149,-0.124818
2.12112,-0.314649,0.520933,1.69059,1.21875,1.15051,-0.132463
2.12114,-0.313601,0.520811,1.68911,1.22024,1.14952,-0.140085
2.12115,-0.312558,0.520691,1.68762,1.22173,1.14855,-0.147713
2.12116,-0.311514,0.520577,1.68613,1.22322,1.14758,-0.155343
2.12118,-0.310493,0.520458,1.68462,1.22471,1.14661,-0.162977
2.12119,-0.309468,0.520342,1.68312,1.2262,1.14565,-0.170617
2.1212,-0.308443,0.520232,1.68161,1.22769,1.1447,-0.178255
2.12122,-0.307437,0.520118,1.68009,1.22919,1.14375,-0.185905
2.12123,-0.306427,0.520011,1.67857,1.23068,1.1428,-0.193537
2.12124,-0.305433,0.519899,1.67704,1.23217,1.14187,-0.201209
2.12125,-0.304441,0.51979,1.67551,1.23367,1.14093,-0.208865
2.12127,-0.303455,0.519683,1.67396,1.23516,1.14,-0.216528
2.12127,-0.302471,0.519582,1.67242,1.23666,1.13908,-0.224152
2.12128,-0.301497,0.519479,1.67087,1.23816,1.13816,-0.231853
2.1213,-0.300535,0.519374,1.66931,1.23965,1.13725,-0.239534
2.12131,-0.299575,0.519273,1.66775,1.24115,1.13634,-0.247209
2.12131,-0.298615,0.519177,1.66618,1.24265,1.13544,-0.254884
2.12132,-0.297667,0.519082,1.66461,1.24415,1.13455,-0.262546
2.12133,-0.296726,0.518988,1.66303,1.24565,1.13366,-0.270219
2.12134,-0.29579,0.518894,1.66144,1.24715,1.13277,-0.27793
2.12135,-0.294867,0.518797,1.65984,1.24865,1.13189,-0.285644
2.12136,-0.293944,0.518705,1.65825,1.25015,1.13102,-0.293341
2.12137,-0.293027,0.518614,1.65664,1.25165,1.13015,-0.301044
2.12138,-0.292117,0.518524,1.65503,1.25315,1.12928,-0.308748
2.12139,-0.291214,0.518436,1.65342,1.25466,1.12842,-0.316456
2.12139,-0.290315,0.518349,1.6518,1.25616,1.12757,-0.324169
2.1214,-0.289424,0.518264,1.65017,1.25766,1.12672,-0.331884
2.12141,-0.28854,0.51818,1.64854,1.25917,1.12588,-0.339602
2.12141,-0.287654,0.518103,1.64691,1.26068,1.12504,-0.347301
2.12142,-0.286781,0.518025,1.64526,1.26218,1.12421,-0.355042
2.12143,-0.285916,0.517948,1.64362,1.26369,1.12339,-0.36277
2.12143,-0.285056,0.517874,1.64196,1.26519,1.12257,-0.370488
2.12144,-0.284212,0.517795,1.64029,1.2667,1.12175,-0.378251
2.12144,-0.283356,0.517725,1.63863,1.26821,1.12094,-0.385985
2.12145,-0.282525,0.517651,1.63695,1.26971,1.12014,-0.393735
2.12146,-0.281691,0.51758,1.63528,1.27122,1.11934,-0.401481
2.12146,-0.280852,0.517514,1.6336,1.27273,1.11855,-0.409219
2.12147,-0.280034,0.517445,1.6319,1.27424,1.11776,-0.41699
2.12147,-0.279215,0.517383,1.63021,1.27575,1.11698,-0.424708
2.12148,-0.27841,0.517316,1.62851,1.27725,1.11621,-0.432506
2.12149,-0.277607,0.517253,1.6268,1.27877,1.11544,-0.440272
2.12149,-0.27681,0.517191,1.62509,1.28027,1.11467,-0.448038
2.1215,-0.276016,0.517136,1.62338,1.28178,1.11391,-0.455761
2.1215,-0.275237,0.517075,1.62165,1.28329,1.11316,-0.463583
2.12151,-0.27446,0.517018,1.61992,1.2848,1.11241,-0.471359
2.12151,-0.273683,0.516966,1.61819,1.28631,1.11167,-0.47913
2.12152,-0.272917,0.516915,1.61644,1.28782,1.11093,-0.486921
2.12152,-0.272163,0.516862,1.61469,1.28934,1.1102,-0.494711
2.12153,-0.271407,0.516816,1.61294,1.29084,1.10948,-0.502458
2.12153,-0.270665,0.516765,1.61118,1.29236,1.10876,-0.510296
2.12154,-0.269922,0.516722,1.60942,1.29387,1.10805,-0.518069
2.12154,-0.269193,0.516675,1.60765,1.29538,1.10734,-0.525891
2.12155,-0.268461,0.516635,1.60587,1.29689,1.10664,-0.533678
2.12155,-0.267741,0.516595,1.60409,1.2984,1.10594,-0.541489
2.12156,-0.267031,0.516553,1.6023,1.29991,1.10525,-0.54931
2.12156,-0.266322,0.516514,1.6005,1.30142,1.10457,-0.557124
2.12157,-0.265617,0.516481,1.59871,1.30293,1.10389,-0.564899
2.12157,-0.264926,0.516444,1.5969,1.30444,1.10321,-0.572757
2.12158,-0.264236,0.51641,1.59509,1.30596,1.10255,-0.580581
2.12158,-0.26355,0.516381,1.59328,1.30747,1.10188,-0.588393
2.12159,-0.262874,0.516353,1.59145,1.30898,1.10123,-0.596209
2.1216,-0.262208,0.516324,1.58962,1.31049,1.10058,-0.604066
2.1216,-0.261541,0.516299,1.58779,1.312,1.09993,-0.61189
2.1216,-0.260884,0.516276,1.58595,1.31351,1.0993,-0.619717
2.12161,-0.260237,0.516252,1.5841,1.31502,1.09867,-0.627577
2.12162,-0.259593,0.51623,1.58224,1.31653,1.09804,-0.63542
2.12162,-0.258951,0.516214,1.58039,1.31804,1.09742,-0.643218
2.12163,-0.258319,0.516198,1.57853,1.31955,1.0968,-0.651061
2.12164,-0.257698,0.516179,1.57665,1.32105,1.09619,-0.658967
2.12165,-0.257079,0.516164,1.57478,1.32256,1.09559,-0.666821
2.12166,-0.256465,0.51615,1.57289,1.32407,1.09499,-0.674681
2.12166,-0.255859,0.516139,1.57101,1.32558,1.0944,-0.682541
2.12167,-0.255259,0.516128,1.56911,1.32709,1.09382,-0.690404
2.12168,-0.254661,0.516124,1.56722,1.32859,1.09323,-0.698227
2.12169,-0.254078,0.516116,1.56531,1.3301,1.09266,-0.706141
2.1217,-0.253497,0.516111,1.56339,1.33161,1.09209,-0.714013
2.1217,-0.252918,0.516113,1.56148,1.33311,1.09153,-0.721847
2.12171,-0.252354,0.51611,1.55955,1.33462,1.09097,-0.729767
2.12172,-0.251792,0.51611,1.55762,1.33612,1.09042,-0.737647
2.12173,-0.251232,0.516115,1.55569,1.33763,1.08988,-0.74553
2.12174,-0.250687,0.516119,1.55375,1.33913,1.08934,-0.753419
2.12175,-0.250141,0.516128,1.5518,1.34063,1.08881,-0.761287
2.12177,-0.24961,0.516137,1.54984,1.34214,1.08829,-0.7692
2.12178,-0.24908,0.516146,1.54789,1.34364,1.08777,-0.777094
2.12178,-0.248551,0.51616,1.54593,1.34514,1.08724,-0.784955
2.12179,-0.248033,0.516176,1.54395,1.34664,1.08674,-0.792855
2.1218,-0.247523,0.516193,1.54198,1.34814,1.08623,-0.80076
2.12182,-0.247024,0.516209,1.53999,1.34964,1.08574,-0.808701
2.12183,-0.246525,0.516228,1.538,1.35114,1.08525,-0.816611
2.12184,-0.246028,0.51625,1.53601,1.35263,1.08476,-0.82451
2.12186,-0.245548,0.516272,1.534,1.35413,1.08429,-0.832434
2.12187,-0.245064,0.516299,1.532,1.35563,1.08381,-0.84034
2.12189,-0.244597,0.516325,1.52998,1.35712,1.08335,-0.848271
2.1219,-0.244126,0.516355,1.52796,1.35861,1.08289,-0.856171
2.12192,-0.243671,0.516385,1.52593,1.36011,1.08244,-0.864118
2.12193,-0.243212,0.516418,1.5239,1.3616,1.08198,-0.872037
2.12195,-0.242771,0.516452,1.52186,1.36309,1.08155,-0.879972
2.12197,-0.24233,0.516487,1.51981,1.36458,1.08111,-0.887906
2.12199,-0.241895,0.516524,1.51776,1.36607,1.08068,-0.89584
2.122,-0.241463,0.516565,1.51571,1.36756,1.08025,-0.903761
2.12202,-0.241042,0.516609,1.51365,1.36904,1.07983,-0.911688
2.12204,-0.240631,0.516651,1.51157,1.37053,1.07943,-0.919659
2.12206,-0.240223,0.516695,1.5095,1.37201,1.07902,-0.927603
2.12209,-0.23982,0.516742,1.50742,1.3735,1.07862,-0.935551
2.12211,-0.239425,0.51679,1.50533,1.37498,1.07823,-0.9435
2.12213,-0.239031,0.516843,1.50324,1.37646,1.07784,-0.951436
2.12215,-0.238648,0.516897,1.50114,1.37794,1.07745,-0.959395
2.12217,-0.238276,0.516951,1.49903,1.37942,1.07708,-0.967364
2.1222,-0.237906,0.517007,1.49691,1.38089,1.07671,-0.975322
2.12222,-0.237542,0.517064,1.49479,1.38237,1.07635,-0.983286
2.12225,-0.237185,0.517124,1.49267,1.38384,1.07599,-0.991249
2.12227,-0.23683,0.517188,1.49054,1.38532,1.07564,-0.999212
2.1223,-0.236486,0.517255,1.4884,1.38679,1.0753,-1.00715
2.12233,-0.236148,0.517322,1.48626,1.38826,1.07496,-1.01515
2.12235,-0.235817,0.517393,1.48411,1.38972,1.07463,-1.02311
2.12239,-0.235497,0.517462,1.48194,1.39119,1.07431,-1.03111
2.12242,-0.235179,0.517533,1.47978,1.39265,1.07399,-1.03908
2.12245,-0.234862,0.517609,1.47762,1.39412,1.07367,-1.04704
2.12248,-0.23456,0.517684,1.47544,1.39558,1.07337,-1.05505
2.12251,-0.234257,0.517764,1.47326,1.39704,1.07306,-1.06301
2.12254,-0.233965,0.517845,1.47107,1.3985,1.07277,-1.071
2.12258,-0.233679,0.517929,1.46887,1.39995,1.07248,-1.079
2.12261,-0.233404,0.518012,1.46667,1.40141,1.0722,-1.087
2.12265,-0.233127,0.5181,1.46446,1.40286,1.07192,-1.09495
2.12268,-0.23286,0.518189,1.46225,1.40431,1.07165,-1.10299
2.12273,-0.232604,0.518278,1.46002,1.40576,1.07139,-1.11099
2.12277,-0.23235,0.518369,1.45779,1.4072,1.07114,-1.11899
2.12281,-0.232103,0.518462,1.45556,1.40865,1.07088,-1.127
2.12285,-0.231858,0.51856,1.45332,1.41009,1.07064,-1.13499
2.12289,-0.231624,0.518659,1.45107,1.41153,1.0704,-1.143
2.12293,-0.231397,0.518761,1.44882,1.41297,1.07017,-1.15101
2.12298,-0.231181,0.518862,1.44655,1.41441,1.06995,-1.15903
2.12302,-0.230965,0.518964,1.44429,1.41584,1.06972,-1.16704
2.12307,-0.230753,0.519072,1.44202,1.41727,1.06951,-1.17505
2.12312,-0.230556,0.519179,1.43973,1.4187,1.0693,-1.18308
2.12317,-0.230356,0.519291,1.43745,1.42013,1.0691,-1.19108
2.12322,-0.230172,0.519402,1.43515,1.42156,1.06891,-1.19912
2.12327,-0.22999,0.519515,1.43285,1.42298,1.06872,-1.20714
2.12333,-0.229815,0.51963,1.43054,1.4244,1.06854,-1.21517
2.12338,-0.229642,0.51975,1.42823,1.42582,1.06836,-1.22318
2.12344,-0.229487,0.51987,1.4259,1.42723,1.0682,-1.23123
2.12349,-0.229324,0.519993,1.42358,1.42865,1.06803,-1.23923
2.12355,-0.229182,0.520117,1.42124,1.43006,1.06788,-1.2473
2.12361,-0.229033,0.520244,1.4189,1.43147,1.06772,-1.25531
2.12367,-0.228897,0.520375,1.41655,1.43287,1.06758,-1.26335
2.12373,-0.228773,0.520504,1.41419,1.43428,1.06745,-1.27142
2.1238,-0.22865,0.520635,1.41183,1.43568,1.06732,-1.27946
2.12386,-0.228529,0.520772,1.40947,1.43708,1.06719,-1.28749
2.12393,-0.22842,0.52091,1.40709,1.43847,1.06707,-1.29554
2.12399,-0.228317,0.521051,1.40471,1.43986,1.06696,-1.30358
2.12406,-0.228221,0.521193,1.40232,1.44125,1.06685,-1.31165
2.12414,-0.228137,0.521335,1.39992,1.44264,1.06676,-1.3197
2.12421,-0.228049,0.521482,1.39752,1.44402,1.06666,-1.32773
2.12428,-0.227973,0.521631,1.39511,1.4454,1.06657,-1.33582
2.12436,-0.227908,0.521779,1.39268,1.44678,1.0665,-1.34388
2.12443,-0.22784,0.521932,1.39027,1.44815,1.06642,-1.35193
2.12452,-0.22779,0.522085,1.38782,1.44952,1.06636,-1.36
2.12459,-0.227734,0.522243,1.38539,1.45089,1.06629,-1.36801
2.12468,-0.227697,0.522399,1.38294,1.45226,1.06624,-1.37613
2.12477,-0.227661,0.522558,1.38048,1.45362,1.0662,-1.3842
2.12485,-0.227626,0.522722,1.37803,1.45498,1.06615,-1.39225
2.12494,-0.227609,0.522885,1.37556,1.45633,1.06612,-1.40034
2.12503,-0.227593,0.52305,1.37308,1.45769,1.06609,-1.40842
2.12512,-0.227578,0.52322,1.37061,1.45904,1.06606,-1.41648
2.12521,-0.227575,0.523392,1.36812,1.46038,1.06605,-1.42457
2.12531,-0.22758,0.523567,1.36562,1.46172,1.06604,-1.43265
2.1254,-0.227591,0.523743,1.36311,1.46306,1.06603,-1.44073
2.12551,-0.227614,0.52392,1.36059,1.46439,1.06604,-1.44881
2.1256,-0.227633,0.524101,1.35808,1.46573,1.06605,-1.45686
2.12571,-0.227664,0.524284,1.35555,1.46705,1.06606,-1.46498
2.12582,-0.227709,0.524466,1.35301,1.46837,1.06609,-1.47308
2.12592,-0.227751,0.52465,1.35047,1.4697,1.06612,-1.48117
2.12604,-0.227803,0.524837,1.34792,1.47101,1.06615,-1.48926
2.12614,-0.227857,0.525029,1.34537,1.47233,1.06619,-1.49735
2.12626,-0.227923,0.525223,1.34281,1.47364,1.06624,-1.50542
2.12638,-0.227999,0.525416,1.34023,1.47494,1.0663,-1.51355
2.1265,-0.228078,0.525612,1.33765,1.47624,1.06636,-1.52165
2.12661,-0.22816,0.525813,1.33507,1.47754,1.06643,-1.52972
2.12674,-0.228252,0.526015,1.33247,1.47883,1.0665,-1.53786
2.12687,-0.228357,0.526217,1.32986,1.48012,1.06659,-1.54596
2.127,-0.228463,0.526421,1.32725,1.4814,1.06667,-1.55407
2.12712,-0.228572,0.52663,1.32464,1.48269,1.06676,-1.56218
2.12726,-0.228697,0.526839,1.32201,1.48396,1.06687,-1.57029
2.1274,-0.228825,0.52705,1.31937,1.48523,1.06697,-1.57841
2.12753,-0.228954,0.527265,1.31674,1.4865,1.06708,-1.58649
2.12767,-0.2291,0.52748,1.31408,1.48776,1.06721,-1.59464
2.12782,-0.229248,0.527698,1.31142,1.48902,1.06733,-1.60276
2.12796,-0.229403,0.527917,1.30875,1.49028,1.06747,-1.61088
2.12811,-0.229565,0.528138,1.30608,1.49153,1.0676,-1.619
2.12826,-0.229729,0.528365,1.3034,1.49278,1.06775,-1.6271
2.12842,-0.229911,0.528592,1.30071,1.49401,1.0679,-1.63525
2.12858,-0.230094,0.52882,1.29801,1.49525,1.06806,-1.64338
2.12873,-0.230279,0.529053,1.29531,1.49649,1.06822,-1.6515
2.12889,-0.230476,0.529288,1.29259,1.49771,1.06839,-1.65964
2.12667,-0.227769,0.528665,1.29603,1.49729,1.06444,-1.65627
2.12444,-0.225047,0.528022,1.29949,1.49677,1.06039,-1.65278
2.12222,-0.222341,0.527366,1.30291,1.49624,1.05636,-1.64929
2.12002,-0.219646,0.526709,1.30631,1.49578,1.0524,-1.64592
2.11781,-0.216935,0.526024,1.30974,1.49517,1.0483,-1.64234
2.11562,-0.214241,0.525335,1.31313,1.49461,1.04427,-1.63885
2.11344,-0.211552,0.52464,1.3165,1.49406,1.04026,-1.63539
2.11127,-0.208871,0.523931,1.31986,1.49347,1.03623,-1.63191
2.1091,-0.206186,0.523202,1.32322,1.49281,1.03215,-1.62833
2.10694,-0.20351,0.522466,1.32656,1.49217,1.0281,-1.6248
2.10479,-0.200839,0.521724,1.32989,1.49152,1.02405,-1.62128
2.10265,-0.198177,0.520963,1.3332,1.49083,1.01998,-1.61772
2.10052,-0.195518,0.520198,1.3365,1.49016,1.01594,-1.61419
2.09839,-0.192862,0.519413,1.33979,1.48941,1.01186,-1.61058
2.09628,-0.190216,0.518626,1.34306,1.4887,1.00782,-1.60704
2.09417,-0.18757,0.517817,1.34633,1.48791,1.00372,-1.6034
2.09207,-0.184931,0.517007,1.34958,1.48715,0.99966,-1.59982
2.08998,-0.182297,0.516176,1.35283,1.48632,0.995564,-1.59617
2.0879,-0.179671,0.515338,1.35605,1.48549,0.991484,-1.59254
2.08583,-0.177048,0.514494,1.35927,1.48467,0.987419,-1.58892
2.08376,-0.174427,0.513633,1.36248,1.48378,0.983319,-1.58524
2.08171,-0.171823,0.512767,1.36566,1.48292,0.979267,-1.58163
2.07966,-0.16921,0.511882,1.36885,1.48197,0.975137,-1.57787
2.07762,-0.166611,0.51099,1.37202,1.48103,0.971053,-1.57418
2.0756,-0.164028,0.510093,1.37515,1.48013,0.967015,-1.57056
2.07356,-0.161424,0.509171,1.37833,1.47907,0.962854,-1.56672
2.07155,-0.158849,0.50825,1.38145,1.47809,0.958787,-1.56302
2.06955,-0.156269,0.507307,1.38458,1.477,0.954657,-1.5592
2.06755,-0.153696,0.506359,1.38769,1.47594,0.950556,-1.55542
2.06557,-0.151133,0.505407,1.39078,1.4749,0.946489,-1.55169
2.06358,-0.148571,0.504432,1.39387,1.47374,0.942353,-1.54782
2.06161,-0.146017,0.503452,1.39695,1.4726,0.938249,-1.54399
2.05965,-0.143466,0.502466,1.40002,1.47146,0.934158,-1.54017
2.0577,-0.140925,0.501462,1.40307,1.47024,0.930041,-1.53628
2.05575,-0.138391,0.500451,1.40611,1.46901,0.925938,-1.5324
2.05382,-0.135861,0.499429,1.40914,1.46777,0.921833,-1.5285
2.0519,-0.133344,0.498406,1.41214,1.46657,0.917785,-1.52469
2.04997,-0.13082,0.497362,1.41517,1.46524,0.913653,-1.52071
2.04806,-0.128315,0.496315,1.41815,1.46393,0.909573,-1.51679
2.04615,-0.125804,0.495245,1.42116,1.4625,0.905419,-1.51271
2.04426,-0.123306,0.494179,1.42413,1.46115,0.901342,-1.50877
2.04237,-0.120813,0.493098,1.4271,1.45973,0.897238,-1.50475
2.04049,-0.118329,0.492003,1.43005,1.45824,0.893117,-1.50066
2.03862,-0.11585,0.490901,1.433,1.45676,0.889018,-1.4966
2.03676,-0.113377,0.48979,1.43593,1.45525,0.88492,-1.49253
2.03491,-0.110911,0.48867,1.43885,1.45371,0.880824,-1.48842
2.03306,-0.108452,0.487545,1.44176,1.45217,0.876746,-1.48434
2.03123,-0.106004,0.486409,1.44465,1.4506,0.872676,-1.48024
2.0294,-0.103555,0.485255,1.44756,1.4489,0.868552,-1.47599
2.02757,-0.101116,0.484097,1.45044,1.44723,0.864465,-1.4718
2.02576,-0.0986861,0.482931,1.4533,1.44553,0.860383,-1.46758
2.02396,-0.0962628,0.481762,1.45615,1.44386,0.856336,-1.46343
2.02216,-0.0938426,0.480572,1.45901,1.44203,0.852224,-1.45908
2.02037,-0.0914294,0.479382,1.46185,1.44027,0.848163,-1.45483
2.01859,-0.0890292,0.478178,1.46467,1.43839,0.84408,-1.45047
2.01682,-0.0866307,0.476971,1.46749,1.43657,0.840029,-1.44619
2.01505,-0.0842451,0.475756,1.47028,1.4347,0.835988,-1.44187
2.01329,-0.0818594,0.474521,1.47309,1.43267,0.831888,-1.43737
2.01154,-0.0794858,0.473285,1.47588,1.43069,0.827834,-1.43295
2.00979,-0.0771209,0.472041,1.47865,1.42868,0.823785,-1.4285
2.00806,-0.0747548,0.470791,1.48141,1.42667,0.81975,-1.42408
2.00633,-0.072402,0.469531,1.48417,1.42459,0.815712,-1.41958
2.00461,-0.070059,0.468264,1.48691,1.42247,0.811683,-1.41506
2.0029,-0.0677214,0.466988,1.48964,1.42031,0.807657,-1.41052
2.00119,-0.0653913,0.465705,1.49236,1.41812,0.803638,-1.40594
1.99948,-0.0630661,0.464406,1.49509,1.41579,0.799583,-1.40121
1.99779,-0.0607522,0.463106,1.49779,1.41351,0.795571,-1.39655
1.99611,-0.0584439,0.461797,1.50048,1.41118,0.791563,-1.39187
1.99443,-0.0561432,0.460481,1.50317,1.40882,0.787561,-1.38715
1.99276,-0.0538502,0.459158,1.50584,1.40641,0.783565,-1.3824
1.9911,-0.0515665,0.457833,1.5085,1.40403,0.779602,-1.3777
1.98944,-0.0492872,0.456493,1.51116,1.40152,0.775609,-1.37286
1.98779,-0.0470202,0.455144,1.5138,1.39894,0.771623,-1.36795
1.98614,-0.0447585,0.453791,1.51644,1.39636,0.767656,-1.36306
1.98451,-0.0425094,0.45244,1.51904,1.39385,0.763742,-1.35829
1.98288,-0.040261,0.451065,1.52167,1.39107,0.759748,-1.35319
1.98125,-0.0380231,0.449691,1.52428,1.38836,0.755805,-1.34819
1.97964,-0.0357933,0.448309,1.52687,1.38561,0.75187,-1.34316
1.97803,-0.0335735,0.446922,1.52946,1.38281,0.747946,-1.3381
1.97643,-0.0313598,0.445527,1.53203,1.37996,0.744029,-1.33299
1.97484,-0.0291582,0.444134,1.53458,1.37721,0.740171,-1.32803
1.97324,-0.0269531,0.442718,1.53716,1.37417,0.736226,-1.32272
1.97166,-0.0247651,0.441303,1.5397,1.37117,0.732334,-1.31748
1.97008,-0.022589,0.439879,1.54223,1.36809,0.728455,-1.31219
1.96852,-0.0204183,0.438457,1.54474,1.36514,0.724625,-1.30705
1.96695,-0.0182468,0.437015,1.54728,1.3619,0.720723,-1.30157
1.96539,-0.0160981,0.435572,1.54978,1.35868,0.71688,-1.29616
1.96384,-0.013946,0.434125,1.55229,1.35548,0.713044,-1.29077
1.9623,-0.0118114,0.432667,1.55477,1.35215,0.709215,-1.28526
1.96076,-0.00968068,0.431204,1.55725,1.34881,0.705399,-1.27974
1.95923,-0.00755806,0.42974,1.55971,1.3455,0.701615,-1.27428
1.95771,-0.00544552,0.428265,1.56217,1.34207,0.697831,-1.26871
1.95619,-0.00334166,0.426784,1.56461,1.3386,0.69406,-1.26309
1.95468,-0.00124104,0.425291,1.56707,1.33497,0.690268,-1.25731
1.95318,0.000843467,0.423797,1.56949,1.33139,0.686527,-1.25161
1.95167,0.00292049,0.422289,1.57192,1.32762,0.682766,-1.24569
1.95019,0.00499395,0.420784,1.57432,1.32399,0.679055,-1.23997
1.9487,0.00705316,0.419262,1.57673,1.32011,0.675323,-1.23396
1.94723,0.00910477,0.417739,1.57913,1.31627,0.671625,-1.22802
1.94576,0.011154,0.41621,1.58151,1.31244,0.667944,-1.22211
1.94429,0.0131914,0.41467,1.58389,1.30845,0.664261,-1.21603
1.94284,0.0152117,0.413124,1.58625,1.3044,0.66061,-1.2099
1.9414,0.0172313,0.411577,1.5886,1.30043,0.656986,-1.20388
1.93995,0.0192368,0.410011,1.59095,1.29618,0.653344,-1.19756
1.93852,0.0212372,0.408443,1.59329,1.29198,0.649734,-1.1913
1.9371,0.0232285,0.406866,1.59562,1.28772,0.646139,-1.185
1.93569,0.0252125,0.40529,1.59793,1.28351,0.64258,-1.17878
1.93428,0.0271817,0.403692,1.60024,1.279,0.639004,-1.17222
1.93288,0.0291528,0.402094,1.60255,1.27461,0.635458,-1.16581
1.93149,0.0311065,0.400488,1.60483,1.27013,0.631941,-1.15933
1.93011,0.0330533,0.398869,1.60712,1.26548,0.628418,-1.15265
1.92874,0.0349877,0.397249,1.60938,1.2609,0.624945,-1.14609
1.92737,0.0369093,0.395609,1.61165,1.25607,0.621468,-1.13927
1.92602,0.0388279,0.393964,1.6139,1.25129,0.618016,-1.1325
1.92468,0.0407411,0.392317,1.61614,1.24654,0.614593,-1.1258
1.92335,0.0426345,0.390648,1.61838,1.24151,0.611175,-1.11879
1.92203,0.0445253,0.388973,1.62061,1.23652,0.607783,-1.11184
1.92072,0.0464062,0.387288,1.62283,1.23145,0.604412,-1.10482
1.91942,0.0482828,0.385599,1.62503,1.22643,0.601067,-1.09787
1.91813,0.0501444,0.383897,1.62723,1.22125,0.597743,-1.09076
1.91685,0.0519995,0.382175,1.62943,1.21589,0.594419,-1.08345
1.91559,0.0538339,0.380444,1.6316,1.21049,0.591146,-1.07613
1.91434,0.0556658,0.378703,1.63377,1.20506,0.587888,-1.0688
1.91311,0.0574897,0.376947,1.63593,1.19956,0.584651,-1.06139
1.91189,0.0593119,0.375185,1.63809,1.19407,0.581431,-1.05401
1.91068,0.0611171,0.373405,1.64024,1.18839,0.578238,-1.04644
1.90949,0.0629017,0.371609,1.64237,1.18262,0.575087,-1.03879
1.90831,0.0646953,0.369803,1.6445,1.17685,0.571936,-1.03115
1.90715,0.0664702,0.367982,1.64662,1.17099,0.568825,-1.02342
1.906,0.0682348,0.366149,1.64872,1.16507,0.565743,-1.01565
1.90488,0.0699877,0.364301,1.65081,1.15908,0.562691,-1.00783
1.90377,0.0717345,0.362426,1.65291,1.15288,0.559648,-0.999773
1.90268,0.0734685,0.360547,1.65498,1.14677,0.556653,-0.991843
1.90161,0.0751944,0.358639,1.65706,1.14044,0.553671,-0.983683
1.90056,0.0769015,0.356711,1.65912,1.13402,0.550739,-0.975454
1.89953,0.0786111,0.354781,1.66117,1.12775,0.547821,-0.967388
1.89853,0.0803007,0.352805,1.66322,1.12108,0.544938,-0.958912
1.89755,0.0819848,0.350819,1.66526,1.11449,0.542084,-0.950534
1.89659,0.0836612,0.348833,1.66727,1.10799,0.539261,-0.942281
1.89565,0.0853244,0.346815,1.66929,1.10128,0.53647,-0.933802
1.89475,0.0869723,0.344748,1.67131,1.09423,0.533714,-0.924967
1.89386,0.0886207,0.342682,1.67332,1.08735,0.530974,-0.916332
1.893,0.09025,0.340602,1.6753,1.08045,0.52829,-0.907704
1.89217,0.0918714,0.338484,1.67729,1.07332,0.52563,-0.898835
1.89137,0.0934818,0.336342,1.67926,1.06613,0.523007,-0.889914
1.89061,0.0950747,0.334165,1.68122,1.05883,0.520437,-0.880912
1.88986,0.096668,0.331976,1.68318,1.05155,0.517874,-0.871922
1.88915,0.0982456,0.329759,1.68513,1.04417,0.515362,-0.862849
1.88847,0.0998123,0.327516,1.68706,1.03672,0.512888,-0.853724
1.88784,0.10136,0.325222,1.68899,1.02905,0.510469,-0.844384
1.88723,0.102911,0.322922,1.69091,1.02147,0.508057,-0.835143
1.88665,0.104444,0.320595,1.69281,1.01383,0.5057,-0.825871
1.88612,0.105967,0.318221,1.69472,1.00597,0.503381,-0.81636
1.88564,0.107471,0.3158,1.69661,0.997985,0.501123,-0.806742
1.88517,0.108976,0.313392,1.69849,0.990233,0.498873,-0.797402
1.88475,0.110465,0.310923,1.70036,0.982184,0.496677,-0.787747
1.88438,0.111942,0.308403,1.70224,0.973921,0.494527,-0.777865
1.88406,0.113401,0.30585,1.7041,0.965669,0.492441,-0.768035
1.88378,0.114854,0.303266,1.70594,0.957402,0.490381,-0.758203
1.88351,0.116304,0.300682,1.70777,0.949269,0.488339,-0.748539
1.88331,0.117735,0.298023,1.70961,0.940766,0.486365,-0.738478
1.88314,0.119156,0.295353,1.71143,0.932384,0.484432,-0.728583
1.88306,0.120556,0.292584,1.71325,0.923599,0.482578,-0.718254
1.88301,0.121943,0.289809,1.71505,0.914969,0.480749,-0.708124
1.88301,0.123337,0.286991,1.71685,0.906282,0.478959,-0.697946
1.88302,0.124717,0.284166,1.71863,0.89766,0.477193,-0.68786
1.88313,0.126072,0.281247,1.72042,0.888694,0.475528,-0.677419
1.88326,0.127426,0.278323,1.72219,0.879838,0.473865,-0.667108
1.88343,0.128766,0.275363,1.72395,0.870938,0.472265,-0.656782
1.88366,0.130094,0.272363,1.72569,0.861991,0.470713,-0.646423
1.88395,0.131409,0.269294,1.72744,0.852841,0.469222,-0.635852
1.88431,0.132706,0.266176,1.72917,0.843665,0.467804,-0.625285
1.88469,0.134005,0.263052,1.7309,0.834594,0.466379,-0.614845
1.88516,0.13528,0.259836,1.73261,0.825261,0.465065,-0.604143
1.88565,0.136555,0.256614,1.73433,0.816024,0.463747,-0.593556
1.8862,0.137813,0.253344,1.73602,0.806698,0.462505,-0.582896
1.88681,0.13906,0.25003,1.73771,0.797334,0.461312,-0.572216
1.88746,0.140296,0.246676,1.73939,0.787938,0.460169,-0.561519
1.8882,0.141515,0.243248,1.74106,0.778423,0.459109,-0.550717
1.88894,0.142735,0.239836,1.74272,0.769091,0.458034,-0.540129
1.88978,0.143936,0.236324,1.74438,0.759456,0.457062,-0.529221
1.89068,0.145122,0.232769,1.74603,0.749844,0.456158,-0.518369
1.89162,0.146302,0.22918,1.74766,0.740252,0.455279,-0.507553
1.89261,0.147471,0.225551,1.74929,0.730635,0.454454,-0.496727
1.89363,0.148637,0.221913,1.75091,0.721083,0.453641,-0.485987
1.89475,0.149779,0.218178,1.75252,0.711314,0.452954,-0.475032
1.89587,0.150923,0.214443,1.75413,0.701648,0.452255,-0.464199
1.89708,0.152045,0.210647,1.75572,0.691911,0.451662,-0.453316
1.89827,0.153172,0.20687,1.75729,0.682359,0.45104,-0.44265
1.8996,0.154276,0.202969,1.75888,0.672448,0.45055,-0.431594
1.90092,0.155375,0.19908,1.76045,0.662717,0.450078,-0.420761
1.90232,0.156457,0.195129,1.762,0.65292,0.449693,-0.409876
1.90377,0.157536,0.191146,1.76355,0.643149,0.449329,-0.399031
1.90525,0.158605,0.187128,1.76509,0.633374,0.449015,-0.388197
1.90678,0.159665,0.183076,1.76662,0.623597,0.448752,-0.377375
1.90836,0.160714,0.178993,1.76815,0.613824,0.44854,-0.366571
1.90995,0.16176,0.174891,1.76966,0.604061,0.448349,-0.355788
1.91161,0.162789,0.17074,1.77117,0.594276,0.448258,-0.345001
1.91329,0.163817,0.166577,1.77267,0.584525,0.448165,-0.334257
1.91502,0.164827,0.162369,1.77415,0.574759,0.448174,-0.323517
1.91677,0.16584,0.158158,1.77563,0.56506,0.448168,-0.312856
1.91856,0.166849,0.153935,1.77708,0.555425,0.448304,-0.302235
1.92043,0.167831,0.149598,1.77858,0.545567,0.448412,-0.291469
1.9223,0.168804,0.145286,1.78001,0.53587,0.448575,-0.280849
1.9242,0.169779,0.140951,1.78146,0.52619,0.448792,-0.270255
1.92613,0.170746,0.136593,1.78289,0.51653,0.449055,-0.259693
1.92805,0.171713,0.132263,1.78432,0.507007,0.449306,-0.249295
1.93007,0.172656,0.127831,1.78574,0.497282,0.449716,-0.238674
1.93206,0.173607,0.123443,1.78715,0.487752,0.450072,-0.228282
1.93411,0.174538,0.118991,1.78855,0.478133,0.450553,-0.217796
1.93615,0.175474,0.114562,1.78994,0.468636,0.451002,-0.207455
1.93818,0.176401,0.110156,1.79131,0.459271,0.451482,-0.197275
1.94028,0.177317,0.105678,1.79269,0.449778,0.452056,-0.186948
1.94239,0.178227,0.101193,1.79405,0.440332,0.452668,-0.176682
1.94457,0.179124,0.0966459,1.79542,0.430778,0.453372,-0.166291
1.94671,0.180021,0.0921479,1.79677,0.421426,0.454063,-0.156139
1.94883,0.180916,0.0876767,1.7981,0.412215,0.454749,-0.146155
1.95105,0.181794,0.0831047,1.79944,0.40281,0.45559,-0.135944
1.95324,0.182671,0.0785684,1.80076,0.39356,0.456404,-0.125919
1.95545,0.183541,0.0740277,1.80207,0.384356,0.457256,-0.115945
1.95763,0.184413,0.0695076,1.80337,0.375244,0.458091,-0.106084
1.95987,0.185265,0.0649337,1.80467,0.366058,0.459069,-0.0961301
1.96208,0.186126,0.0603967,1.80596,0.357005,0.459991,-0.0863356
1.96431,0.186972,0.0558381,1.80724,0.34794,0.461002,-0.0765231
1.96655,0.187814,0.0512796,1.80851,0.338927,0.462045,-0.0667696
1.96875,0.188655,0.0467581,1.80976,0.330056,0.463081,-0.0571823
1.97101,0.189477,0.0421754,1.81102,0.321089,0.464247,-0.0474737
1.97325,0.190302,0.0376226,1.81226,0.312239,0.465389,-0.0379033
1.97546,0.191132,0.0331029,1.81349,0.303501,0.466501,-0.0284673
1.97773,0.191937,0.028524,1.81472,0.29467,0.467774,-0.0189065
1.97997,0.192753,0.0239747,1.81594,0.285936,0.468999,-0.00946395
1.98219,0.193551,0.0194451,1.81714,0.277302,0.470294,-0.000125909
1.98438,0.194361,0.0149486,1.81834,0.26877,0.47153,0.00908337
1.98659,0.195157,0.0104369,1.81953,0.26024,0.472851,0.0183036
1.98883,0.195941,0.00588501,1.82072,0.251646,0.474266,0.0276094
1.99106,0.196715,0.00135908,1.82189,0.243159,0.475718,0.0368013
1.99326,0.197499,-0.00315052,1.82306,0.234728,0.477135,0.0459214
1.99545,0.198267,-0.0076396,1.82421,0.226392,0.478616,0.0549443
1.99762,0.199303,-0.0121194,1.82552,0.218104,0.479993,0.0638903
1.9998,0.199797,-0.0166028,1.82649,0.209838,0.481634,0.0728669
2.00197,0.200554,-0.0210683,1.82762,0.201639,0.483188,0.0817488
2.00412,0.201307,-0.0255234,1.82875,0.193491,0.48477,0.0905779
2.00625,0.202054,-0.0299669,1.82986,0.185395,0.486381,0.099354
2.00835,0.202805,-0.0343697,1.83096,0.177404,0.487959,0.108007
2.01049,0.203538,-0.0388152,1.83206,0.169348,0.489666,0.11676
2.01258,0.204264,-0.0432151,1.83314,0.16143,0.491379,0.125361
2.01466,0.204991,-0.0476071,1.83422,0.153547,0.493099,0.133924
2.01671,0.20572,-0.0519621,1.83529,0.145756,0.494791,0.142379
2.01876,0.206436,-0.0563317,1.83635,0.137963,0.496574,0.150857
2.0208,0.207146,-0.0606809,1.8374,0.130236,0.498375,0.159267
2.02283,0.207849,-0.0650332,1.83845,0.122525,0.50023,0.167675
2.02482,0.208543,-0.0693416,1.83947,0.114937,0.502095,0.175949
2.02681,0.209243,-0.0736511,1.84051,0.107352,0.503955,0.18422
2.02876,0.209927,-0.0779328,1.84152,0.0998629,0.50587,0.1924
2.0307,0.210612,-0.082205,1.84252,0.0924058,0.507794,0.200548
2.03263,0.211295,-0.0864585,1.84353,0.0849958,0.509719,0.208645
2.0345,0.211975,-0.0906631,1.84451,0.0777163,0.51163,0.216595
2.03642,0.21263,-0.09492,1.84549,0.0703568,0.513712,0.224685
2.03829,0.213292,-0.0991262,1.84647,0.0631117,0.515731,0.232631
2.04013,0.213956,-0.103304,1.84743,0.0559316,0.517733,0.240503
2.04196,0.214598,-0.107485,1.84839,0.0487835,0.519839,0.248372
2.04376,0.215244,-0.11164,1.84933,0.0416964,0.521927,0.256171
2.04552,0.215895,-0.11575,1.85027,0.0347061,0.52396,0.263848
2.04731,0.216523,-0.11989,1.8512,0.0276838,0.526131,0.271605
2.04904,0.217152,-0.123987,1.85212,0.0207648,0.528274,0.279243
2.05077,0.217765,-0.128084,1.85303,0.0138737,0.530497,0.286879
2.05247,0.218381,-0.132151,1.85394,0.00704644,0.532694,0.294438
2.05416,0.218995,-0.136204,1.85484,0.00025247,0.534899,0.301966
2.0558,0.219594,-0.14023,1.85572,-0.00644895,0.53715,0.309412
2.05744,0.220191,-0.144244,1.85659,-0.0131221,0.539409,0.316832
2.05904,0.220793,-0.148225,1.85746,-0.019725,0.54163,0.324163
2.06064,0.221367,-0.152216,1.85832,-0.0263109,0.543987,0.331529
2.06221,0.221951,-0.156185,1.85918,-0.0328574,0.546299,0.338836
2.06375,0.222525,-0.160125,1.86002,-0.0393209,0.54863,0.346064
2.06525,0.223098,-0.164024,1.86085,-0.0456928,0.55093,0.353185
2.06676,0.223655,-0.167937,1.86167,-0.0520731,0.553325,0.360351
2.06826,0.224203,-0.171849,1.8625,-0.0584331,0.555772,0.367518
2.06972,0.224749,-0.175721,1.86331,-0.0647033,0.558189,0.374581
2.07114,0.225285,-0.179568,1.8641,-0.070899,0.560631,0.381577
2.07255,0.225825,-0.183397,1.86489,-0.0770721,0.563051,0.388542
2.07393,0.226355,-0.187205,1.86567,-0.0831761,0.565494,0.395445
2.0753,0.226874,-0.191012,1.86644,-0.0892585,0.567994,0.40235
2.07664,0.227377,-0.194807,1.86721,-0.0952914,0.570555,0.409231
2.07796,0.227882,-0.19857,1.86796,-0.101265,0.573081,0.416038
2.07926,0.228381,-0.202319,1.86871,-0.107196,0.575625,0.422809
2.08051,0.22889,-0.206018,1.86945,-0.113038,0.578081,0.429453
2.08179,0.229368,-0.209758,1.87018,-0.118913,0.580718,0.436208
2.08302,0.229845,-0.213456,1.8709,-0.124698,0.583317,0.442857
2.08424,0.230306,-0.217144,1.87161,-0.130437,0.585974,0.449486
2.08542,0.230769,-0.220808,1.87232,-0.136131,0.588604,0.456058
2.08659,0.231225,-0.224455,1.87301,-0.141778,0.59125,0.462593
2.08773,0.23168,-0.228082,1.8737,-0.147387,0.593887,0.469085
2.08885,0.232114,-0.231698,1.87438,-0.15293,0.596593,0.475543
2.08993,0.232565,-0.235267,1.87504,-0.158409,0.599184,0.481886
2.09103,0.232986,-0.238865,1.87571,-0.163896,0.601936,0.488311
2.09209,0.233391,-0.242443,1.87636,-0.169316,0.604729,0.49469
2.09312,0.233813,-0.245981,1.877,-0.174686,0.607415,0.500971
2.09415,0.234205,-0.249528,1.87764,-0.180017,0.610232,0.507275
2.09514,0.2346,-0.253046,1.87826,-0.1853,0.613007,0.513514
2.09612,0.234993,-0.256547,1.87889,-0.19055,0.615775,0.519718
2.09707,0.235373,-0.260036,1.8795,-0.195744,0.61858,0.525885
2.098,0.235736,-0.263509,1.88009,-0.20088,0.621425,0.532017
2.09891,0.236099,-0.266967,1.88068,-0.205987,0.624261,0.538117
2.0998,0.236467,-0.270392,1.88127,-0.211042,0.627043,0.544142
2.10068,0.236801,-0.273836,1.88184,-0.216066,0.629977,0.550211
2.10153,0.237139,-0.277249,1.88241,-0.221043,0.632857,0.556211
2.10236,0.237478,-0.280646,1.88297,-0.22599,0.635723,0.562174
2.10317,0.237791,-0.284031,1.88352,-0.230865,0.638661,0.568107
2.10397,0.238102,-0.287398,1.88406,-0.235708,0.641586,0.574003
2.10474,0.238419,-0.290755,1.88459,-0.240532,0.644489,0.579873
2.1055,0.238712,-0.294107,1.88512,-0.245306,0.647468,0.585732
2.10623,0.239008,-0.297418,1.88563,-0.250007,0.650376,0.59149
2.10695,0.239272,-0.300744,1.88613,-0.25468,0.653419,0.597289
2.10765,0.239553,-0.304049,1.88664,-0.259341,0.656387,0.603041
2.10833,0.239806,-0.307337,1.88712,-0.26392,0.659418,0.608749
2.10899,0.240071,-0.310609,1.8876,-0.26849,0.662396,0.614424
2.10963,0.240304,-0.313876,1.88807,-0.272992,0.66547,0.620085
2.11026,0.240548,-0.317132,1.88854,-0.277493,0.668501,0.625725
2.11087,0.240768,-0.320368,1.88899,-0.281907,0.671576,0.631308
2.11146,0.240994,-0.323595,1.88944,-0.286322,0.67463,0.636883
2.11204,0.241203,-0.32681,1.88988,-0.290679,0.677713,0.642421
2.11259,0.241395,-0.330011,1.89031,-0.294975,0.68083,0.647923
2.11313,0.241587,-0.333202,1.89073,-0.299254,0.68394,0.653407
2.11365,0.241769,-0.336381,1.89114,-0.303493,0.687063,0.658863
2.11415,0.241954,-0.33954,1.89155,-0.307703,0.690147,0.664275
2.11464,0.24212,-0.342694,1.89194,-0.311862,0.69328,0.669667
2.11512,0.24227,-0.345847,1.89233,-0.31599,0.696467,0.67506
2.11557,0.242424,-0.348968,1.89271,-0.320064,0.699583,0.680371
2.11602,0.24254,-0.352108,1.89308,-0.324099,0.70286,0.685732
2.11644,0.24267,-0.355218,1.89345,-0.328104,0.706055,0.691024
2.11686,0.24279,-0.358328,1.8938,-0.332098,0.709254,0.696315
2.11725,0.242899,-0.361418,1.89415,-0.336029,0.712462,0.701553
2.11763,0.242996,-0.364495,1.89448,-0.339901,0.715709,0.706761
2.11799,0.243085,-0.367571,1.89481,-0.343778,0.718936,0.711968
2.11834,0.243165,-0.370632,1.89513,-0.347598,0.722181,0.717135
2.11868,0.243223,-0.373688,1.89543,-0.351366,0.72547,0.722284
2.119,0.243285,-0.376727,1.89574,-0.355105,0.728746,0.7274
2.1193,0.243335,-0.37976,1.89604,-0.358814,0.732032,0.732498
2.1196,0.243382,-0.382788,1.89633,-0.362511,0.735317,0.737589
2.11987,0.243406,-0.385799,1.8966,-0.366124,0.738638,0.742627
2.12014,0.243427,-0.388803,1.89687,-0.369722,0.741956,0.747654
2.12039,0.243445,-0.391803,1.89714,-0.373312,0.745261,0.752672
2.12062,0.243453,-0.394782,1.89739,-0.376841,0.748557,0.757634
2.12085,0.243445,-0.397763,1.89763,-0.380336,0.751906,0.762598
2.12106,0.243422,-0.400739,1.89787,-0.383794,0.755285,0.767549
2.12126,0.243383,-0.403709,1.8981,-0.387196,0.758704,0.772477
2.12145,0.243343,-0.406669,1.89831,-0.390591,0.762085,0.777384
2.12162,0.243313,-0.409599,1.89852,-0.393961,0.765386,0.782227
2.12179,0.243234,-0.412557,1.89873,-0.397263,0.768876,0.787119
2.12194,0.243165,-0.415491,1.89892,-0.400548,0.772287,0.791958
2.12207,0.243086,-0.418417,1.89911,-0.4038,0.775707,0.796776
2.1222,0.242997,-0.421336,1.89929,-0.407017,0.779137,0.801575
2.12231,0.242906,-0.424241,1.89946,-0.410213,0.782546,0.806346
2.12242,0.242787,-0.427151,1.89962,-0.413346,0.786025,0.81111
2.12251,0.242667,-0.430049,1.89977,-0.416461,0.789483,0.81585
2.12259,0.242548,-0.432931,1.89992,-0.41956,0.792907,0.82056
2.12266,0.242408,-0.435811,1.90006,-0.422607,0.796374,0.825255
2.12272,0.242252,-0.438695,1.90019,-0.425621,0.79989,0.829954
2.12277,0.242082,-0.441571,1.9003,-0.428586,0.803407,0.834621
2.12281,0.24191,-0.444437,1.90041,-0.431535,0.806911,0.839269
2.12283,0.241727,-0.447294,1.90052,-0.434448,0.810422,0.843896
2.12285,0.241534,-0.450147,1.90061,-0.437332,0.813943,0.848509
2.12286,0.241331,-0.452995,1.9007,-0.440183,0.817473,0.853105
2.12286,0.241117,-0.455837,1.90078,-0.443001,0.821011,0.857684
2.12284,0.240892,-0.458671,1.90085,-0.445784,0.824556,0.862242
2.12282,0.240664,-0.461499,1.90092,-0.448555,0.828101,0.866793
2.12279,0.240412,-0.464326,1.90097,-0.451261,0.831674,0.871317
2.12275,0.240155,-0.467146,1.90102,-0.453951,0.835245,0.87583
2.1227,0.239888,-0.469959,1.90106,-0.456606,0.838824,0.880325
2.12264,0.239619,-0.472763,1.90109,-0.459251,0.842388,0.884805
2.12257,0.239332,-0.475566,1.90111,-0.461847,0.845978,0.88927
2.1225,0.239029,-0.478369,1.90113,-0.464408,0.849602,0.893731
2.1224,0.238729,-0.481149,1.90113,-0.466946,0.853156,0.898138
2.12232,0.238392,-0.483953,1.90113,-0.469424,0.856836,0.902581
2.12221,0.238061,-0.486739,1.90112,-0.471894,0.860462,0.906988
2.1221,0.237718,-0.489521,1.9011,-0.474334,0.864095,0.911381
2.12199,0.237365,-0.492296,1.90107,-0.47674,0.867734,0.915757
2.12186,0.237006,-0.495068,1.90104,-0.479132,0.871381,0.92013
2.12173,0.236626,-0.497837,1.901,-0.481465,0.875037,0.924475
2.12158,0.23624,-0.500602,1.90095,-0.483782,0.878699,0.928813
2.12144,0.235843,-0.503361,1.90089,-0.486066,0.882367,0.933136
2.12128,0.235435,-0.506118,1.90082,-0.488322,0.886042,0.937448
2.12112,0.235016,-0.508872,1.90075,-0.490549,0.889725,0.941748
2.12094,0.234593,-0.511617,1.90067,-0.492761,0.893402,0.946038
2.12076,0.234145,-0.514364,1.90058,-0.494908,0.897109,0.950308
2.12057,0.233704,-0.517097,1.90048,-0.497065,0.900776,0.954563
2.12038,0.233234,-0.519842,1.90038,-0.499165,0.904518,0.95883
2.12018,0.232755,-0.522578,1.90026,-0.501228,0.908237,0.963064
2.11997,0.232287,-0.525292,1.90014,-0.503301,0.911887,0.967266
2.11975,0.231788,-0.528022,1.90001,-0.505317,0.915627,0.97149
2.11954,0.231272,-0.530755,1.89987,-0.507297,0.919399,0.975712
2.1193,0.230761,-0.533467,1.89973,-0.509265,0.9231,0.979892
2.11908,0.230214,-0.536199,1.89957,-0.511164,0.926907,0.984095
2.11883,0.229688,-0.538902,1.89941,-0.513092,0.930601,0.988251
2.11859,0.229125,-0.541624,1.89925,-0.514953,0.934404,0.992435
2.11833,0.228567,-0.544327,1.89907,-0.516804,0.938134,0.996577
2.11807,0.227992,-0.547031,1.89888,-0.518616,0.941898,1.00072
2.11781,0.2274,-0.54974,1.89869,-0.520395,0.945696,1.00486
2.11754,0.226791,-0.552452,1.89849,-0.52213,0.949508,1.009
2.11726,0.226187,-0.555149,1.89828,-0.523872,0.953284,1.01312
2.11698,0.225565,-0.557844,1.89807,-0.525568,0.957075,1.01722
2.11668,0.224948,-0.560522,1.89784,-0.52726,0.960795,1.02129
2.11639,0.224291,-0.563226,1.89761,-0.528886,0.964654,1.02541
2.1161,0.223624,-0.565926,1.89737,-0.530477,0.968492,1.0295
2.11579,0.22297,-0.568601,1.89713,-0.532085,0.972256,1.03356
2.11548,0.222283,-0.571294,1.89687,-0.533631,0.976109,1.03764
2.11517,0.221585,-0.573983,1.89661,-0.535143,0.979944,1.0417
2.11485,0.220883,-0.576667,1.89633,-0.536642,0.983771,1.04576
2.11453,0.220168,-0.579347,1.89606,-0.538111,0.987602,1.0498
2.11419,0.219451,-0.582019,1.89578,-0.539573,0.991418,1.05383
2.11386,0.218704,-0.584703,1.89548,-0.54097,0.995279,1.05787
2.11351,0.217974,-0.587361,1.89518,-0.542391,0.999059,1.06187
2.11317,0.217193,-0.590049,1.89487,-0.543714,1.00297,1.06591
2.11282,0.216425,-0.592717,1.89456,-0.545059,1.00683,1.06993
2.11246,0.215646,-0.59538,1.89424,-0.546371,1.01066,1.07392
2.11209,0.214849,-0.598045,1.8939,-0.547648,1.01452,1.07792
2.11173,0.214034,-0.600714,1.89357,-0.548884,1.01841,1.08193
2.11135,0.213225,-0.603367,1.89322,-0.550122,1.02223,1.0859
2.11098,0.212374,-0.606045,1.89286,-0.551281,1.02617,1.0899
2.1106,0.211529,-0.608708,1.8925,-0.552445,1.03005,1.09388
2.11021,0.210687,-0.611354,1.89214,-0.553608,1.03388,1.09784
2.10983,0.209804,-0.614024,1.89176,-0.554689,1.03781,1.10183
2.10943,0.208927,-0.616679,1.89138,-0.555782,1.04171,1.1058
2.10903,0.20803,-0.619336,1.89098,-0.556824,1.0456,1.10976
2.10863,0.207123,-0.621991,1.89058,-0.557847,1.0495,1.11371
2.10822,0.206206,-0.624645,1.89017,-0.558846,1.0534,1.11767
2.10781,0.205277,-0.627297,1.88976,-0.559817,1.0573,1.12162
2.10739,0.204335,-0.629949,1.88934,-0.56076,1.06121,1.12556
2.10697,0.203387,-0.632592,1.88892,-0.561687,1.06512,1.12951
2.10654,0.202414,-0.635243,1.88848,-0.562562,1.06904,1.13345
2.1061,0.201445,-0.637882,1.88804,-0.563442,1.07294,1.13738
2.10567,0.200444,-0.640533,1.88758,-0.564256,1.07688,1.14132
2.10523,0.199441,-0.643176,1.88712,-0.56506,1.0808,1.14525
2.10478,0.198437,-0.645809,1.88666,-0.565863,1.0847,1.14917
2.10433,0.197403,-0.648453,1.88619,-0.566605,1.08865,1.15311
2.10387,0.196355,-0.651097,1.88571,-0.567313,1.09259,1.15704
2.10341,0.195301,-0.653735,1.88522,-0.568006,1.09652,1.16096
2.10295,0.194236,-0.656373,1.88472,-0.568675,1.10046,1.16489
2.10248,0.193158,-0.659011,1.88422,-0.569317,1.1044,1.16881
2.10199,0.192092,-0.661624,1.88372,-0.569978,1.10826,1.1727
2.10151,0.190988,-0.664253,1.8832,-0.570565,1.1122,1.17662
2.10104,0.189844,-0.666906,1.88267,-0.57107,1.11623,1.18057
2.10054,0.188725,-0.669529,1.88215,-0.571622,1.12016,1.18448
2.10005,0.187571,-0.672166,1.8816,-0.572103,1.12413,1.18841
2.09956,0.186417,-0.674793,1.88106,-0.572577,1.12809,1.19233
2.09906,0.185248,-0.677422,1.88051,-0.573024,1.13204,1.19625
2.09854,0.18408,-0.680037,1.87995,-0.573469,1.13598,1.20016
2.09802,0.182885,-0.68266,1.87939,-0.573861,1.13994,1.20408
2.0975,0.181671,-0.685283,1.87881,-0.574211,1.14392,1.20801
2.09698,0.180447,-0.687907,1.87823,-0.574536,1.14788,1.21193
2.09644,0.17923,-0.690514,1.87764,-0.57488,1.1518,1.21583
2.09591,0.177978,-0.693133,1.87705,-0.575153,1.15579,1.21977
2.09538,0.176707,-0.695757,1.87644,-0.575378,1.15978,1.2237
2.09483,0.175434,-0.698374,1.87583,-0.575603,1.16375,1.22763
2.09428,0.174148,-0.700989,1.87522,-0.5758,1.16772,1.23156
2.09372,0.172862,-0.70359,1.8746,-0.575999,1.17166,1.23548
2.09316,0.171536,-0.706209,1.87396,-0.576109,1.17567,1.23942
2.09259,0.170228,-0.708803,1.87333,-0.576261,1.17959,1.24334
2.09202,0.168877,-0.711416,1.87269,-0.576325,1.18361,1.24729
2.09143,0.16753,-0.714013,1.87203,-0.576395,1.18756,1.25123
2.09085,0.16615,-0.716625,1.87137,-0.576392,1.19157,1.25518
2.09026,0.164777,-0.71922,1.87071,-0.576408,1.19554,1.25913
2.08966,0.163387,-0.721814,1.87004,-0.576388,1.19951,1.26307
2.08906,0.161968,-0.724419,1.86935,-0.576309,1.2035,1.26704
2.08845,0.160549,-0.727013,1.86867,-0.576223,1.20748,1.27099
2.08784,0.159114,-0.729607,1.86798,-0.57611,1.21146,1.27496
2.08721,0.157674,-0.732191,1.86728,-0.575987,1.21543,1.27892
2.08659,0.156203,-0.734785,1.86657,-0.575799,1.21942,1.28289
2.08595,0.154734,-0.737364,1.86586,-0.575612,1.2234,1.28686
2.08531,0.153238,-0.739951,1.86514,-0.575371,1.22738,1.29085
2.08466,0.151734,-0.742533,1.86441,-0.575115,1.23136,1.29483
2.08401,0.150217,-0.745113,1.86368,-0.57483,1.23534,1.29882
2.08335,0.148686,-0.747688,1.86294,-0.574514,1.23932,1.30282
2.08268,0.14714,-0.750262,1.86219,-0.574171,1.24329,1.30682
2.08199,0.145598,-0.752818,1.86144,-0.573838,1.24723,1.3108
2.08131,0.14402,-0.755384,1.86068,-0.573428,1.25123,1.31482
2.08062,0.142418,-0.757955,1.85991,-0.572965,1.25523,1.31886
2.07992,0.140816,-0.760517,1.85913,-0.572505,1.2592,1.32288
2.0792,0.139223,-0.763056,1.85836,-0.572069,1.26312,1.32688
2.07849,0.137573,-0.765618,1.85757,-0.57151,1.26716,1.33095
2.07776,0.135927,-0.768164,1.85677,-0.57096,1.27113,1.33499
2.07703,0.134263,-0.770711,1.85597,-0.570369,1.2751,1.33905
2.07628,0.132597,-0.773246,1.85517,-0.569778,1.27907,1.3431
2.07553,0.1309,-0.775789,1.85435,-0.569123,1.28304,1.34717
2.07478,0.129197,-0.778324,1.85353,-0.568456,1.28701,1.35125
2.07401,0.127481,-0.780852,1.8527,-0.567757,1.29097,1.35532
2.07322,0.125763,-0.783366,1.85187,-0.567061,1.29491,1.3594
2.07244,0.124003,-0.785894,1.85102,-0.566272,1.2989,1.36351
2.07165,0.122242,-0.788411,1.85018,-0.565484,1.30286,1.36762
2.07084,0.120472,-0.790914,1.84933,-0.564678,1.30682,1.37172
2.07001,0.118689,-0.793411,1.84847,-0.563846,1.31075,1.37584
2.06919,0.11687,-0.795919,1.8476,-0.562936,1.31472,1.37998
2.06834,0.115067,-0.798401,1.84673,-0.562064,1.31864,1.3841
2.06749,0.113229,-0.800886,1.84585,-0.561113,1.3226,1.38826
2.06662,0.111394,-0.803356,1.84497,-0.560176,1.3265,1.39239
2.06576,0.109502,-0.805848,1.84407,-0.559111,1.33051,1.3966
2.06487,0.107647,-0.808303,1.84318,-0.558132,1.3344,1.40074
2.06399,0.105731,-0.810777,1.84226,-0.557014,1.33838,1.40496
2.06307,0.10385,-0.813217,1.84136,-0.55598,1.34225,1.40912
2.06216,0.101907,-0.815673,1.84044,-0.554808,1.34624,1.41336
2.06123,0.0999618,-0.818119,1.83951,-0.553635,1.35016,1.41758
2.06028,0.0980358,-0.820536,1.83859,-0.552504,1.35402,1.42177
2.05933,0.0960433,-0.822976,1.83764,-0.551225,1.35799,1.42604
2.05835,0.0940813,-0.825382,1.83671,-0.550021,1.36187,1.43026
2.05738,0.0920642,-0.827804,1.83575,-0.548691,1.36581,1.43455
2.05639,0.0900539,-0.830205,1.8348,-0.547375,1.36971,1.43882
2.05537,0.0880564,-0.832582,1.83384,-0.546098,1.37354,1.44305
2.05435,0.0859866,-0.834981,1.83286,-0.544651,1.3775,1.44739
2.05332,0.0839308,-0.837357,1.83189,-0.54324,1.38138,1.45169
2.05226,0.0818716,-0.839713,1.83091,-0.541822,1.38526,1.45599
2.05119,0.0797993,-0.842059,1.82993,-0.54038,1.38909,1.46029
2.05012,0.0776769,-0.844415,1.82893,-0.538818,1.393,1.46466
2.04902,0.0755627,-0.846751,1.82793,-0.53728,1.39687,1.46901
2.04791,0.0734355,-0.849074,1.82692,-0.53571,1.40072,1.47337
2.04678,0.0713208,-0.851372,1.82592,-0.534179,1.40451,1.4777
2.04563,0.0691416,-0.853678,1.8249,-0.532492,1.40842,1.48212
2.04448,0.0669611,-0.855971,1.82387,-0.530806,1.41225,1.48652
2.04329,0.0648036,-0.858233,1.82285,-0.529174,1.41602,1.49088
2.0421,0.0625903,-0.860499,1.82181,-0.527411,1.41988,1.49532
2.04088,0.0603832,-0.862744,1.82077,-0.525667,1.42367,1.49974
2.03965,0.0581412,-0.864983,1.81972,-0.523837,1.42751,1.50421
2.0384,0.0559065,-0.8672,1.81867,-0.522026,1.43129,1.50865
2.03714,0.0536347,-0.869417,1.8176,-0.520128,1.4351,1.51314
2.03585,0.051371,-0.871608,1.81654,-0.51825,1.43888,1.51761
2.03454,0.0491022,-0.873782,1.81547,-0.516365,1.44261,1.52208
2.03323,0.0467851,-0.875954,1.81438,-0.514354,1.4464,1.52661
2.03189,0.0444832,-0.878099,1.8133,-0.512385,1.45016,1.53112
2.03052,0.0421623,-0.88023,1.81221,-0.510372,1.45389,1.53564
2.02914,0.0398138,-0.882353,1.81111,-0.50829,1.45763,1.5402
2.02774,0.0374809,-0.884446,1.81001,-0.506244,1.46133,1.54473
2.02632,0.0351293,-0.886524,1.80891,-0.504157,1.46501,1.54927
2.02488,0.0327276,-0.888599,1.80779,-0.501938,1.46875,1.55389
2.02342,0.0303469,-0.890643,1.80667,-0.499774,1.47244,1.55848
2.02194,0.0279416,-0.892675,1.80554,-0.497544,1.47611,1.56308
2.02043,0.025554,-0.894679,1.80442,-0.495365,1.47973,1.56766
2.0189,0.0231171,-0.896671,1.80328,-0.493054,1.48342,1.5723
2.01735,0.0206782,-0.898641,1.80213,-0.490737,1.48706,1.57695
2.01578,0.0182243,-0.900595,1.80098,-0.488377,1.49069,1.5816
2.01419,0.0157874,-0.902521,1.79983,-0.486066,1.49426,1.58623
2.01257,0.0132965,-0.904437,1.79866,-0.483606,1.4979,1.59093
2.01094,0.0108163,-0.906329,1.7975,-0.481174,1.50148,1.59562
2.00928,0.00832722,-0.908197,1.79632,-0.478712,1.50505,1.60031
2.00759,0.00583278,-0.910039,1.79515,-0.476237,1.50861,1.605
2.00589,0.00331509,-0.911864,1.79396,-0.473696,1.51214,1.60973
2.00415,0.000803421,-0.91366,1.79278,-0.471169,1.51566,1.61444
2.0024,-0.0017345,-0.915438,1.79158,-0.46856,1.51917,1.61919
2.00063,-0.00427413,-0.917193,1.79038,-0.465947,1.52267,1.62393
1.99882,-0.00681652,-0.918917,1.78917,-0.463323,1.52615,1.62868
1.99699,-0.00937536,-0.920617,1.78796,-0.460647,1.52961,1.63345
1.99514,-0.0119434,-0.922296,1.78674,-0.457935,1.53304,1.63823
1.99326,-0.0145022,-0.923946,1.78552,-0.45525,1.53645,1.64299
1.99136,-0.0170893,-0.92557,1.78429,-0.452476,1.53987,1.64779
1.98943,-0.0196751,-0.927168,1.78305,-0.4497,1.54326,1.65259
1.98748,-0.0222748,-0.928736,1.78181,-0.44687,1.54664,1.65741
1.9855,-0.0248824,-0.930285,1.78056,-0.444014,1.54998,1.66224
1.9835,-0.0274849,-0.931802,1.77931,-0.441166,1.55332,1.66706
1.98148,-0.0301055,-0.933295,1.77805,-0.438254,1.55663,1.6719
1.97943,-0.0327133,-0.934756,1.7768,-0.43537,1.55992,1.67672
1.97735,-0.0353327,-0.936189,1.77553,-0.432445,1.56318,1.68156
1.97525,-0.0379797,-0.937595,1.77425,-0.42942,1.56645,1.68644
1.97313,-0.0406149,-0.938975,1.77297,-0.426424,1.56968,1.69131
1.97098,-0.0432522,-0.940323,1.77168,-0.423404,1.57289,1.69617
1.9688,-0.0458872,-0.941641,1.7704,-0.420387,1.57608,1.70103
1.9666,-0.0485317,-0.942927,1.7691,-0.417325,1.57924,1.70591
1.96437,-0.0511834,-0.944182,1.7678,-0.414226,1.58239,1.7108
1.96212,-0.0538281,-0.945408,1.76649,-0.411131,1.5855,1.71567
1.95985,-0.0564958,-0.946604,1.76517,-0.407946,1.58861,1.72059
1.95755,-0.0591526,-0.947773,1.76386,-0.404786,1.59169,1.72549
1.95523,-0.0618109,-0.948912,1.76253,-0.401604,1.59475,1.73039
1.95288,-0.0644654,-0.950014,1.76121,-0.398415,1.59779,1.73528
1.95051,-0.0671284,-0.951088,1.75987,-0.395179,1.60078,1.74019
1.94812,-0.0697894,-0.952133,1.75853,-0.391935,1.60376,1.7451
1.9457,-0.0724503,-0.953146,1.75718,-0.388671,1.60672,1.75001
1.94326,-0.075109,-0.954126,1.75583,-0.385389,1.60966,1.75492
1.9408,-0.077769,-0.955076,1.75448,-0.382087,1.61256,1.75984
1.93831,-0.0804247,-0.95599,1.75312,-0.378783,1.61546,1.76474
1.9358,-0.0830852,-0.956874,1.75175,-0.375429,1.61831,1.76967
1.93327,-0.0857391,-0.957727,1.75038,-0.372075,1.62114,1.77458
1.93071,-0.088393,-0.958549,1.749,-0.368703,1.62395,1.77949
1.92813,-0.0910387,-0.959339,1.74762,-0.365341,1.62673,1.78439
1.92553,-0.0936872,-0.960091,1.74624,-0.361936,1.62949,1.7893
1.92291,-0.096335,-0.960813,1.74484,-0.358493,1.63221,1.79422
1.92027,-0.0989778,-0.961507,1.74344,-0.355058,1.63491,1.79913
1.91761,-0.101616,-0.96217,1.74204,-0.351609,1.63759,1.80404
1.91492,-0.104248,-0.962798,1.74063,-0.348163,1.64025,1.80894
1.91222,-0.106877,-0.96339,1.73922,-0.344684,1.64287,1.81384
1.9095,-0.109502,-0.963956,1.73779,-0.341185,1.64545,1.81874
1.90676,-0.112123,-0.964492,1.73637,-0.337683,1.64802,1.82363
1.90399,-0.114735,-0.964996,1.73495,-0.33419,1.65057,1.82851
1.90121,-0.11734,-0.965466,1.73351,-0.330677,1.65308,1.83339
1.89841,-0.119948,-0.965902,1.73207,-0.327113,1.65556,1.83828
1.8956,-0.122539,-0.966318,1.73063,-0.323606,1.65802,1.84314
1.89276,-0.125137,-0.96669,1.72917,-0.320013,1.66045,1.84803
1.88991,-0.12772,-0.96704,1.72772,-0.316449,1.66285,1.85289
1.88705,-0.130298,-0.967361,1.72625,-0.312874,1.66523,1.85775
1.88416,-0.13286,-0.967659,1.7248,-0.309343,1.66757,1.86257
1.88126,-0.135433,-0.967907,1.72332,-0.305701,1.6699,1.86744
1.87835,-0.137978,-0.968146,1.72185,-0.302159,1.67218,1.87225
1.87542,-0.140523,-0.968347,1.72037,-0.298573,1.67443,1.87706
1.87246,-0.143073,-0.968502,1.71888,-0.294913,1.67669,1.88192
1.8695,-0.1456,-0.968648,1.71739,-0.291322,1.67889,1.88671
1.86652,-0.14813,-0.968746,1.71589,-0.287658,1.68109,1.89154
1.86354,-0.15064,-0.968837,1.71439,-0.284062,1.68322,1.89632
1.86053,-0.153154,-0.968881,1.71289,-0.280392,1.68536,1.90113
1.85751,-0.155654,-0.968906,1.71137,-0.276748,1.68746,1.90591
1.85449,-0.158141,-0.968908,1.70985,-0.273098,1.68951,1.91068
1.85145,-0.160621,-0.968887,1.70834,-0.269474,1.69156,1.91543
1.84839,-0.163097,-0.968826,1.70681,-0.265802,1.69358,1.92019
1.84534,-0.165559,-0.968749,1.70527,-0.262141,1.69555,1.92494
1.84227,-0.168012,-0.968646,1.70374,-0.258483,1.69751,1.92967
1.83918,-0.170458,-0.968515,1.7022,-0.254827,1.69945,1.93439
1.83609,-0.172887,-0.968367,1.70066,-0.251199,1.70134,1.93908
1.83298,-0.175318,-0.968174,1.6991,-0.247503,1.70323,1.9438
1.82987,-0.177732,-0.967964,1.69755,-0.243838,1.70508,1.94848
1.82675,-0.180139,-0.967733,1.69598,-0.240159,1.70689,1.95317
1.82363,-0.182533,-0.967488,1.69442,-0.236524,1.70868,1.95782
1.82049,-0.184916,-0.967215,1.69285,-0.232878,1.71044,1.96246
1.81734,-0.187298,-0.966897,1.69127,-0.229168,1.71219,1.96713
1.81418,-0.189666,-0.966566,1.68969,-0.225489,1.71391,1.97177
1.81102,-0.192023,-0.966219,1.6881,-0.221825,1.71559,1.97638
1.80786,-0.194371,-0.965846,1.68651,-0.218139,1.71724,1.981
1.80469,-0.196708,-0.965457,1.68491,-0.21447,1.71887,1.9856
1.80151,-0.199036,-0.965047,1.68332,-0.210818,1.72049,1.99018
1.79833,-0.201355,-0.964608,1.68171,-0.207133,1.72205,1.99476
1.79514,-0.203664,-0.964155,1.68009,-0.203465,1.72361,1.99932
1.79194,-0.205962,-0.963679,1.67849,-0.19981,1.72515,2.00387
1.78874,-0.208245,-0.963195,1.67687,-0.19619,1.72663,2.00838
1.78553,-0.210526,-0.962668,1.67524,-0.192509,1.72812,2.01292
1.78232,-0.212796,-0.962122,1.67361,-0.18882,1.72956,2.01744
1.77911,-0.215054,-0.961569,1.67198,-0.185178,1.73099,2.02194
1.77589,-0.217302,-0.960992,1.67034,-0.181526,1.73239,2.02642
1.77267,-0.219541,-0.960395,1.66869,-0.177861,1.73375,2.0309
1.76944,-0.221773,-0.959781,1.66704,-0.174215,1.73512,2.03537
1.76622,-0.223989,-0.959153,1.66539,-0.17057,1.73642,2.03981
1.763,-0.226196,-0.95852,1.66373,-0.16697,1.73772,2.04422
1.75976,-0.228399,-0.95784,1.66206,-0.163291,1.73899,2.04866
1.75653,-0.23059,-0.957161,1.6604,-0.159657,1.74024,2.05307
1.7533,-0.232769,-0.956469,1.65873,-0.156051,1.74147,2.05746
1.75006,-0.234941,-0.955746,1.65705,-0.152402,1.74267,2.06185
1.74682,-0.237104,-0.955015,1.65537,-0.148786,1.74385,2.06622
1.74358,-0.239255,-0.954268,1.65368,-0.145163,1.74499,2.07057
1.74034,-0.241399,-0.953505,1.65199,-0.141557,1.74613,2.07492
1.7371,-0.243528,-0.952726,1.65028,-0.137944,1.74721,2.07924
1.73386,-0.245653,-0.951936,1.64858,-0.13434,1.74829,2.08356
1.73062,-0.247769,-0.951141,1.64689,-0.130774,1.74936,2.08784
1.72738,-0.249875,-0.950306,1.64516,-0.127147,1.75038,2.09215
1.72414,-0.251971,-0.949472,1.64345,-0.123559,1.75139,2.09642
1.7209,-0.254059,-0.948624,1.64173,-0.119975,1.75238,2.10068
1.71766,-0.256139,-0.947763,1.64,-0.116396,1.75334,2.10493
1.71441,-0.25821,-0.946889,1.63828,-0.112833,1.7543,2.10916
1.71117,-0.260269,-0.945998,1.63655,-0.109271,1.75521,2.11338
1.70793,-0.26232,-0.945097,1.63481,-0.10572,1.75611,2.11758
1.70469,-0.264364,-0.944173,1.63306,-0.102151,1.75698,2.12178
1.70145,-0.266398,-0.943245,1.63131,-0.0985945,1.75782,2.12596
1.69821,-0.268425,-0.942303,1.62956,-0.0950506,1.75866,2.13013
1.69498,-0.270442,-0.941352,1.62781,-0.0915189,1.75947,2.13428
1.69175,-0.27245,-0.94039,1.62604,-0.0879836,1.76024,2.13842
1.68852,-0.274452,-0.93943,1.62428,-0.0844918,1.76101,2.14252
1.68529,-0.276445,-0.938426,1.6225,-0.0809397,1.76176,2.14665
1.68207,-0.278428,-0.937444,1.62073,-0.0774585,1.76247,2.15073
1.67884,-0.280405,-0.936425,1.61895,-0.0739314,1.76317,2.15483
1.67561,-0.282373,-0.935413,1.61716,-0.0704455,1.76385,2.15889
1.6724,-0.284332,-0.934378,1.61536,-0.0669324,1.7645,2.16296
1.66918,-0.286286,-0.933359,1.61358,-0.063484,1.76514,2.16698
1.66597,-0.288231,-0.932296,1.61177,-0.0599653,1.76575,2.17103
1.66276,-0.29017,-0.931243,1.60996,-0.056491,1.76634,2.17505
1.65956,-0.292099,-0.93018,1.60816,-0.0530252,1.76692,2.17905
1.65635,-0.294022,-0.929125,1.60635,-0.0496056,1.76748,2.18302
1.65314,-0.295938,-0.928023,1.60453,-0.0461198,1.76802,2.18702
1.64995,-0.297845,-0.926931,1.6027,-0.0426671,1.76852,2.19098
1.64676,-0.299745,-0.925833,1.60087,-0.0392288,1.76901,2.19493
1.64356,-0.30164,-0.924723,1.59905,-0.035796,1.7695,2.19887
1.64037,-0.303526,-0.923605,1.59721,-0.0323716,1.76996,2.20279
1.6372,-0.305404,-0.922484,1.59536,-0.0289547,1.77038,2.20669
1.63402,-0.307276,-0.921354,1.59352,-0.0255447,1.77079,2.21059
1.63084,-0.309143,-0.920219,1.59168,-0.0221513,1.7712,2.21447
1.62767,-0.311001,-0.919069,1.58981,-0.0187449,1.77157,2.21834
1.6245,-0.312854,-0.917917,1.58795,-0.0153551,1.77193,2.2222
1.62134,-0.314699,-0.916755,1.5861,-0.0119758,1.77228,2.22604
1.61818,-0.316538,-0.915589,1.58423,-0.00860703,1.7726,2.22986
1.61502,-0.31837,-0.914409,1.58235,-0.00523424,1.7729,2.23368
1.61187,-0.320195,-0.913231,1.58047,-0.00187544,1.77317,2.23748
1.60873,-0.322014,-0.912046,1.57859,0.00147615,1.77344,2.24127
1.60558,-0.323829,-0.910854,1.57671,0.00481527,1.7737,2.24505
1.60245,-0.325636,-0.909654,1.57481,0.0081582,1.77391,2.24881
1.59932,-0.327438,-0.908451,1.57291,0.0114888,1.77412,2.25256
1.59619,-0.329233,-0.907247,1.57102,0.0147943,1.77433,2.25629
1.59306,-0.331023,-0.906037,1.56911,0.0180936,1.7745,2.26
1.58994,-0.332807,-0.904817,1.5672,0.0213923,1.77466,2.26371
1.58683,-0.334584,-0.903587,1.56529,0.0246944,1.7748,2.2674
1.58372,-0.336354,-0.902348,1.56337,0.0279919,1.77492,2.27109
1.58061,-0.338121,-0.901101,1.56145,0.0312897,1.77503,2.27477
1.57751,-0.339881,-0.899854,1.55951,0.0345794,1.77511,2.27843
1.57442,-0.341637,-0.898609,1.55758,0.0378488,1.77518,2.28208
1.57133,-0.343387,-0.897361,1.55565,0.0410989,1.77524,2.2857
1.56824,-0.34513,-0.896101,1.5537,0.0443627,1.77527,2.28933
1.56516,-0.346872,-0.894841,1.55176,0.047605,1.7753,2.29293
1.56209,-0.348607,-0.893592,1.54981,0.0508104,1.7753,2.2965
1.55902,-0.350333,-0.892305,1.54785,0.054076,1.77528,2.3001
1.55595,-0.352058,-0.89103,1.54589,0.0572991,1.77526,2.30367
1.55289,-0.353778,-0.88976,1.54393,0.0604977,1.77521,2.30722
1.54984,-0.355492,-0.888484,1.54196,0.0636934,1.77515,2.31075
1.54679,-0.3572,-0.887201,1.53998,0.0668848,1.77507,2.31427
1.54375,-0.358905,-0.885913,1.53801,0.0700725,1.77498,2.31779
1.54071,-0.360605,-0.884619,1.53602,0.0732571,1.77487,2.32129
1.53767,-0.3623,-0.88332,1.53403,0.0764365,1.77474,2.32478
1.53465,-0.363988,-0.882016,1.53204,0.0796097,1.7746,2.32826
1.53162,-0.365674,-0.880708,1.53005,0.0827791,1.77444,2.33173
1.5286,-0.367355,-0.879393,1.52804,0.0859453,1.77427,2.33519
1.52559,-0.369032,-0.878084,1.52603,0.0890945,1.77407,2.33863
1.52259,-0.370704,-0.876775,1.52402,0.0922318,1.77387,2.34206
1.51959,-0.372375,-0.875479,1.52201,0.0953287,1.77366,2.34546
1.51659,-0.374039,-0.874148,1.51999,0.0984723,1.77343,2.34887
1.5136,-0.375698,-0.872824,1.51796,0.101598,1.77317,2.35227
1.51062,-0.377354,-0.871504,1.51593,0.104704,1.7729,2.35564
1.50764,-0.379008,-0.870188,1.51391,0.107786,1.77263,2.359
1.50467,-0.380655,-0.868853,1.51186,0.110894,1.77233,2.36236
1.5017,-0.3823,-0.867525,1.50982,0.113978,1.77202,2.3657
1.49874,-0.38394,-0.866201,1.50778,0.117039,1.77171,2.36902
1.49579,-0.385576,-0.864861,1.50572,0.120121,1.77136,2.37234
1.49284,-0.387213,-0.863545,1.50367,0.123145,1.77102,2.37562
1.48988,-0.38884,-0.862189,1.50161,0.126226,1.77065,2.37893
1.48695,-0.390463,-0.860847,1.49954,0.129276,1.77026,2.38221
1.48402,-0.392088,-0.859522,1.49747,0.132285,1.76987,2.38546
1.48108,-0.393705,-0.858159,1.4954,0.135342,1.76946,2.38873
1.47816,-0.39532,-0.856816,1.49331,0.138364,1.76903,2.39197
1.47525,-0.396933,-0.855483,1.49123,0.141352,1.7686,2.39518
1.47233,-0.398539,-0.854118,1.48914,0.144383,1.76815,2.39842
1.46943,-0.400145,-0.85277,1.48705,0.14738,1.76768,2.40162
1.46653,-0.40175,-0.851436,1.48495,0.150342,1.76721,2.40479
1.46363,-0.403345,-0.850068,1.48285,0.153345,1.76672,2.40799
1.46074,-0.40494,-0.848711,1.48074,0.156328,1.7662,2.41115
1.45786,-0.406533,-0.847357,1.47863,0.159296,1.76568,2.41431
1.45498,-0.408126,-0.846018,1.47651,0.162227,1.76516,2.41744
1.4521,-0.409709,-0.84465,1.47439,0.165192,1.76461,2.42058
1.44923,-0.411292,-0.843282,1.47227,0.168148,1.76405,2.4237
1.44637,-0.412872,-0.841921,1.47013,0.171088,1.76347,2.42681
1.44352,-0.41445,-0.840562,1.46799,0.174018,1.76288,2.42991
1.44067,-0.416024,-0.839201,1.46586,0.17694,1.76229,2.43299
1.43782,-0.417598,-0.837839,1.46371,0.179855,1.76167,2.43606
1.43499,-0.419168,-0.836477,1.46156,0.182763,1.76105,2.43912
1.43215,-0.420736,-0.835113,1.45941,0.185663,1.76041,2.44217
1.42932,-0.422299,-0.833749,1.45725,0.188554,1.75976,2.44521
1.4265,-0.423862,-0.832384,1.45509,0.191436,1.75911,2.44823
1.42368,-0.425422,-0.831025,1.45292,0.194299,1.75844,2.45123
1.42087,-0.426981,-0.829667,1.45075,0.197151,1.75775,2.45422
1.41806,-0.42853,-0.828279,1.44857,0.200045,1.75704,2.45723
1.41526,-0.430083,-0.826911,1.44639,0.202895,1.75634,2.4602
1.41246,-0.431636,-0.825559,1.4442,0.205714,1.75561,2.46315
1.40967,-0.43318,-0.82417,1.442,0.208585,1.75487,2.46612
1.40689,-0.434727,-0.822815,1.43981,0.211391,1.75413,2.46905
1.40411,-0.436267,-0.82143,1.43761,0.214241,1.75336,2.47199
1.40133,-0.437812,-0.82008,1.43541,0.217024,1.7526,2.47489
1.39856,-0.439348,-0.818691,1.43319,0.219859,1.75181,2.47781
1.3958,-0.440882,-0.817316,1.43097,0.222668,1.751,2.4807
1.39304,-0.442417,-0.815946,1.42875,0.225464,1.75019,2.48359
1.39029,-0.443954,-0.814594,1.42653,0.22822,1.74939,2.48644
1.38754,-0.445484,-0.813215,1.4243,0.231009,1.74855,2.48931
1.3848,-0.447011,-0.811841,1.42207,0.233783,1.74771,2.49215
1.38206,-0.448538,-0.810469,1.41983,0.236546,1.74686,2.49499
1.37933,-0.450064,-0.809101,1.41758,0.239297,1.74599,2.49781
1.3766,-0.451583,-0.807709,1.41532,0.242079,1.7451,2.50063
1.37388,-0.453103,-0.806338,1.41307,0.244823,1.74421,2.50343
1.37116,-0.454625,-0.804972,1.41082,0.247551,1.74332,2.50622
1.36846,-0.456141,-0.803593,1.40855,0.25029,1.7424,2.509
1.36575,-0.457659,-0.802219,1.40628,0.253016,1.74148,2.51177
1.36305,-0.459172,-0.800849,1.404,0.255728,1.74054,2.51452
1.36035,-0.460687,-0.799481,1.40173,0.25843,1.73961,2.51726
1.35766,-0.462197,-0.798105,1.39944,0.261139,1.73864,2.52
1.35498,-0.463708,-0.796735,1.39715,0.263834,1.73767,2.52272
1.3523,-0.46522,-0.79538,1.39486,0.266495,1.73671,2.52541
1.34962,-0.466726,-0.794003,1.39256,0.269181,1.73572,2.52811
1.34695,-0.468232,-0.792631,1.39026,0.271855,1.73472,2.5308
1.34429,-0.469738,-0.791263,1.38795,0.274516,1.73371,2.53347
1.34163,-0.471235,-0.789877,1.38563,0.277198,1.73268,2.53614
1.33898,-0.472738,-0.788508,1.38331,0.279851,1.73164,2.5388
1.33632,-0.47424,-0.787139,1.38099,0.282494,1.73061,2.54144
1.33368,-0.475744,-0.785788,1.37866,0.285104,1.72956,2.54405
1.33104,-0.477236,-0.784398,1.37632,0.287766,1.72849,2.54668
1.32841,-0.478733,-0.78303,1.37398,0.290391,1.72741,2.54929
1.32577,-0.480232,-0.781668,1.37164,0.292999,1.72634,2.55188
1.32315,-0.481725,-0.780293,1.36929,0.295621,1.72524,2.55447
1.32053,-0.483218,-0.778927,1.36694,0.298225,1.72413,2.55704
1.31792,-0.484711,-0.77756,1.36457,0.300824,1.72302,2.5596
1.31531,-0.486205,-0.776194,1.36221,0.303416,1.72189,2.56215
1.3127,-0.487697,-0.774828,1.35984,0.306001,1.72076,2.56469
1.3101,-0.489186,-0.773463,1.35747,0.308579,1.71962,2.56722
1.3075,-0.490677,-0.772107,1.35509,0.311136,1.71847,2.56973
1.30491,-0.492164,-0.770733,1.3527,0.313714,1.7173,2.57224
1.30232,-0.493652,-0.769369,1.35031,0.316271,1.71613,2.57473
1.29975,-0.495138,-0.768005,1.34791,0.318823,1.71494,2.57721
1.29717,-0.496626,-0.76665,1.34551,0.321355,1.71376,2.57968
1.29459,-0.498109,-0.765279,1.3431,0.323905,1.71254,2.58214
1.29203,-0.499594,-0.763918,1.34069,0.326437,1.71133,2.58459
1.28947,-0.501077,-0.762558,1.33827,0.328962,1.71011,2.58703
1.28691,-0.502563,-0.761197,1.33585,0.331482,1.70887,2.58946
1.28435,-0.504047,-0.759837,1.33342,0.333995,1.70763,2.59187
1.2818,-0.50553,-0.758478,1.33099,0.336502,1.70638,2.59428
1.27926,-0.507011,-0.757126,1.32856,0.33899,1.70513,2.59667
1.27672,-0.508491,-0.755761,1.3261,0.341493,1.70385,2.59905
1.27418,-0.509972,-0.754401,1.32366,0.343983,1.70258,2.60143
