2.31159,-1.01236,0.287908,1.81293,0.860832,1.54316,2.64765
2.31211,-1.0098,0.287301,1.81386,0.861927,1.54155,2.6414
2.31264,-1.00733,0.28669,1.81473,0.862966,1.54021,2.63552
2.31318,-1.00494,0.286072,1.81555,0.863944,1.53914,2.63
2.31372,-1.00241,0.285432,1.81647,0.864922,1.5376,2.62386
2.31423,-0.999924,0.284856,1.81731,0.866072,1.53618,2.61783
2.31476,-0.997457,0.284246,1.81816,0.867104,1.53483,2.61192
2.31529,-0.99499,0.283636,1.819,0.868134,1.53347,2.606
2.31584,-0.992548,0.282982,1.81986,0.869024,1.5322,2.60021
2.31636,-0.990136,0.282411,1.82064,0.870111,1.53101,2.59454
2.31688,-0.987602,0.281806,1.8215,0.871212,1.5294,2.58822
2.3174,-0.985142,0.2812,1.82232,0.872233,1.52805,2.58228
2.31793,-0.982685,0.280592,1.82313,0.873253,1.52668,2.57633
2.31846,-0.980226,0.279986,1.82394,0.874271,1.52532,2.57038
2.31898,-0.977772,0.279381,1.82474,0.875285,1.52395,2.56443
2.31951,-0.97532,0.27877,1.82553,0.876301,1.52258,2.55845
2.32003,-0.972866,0.278163,1.82632,0.877315,1.52121,2.55247
2.32055,-0.970415,0.277561,1.82711,0.878324,1.51984,2.54651
2.32108,-0.967967,0.27695,1.82788,0.879335,1.51846,2.54051
2.3216,-0.965517,0.276343,1.82866,0.880343,1.51708,2.53452
2.32213,-0.96315,0.275723,1.82939,0.881254,1.51598,2.52893
2.32264,-0.960628,0.27513,1.83018,0.882355,1.51432,2.52252
2.32316,-0.958183,0.274525,1.83094,0.883358,1.51294,2.5165
2.32368,-0.955742,0.273919,1.83168,0.88436,1.51155,2.51049
2.3242,-0.953302,0.273314,1.83242,0.88536,1.51017,2.50447
2.32473,-0.950941,0.272694,1.83313,0.886251,1.50905,2.49886
2.32524,-0.948426,0.272104,1.83389,0.887355,1.50739,2.4924
2.32576,-0.945991,0.2715,1.83461,0.88835,1.50599,2.48636
2.32627,-0.943556,0.270902,1.83534,0.889343,1.5046,2.48033
2.32678,-0.941125,0.270299,1.83605,0.890334,1.50321,2.47427
2.3273,-0.938695,0.269697,1.83675,0.891324,1.50181,2.4682
2.32781,-0.936266,0.269092,1.83745,0.892314,1.50041,2.46213
2.32833,-0.93384,0.26849,1.83814,0.893302,1.49901,2.45605
2.32883,-0.931415,0.267895,1.83883,0.894286,1.49761,2.45
2.32939,-0.929069,0.267201,1.83952,0.894973,1.49648,2.44431
2.32986,-0.92657,0.266686,1.84019,0.896256,1.49479,2.43779
2.33039,-0.924229,0.266065,1.84083,0.897104,1.49366,2.43214
2.33088,-0.921731,0.265484,1.84152,0.898219,1.49198,2.42559
2.33139,-0.919315,0.26489,1.84218,0.899197,1.49057,2.4195
2.3319,-0.916901,0.264286,1.84283,0.900176,1.48915,2.41336
2.33241,-0.914487,0.263687,1.84347,0.901153,1.48774,2.40723
2.33292,-0.912077,0.263088,1.84411,0.902129,1.48632,2.4011
2.33342,-0.909668,0.262495,1.84475,0.903101,1.48491,2.39499
2.33393,-0.90726,0.261893,1.84537,0.904075,1.48349,2.38882
2.33443,-0.904855,0.2613,1.846,0.905046,1.48207,2.38269
2.33494,-0.902451,0.2607,1.84661,0.906017,1.48065,2.37652
2.33544,-0.90005,0.260103,1.84722,0.906986,1.47923,2.37036
2.33594,-0.89765,0.259511,1.84782,0.907953,1.47781,2.3642
2.33647,-0.895288,0.258842,1.84845,0.908663,1.47651,2.35824
2.33693,-0.892863,0.258327,1.84902,0.90984,1.47497,2.35196
2.33745,-0.890463,0.257721,1.84959,0.910852,1.47352,2.34564
2.33795,-0.88807,0.257127,1.85017,0.911816,1.47209,2.33945
2.33845,-0.885681,0.256532,1.85075,0.912778,1.47066,2.33325
2.33893,-0.883299,0.255945,1.85132,0.913675,1.46925,2.32718
2.33945,-0.880982,0.255319,1.85187,0.914511,1.46807,2.32132
2.33994,-0.878523,0.254752,1.85243,0.91566,1.46637,2.31461
2.34043,-0.876141,0.254164,1.85298,0.916617,1.46494,2.3084
2.34092,-0.87376,0.253575,1.85352,0.917574,1.4635,2.30217
2.34142,-0.871384,0.252987,1.85406,0.918529,1.46207,2.29594
2.34191,-0.869009,0.252392,1.85458,0.919486,1.46062,2.28967
2.3424,-0.866634,0.251809,1.85511,0.920439,1.45919,2.28345
2.3429,-0.864264,0.251214,1.85563,0.921394,1.45775,2.27716
2.34339,-0.861895,0.250624,1.85614,0.922347,1.4563,2.2709
2.34387,-0.859527,0.250042,1.85665,0.923297,1.45487,2.26465
2.34436,-0.857162,0.249452,1.85714,0.924249,1.45342,2.25836
2.34486,-0.854877,0.248834,1.85764,0.924985,1.45225,2.25258
2.34534,-0.852439,0.248276,1.85812,0.926149,1.45053,2.24578
2.34583,-0.850081,0.247689,1.8586,0.927098,1.44909,2.23949
2.34631,-0.847726,0.247103,1.85908,0.928046,1.44764,2.23319
2.3468,-0.84537,0.246517,1.85955,0.928994,1.44619,2.22688
2.34728,-0.843019,0.245932,1.86001,0.92994,1.44474,2.22057
2.34775,-0.840668,0.245353,1.86049,0.930805,1.44328,2.21437
2.34823,-0.83832,0.24477,1.86094,0.93175,1.44184,2.20805
2.34873,-0.835977,0.244179,1.86136,0.932776,1.44039,2.20159
2.34921,-0.833636,0.243596,1.8618,0.93372,1.43894,2.19525
2.34969,-0.831294,0.243013,1.86223,0.934664,1.43749,2.18891
2.35017,-0.828957,0.242431,1.86266,0.935607,1.43604,2.18256
2.35066,-0.826695,0.241817,1.86309,0.936299,1.43485,2.17673
2.35111,-0.824288,0.241277,1.86352,0.937379,1.43314,2.17002
2.3516,-0.821957,0.240689,1.8639,0.938432,1.43168,2.16347
2.35208,-0.819629,0.240109,1.8643,0.939373,1.43022,2.15709
2.35255,-0.817302,0.239531,1.8647,0.940313,1.42877,2.15071
2.35301,-0.814977,0.23896,1.86511,0.941149,1.4273,2.14448
2.3535,-0.812659,0.238374,1.86547,0.942192,1.42585,2.13793
2.35395,-0.810333,0.237806,1.86587,0.943033,1.42437,2.13166
2.35445,-0.808023,0.237221,1.86622,0.944069,1.42294,2.12512
2.35489,-0.805704,0.236653,1.86661,0.944906,1.42145,2.11884
2.35539,-0.803398,0.23607,1.86694,0.945945,1.42002,2.11229
2.35586,-0.801113,0.235437,1.86735,0.946577,1.41865,2.10611
2.35632,-0.798785,0.234921,1.86764,0.94782,1.4171,2.09943
2.35679,-0.79648,0.234348,1.86798,0.948756,1.41564,2.09299
2.35726,-0.794252,0.233737,1.86833,0.949396,1.41444,2.0871
2.35771,-0.791936,0.233177,1.86867,0.950325,1.41292,2.08064
2.35818,-0.789642,0.232604,1.869,0.951251,1.41147,2.0742
2.35865,-0.787293,0.232061,1.86927,0.952501,1.4098,2.06718
2.35911,-0.785003,0.231491,1.86958,0.953435,1.40834,2.06071
2.35955,-0.782703,0.230932,1.86992,0.954255,1.40684,2.05438
2.36003,-0.780429,0.230353,1.87018,0.955306,1.40542,2.04775
2.36049,-0.778147,0.229789,1.87047,0.95624,1.40396,2.04127
2.36095,-0.775866,0.229221,1.87076,0.957174,1.4025,2.03477
2.3614,-0.773589,0.228654,1.87103,0.958108,1.40104,2.02827
2.36187,-0.771385,0.228049,1.87134,0.958714,1.39982,2.02234
2.36232,-0.769043,0.227524,1.87157,0.959978,1.39811,2.01525
2.36277,-0.766775,0.226959,1.87183,0.960912,1.39665,2.00874
2.36323,-0.764578,0.226355,1.87212,0.961507,1.39544,2.00279
2.36368,-0.762245,0.225833,1.87233,0.962781,1.39373,1.99568
2.36055,-0.760559,0.229867,1.87257,0.962163,1.39445,1.9876
2.36099,-0.758298,0.229309,1.87281,0.963101,1.39298,1.98106
2.36107,-0.756098,0.229221,1.87303,0.963884,1.39174,1.97436
2.64761,-0.744701,-0.135523,1.87325,1.07619,1.2158,2.07855
2.64819,-0.742573,-0.136344,1.87361,1.07621,1.21451,2.07239
2.64881,-0.740453,-0.137155,1.87384,1.07673,1.2132,2.06561
2.64952,-0.738405,-0.137988,1.87389,1.07798,1.21206,2.05801
2.65016,-0.736311,-0.138808,1.87408,1.07858,1.21082,2.05115
2.65075,-0.734183,-0.13963,1.87438,1.07874,1.20949,2.04468
2.6514,-0.732099,-0.140441,1.87453,1.07953,1.20825,2.03761
2.65206,-0.730042,-0.14126,1.87464,1.08039,1.20709,2.03053
2.65269,-0.727954,-0.142068,1.87482,1.08099,1.20586,2.02366
2.65328,-0.725816,-0.14288,1.87508,1.08126,1.20444,2.01694
2.65396,-0.723795,-0.143698,1.87514,1.08221,1.20338,2.00985
2.65459,-0.721716,-0.14451,1.87529,1.08282,1.20214,2.00294
2.65521,-0.719638,-0.14531,1.87544,1.08343,1.20091,1.99607
2.65585,-0.717569,-0.146125,1.87558,1.08405,1.19968,1.98912
2.65647,-0.715497,-0.146933,1.87572,1.08466,1.19844,1.98219
2.65705,-0.713369,-0.147735,1.87595,1.08493,1.19703,1.97546
2.65769,-0.711337,-0.148556,1.87607,1.08548,1.19592,1.9687
2.65835,-0.709301,-0.149351,1.87608,1.08653,1.19475,1.96138
2.65892,-0.707191,-0.150155,1.87633,1.08663,1.1934,1.95489
2.6596,-0.705184,-0.150956,1.8763,1.08778,1.1923,1.94748
2.66016,-0.703088,-0.151756,1.87656,1.08775,1.191,1.94124
2.66085,-0.701075,-0.152557,1.87649,1.08904,1.18985,1.93356
2.66147,-0.699023,-0.15335,1.87658,1.08967,1.18863,1.92659
2.66206,-0.69695,-0.154141,1.87671,1.09011,1.18734,1.91977
2.66271,-0.694932,-0.154943,1.87673,1.09094,1.18619,1.91262
2.66333,-0.69289,-0.155737,1.87679,1.09158,1.18498,1.90563
2.66388,-0.690806,-0.15653,1.87702,1.09153,1.18367,1.89935
2.6658,-0.688938,-0.158904,1.87691,1.09327,1.1818,1.89204
2.66642,-0.686905,-0.159695,1.87696,1.09392,1.18059,1.88503
2.66704,-0.684872,-0.160485,1.877,1.09457,1.17938,1.87801
2.6676,-0.682812,-0.161279,1.87718,1.09461,1.17811,1.87162
2.66854,-0.680846,-0.162408,1.87707,1.09595,1.1768,1.86405
2.66911,-0.678777,-0.163188,1.87719,1.09624,1.17547,1.85719
2.66975,-0.6768,-0.163961,1.87711,1.09726,1.1744,1.84997
2.67037,-0.674783,-0.164744,1.87712,1.09791,1.1732,1.84292
2.67095,-0.672734,-0.165516,1.87718,1.09838,1.1719,1.83604
2.67159,-0.670755,-0.166306,1.87712,1.09924,1.17079,1.82881
2.67219,-0.668743,-0.167076,1.87712,1.0999,1.1696,1.82177
2.67276,-0.666676,-0.167856,1.8772,1.1002,1.16821,1.81485
2.67337,-0.664676,-0.168636,1.87718,1.10089,1.16703,1.80774
2.67401,-0.66273,-0.169399,1.87706,1.1019,1.16602,1.80054
2.67462,-0.660733,-0.170175,1.87702,1.10258,1.16483,1.79342
2.67522,-0.658739,-0.170946,1.87698,1.10325,1.16364,1.78632
2.67583,-0.656746,-0.171715,1.87694,1.10393,1.16245,1.77922
2.67643,-0.654755,-0.172483,1.87689,1.10461,1.16126,1.77211
2.67703,-0.652769,-0.173249,1.87683,1.1053,1.16008,1.765
2.67763,-0.650785,-0.174013,1.87676,1.10598,1.1589,1.75788
2.67823,-0.648803,-0.174775,1.87669,1.10667,1.15772,1.75075
2.67883,-0.646825,-0.175536,1.87662,1.10736,1.15654,1.74362
2.67938,-0.644812,-0.176305,1.87666,1.10754,1.15526,1.73691
2.67996,-0.642813,-0.177066,1.87664,1.10799,1.15401,1.72991
2.68061,-0.640904,-0.177798,1.87636,1.10944,1.15302,1.72221
2.6812,-0.638939,-0.178551,1.87626,1.11014,1.15185,1.71504
2.6818,-0.636977,-0.179304,1.87614,1.11085,1.15068,1.70787
2.68239,-0.635017,-0.180055,1.87603,1.11155,1.14951,1.7007
2.68293,-0.632998,-0.180776,1.87598,1.11204,1.14815,1.6937
2.68356,-0.6311,-0.181542,1.87579,1.11297,1.14718,1.68638
2.68416,-0.629153,-0.182293,1.87565,1.11369,1.14602,1.67916
2.68474,-0.627203,-0.183036,1.87551,1.1144,1.14486,1.67197
2.68533,-0.625259,-0.183778,1.87537,1.11512,1.14371,1.66477
2.68588,-0.623288,-0.18453,1.87534,1.11536,1.14248,1.65799
2.72826,-0.62663,-0.238775,1.87506,1.12914,1.11778,1.66291
2.72887,-0.6247,-0.239549,1.8749,1.12984,1.11666,1.65567
2.72949,-0.62278,-0.240327,1.87473,1.13054,1.11555,1.64841
2.7301,-0.620858,-0.241102,1.87455,1.13125,1.11443,1.64114
2.73071,-0.618941,-0.241876,1.87437,1.13196,1.11332,1.63388
2.73132,-0.617027,-0.242647,1.87419,1.13267,1.11221,1.62661
2.73193,-0.615114,-0.243416,1.87399,1.13339,1.1111,1.61933
2.73254,-0.613206,-0.244183,1.87379,1.13411,1.11,1.61205
2.7331,-0.611245,-0.244954,1.87374,1.1342,1.10875,1.6053
2.73354,-0.609366,-0.245432,1.87337,1.13549,1.10792,1.5974
2.73414,-0.607465,-0.246187,1.87316,1.13621,1.10682,1.5901
2.73469,-0.605513,-0.246954,1.87309,1.13629,1.10557,1.58332
2.73535,-0.603678,-0.247704,1.8727,1.13768,1.10463,1.57547
2.73592,-0.601751,-0.248474,1.87257,1.13795,1.10343,1.56848
2.73655,-0.599899,-0.249206,1.87222,1.13915,1.10245,1.56084
2.73709,-0.597948,-0.249964,1.87214,1.13919,1.10117,1.55407
2.73775,-0.596138,-0.250707,1.87171,1.14064,1.10028,1.54616
2.73835,-0.594261,-0.251453,1.87145,1.14139,1.0992,1.53882
2.7389,-0.592348,-0.252209,1.87131,1.14157,1.09802,1.53198
2.73954,-0.590516,-0.252939,1.8709,1.1429,1.09704,1.52412
2.74013,-0.588649,-0.253679,1.87062,1.14366,1.09597,1.51676
2.74072,-0.586783,-0.254417,1.87033,1.14442,1.0949,1.5094
2.74131,-0.584923,-0.255152,1.87004,1.14519,1.09383,1.50203
2.7419,-0.583066,-0.255885,1.86974,1.14596,1.09276,1.49465
2.74245,-0.581168,-0.25663,1.86957,1.14618,1.09157,1.48768
2.74307,-0.579356,-0.257339,1.86913,1.1475,1.09063,1.47988
2.74366,-0.577512,-0.258066,1.86881,1.14828,1.08957,1.47249
2.74418,-0.575604,-0.258798,1.86865,1.14837,1.08834,1.46564
2.74482,-0.573822,-0.259507,1.86816,1.14984,1.08746,1.45768
2.7454,-0.571989,-0.260227,1.86782,1.15063,1.08641,1.45027
2.74598,-0.570153,-0.260944,1.86747,1.15142,1.08536,1.44285
2.74656,-0.568323,-0.261658,1.86712,1.15222,1.08431,1.43543
2.74714,-0.566496,-0.26237,1.86677,1.15301,1.08327,1.42801
2.74766,-0.564614,-0.263097,1.86659,1.15304,1.08208,1.42121
2.74829,-0.56285,-0.263788,1.86604,1.15462,1.08119,1.41314
2.74886,-0.561034,-0.264492,1.86567,1.15542,1.08015,1.40569
2.74943,-0.559215,-0.26519,1.86529,1.15623,1.07912,1.39825
2.74999,-0.557405,-0.265882,1.86491,1.15704,1.07809,1.39083
2.75056,-0.555598,-0.266579,1.86452,1.15786,1.07707,1.38333
2.75109,-0.553752,-0.267291,1.86425,1.15811,1.07591,1.37628
2.75169,-0.551997,-0.267967,1.86371,1.15951,1.07502,1.36839
2.75225,-0.550198,-0.268649,1.8633,1.16033,1.074,1.36095
2.75282,-0.548407,-0.269341,1.86288,1.16116,1.07298,1.35343
2.75337,-0.546615,-0.270019,1.86246,1.162,1.07197,1.34597
2.75387,-0.544765,-0.270713,1.86221,1.16211,1.07076,1.33903
2.75449,-0.543049,-0.271384,1.86159,1.16368,1.06995,1.33095
2.75504,-0.541268,-0.272056,1.86116,1.16452,1.06894,1.32346
2.7556,-0.539497,-0.272732,1.86071,1.16537,1.06794,1.31594
2.75615,-0.537724,-0.273404,1.86025,1.16622,1.06694,1.30842
2.7567,-0.535957,-0.274074,1.85979,1.16707,1.06594,1.3009
2.75723,-0.534143,-0.274754,1.85941,1.16762,1.06477,1.29341
2.75781,-0.532432,-0.275421,1.85888,1.16867,1.06395,1.28587
2.75835,-0.530675,-0.276066,1.85838,1.16966,1.06296,1.27831
2.75889,-0.528923,-0.276725,1.85789,1.17052,1.06197,1.27077
2.75944,-0.527169,-0.277376,1.85741,1.17139,1.06099,1.26324
2.75998,-0.525427,-0.278031,1.85691,1.17227,1.06001,1.25567
2.76051,-0.523682,-0.278677,1.85641,1.17314,1.05904,1.24813
2.76102,-0.521908,-0.279344,1.85602,1.17352,1.05794,1.2409
2.76159,-0.520207,-0.279966,1.85539,1.17491,1.05709,1.23299
2.76212,-0.518481,-0.28061,1.85486,1.1758,1.05612,1.22542
2.76266,-0.516749,-0.281265,1.85436,1.17657,1.05514,1.21786
2.76319,-0.51503,-0.281887,1.8538,1.17759,1.05419,1.21026
2.76372,-0.513311,-0.282521,1.85326,1.17849,1.05323,1.20267
2.76425,-0.511594,-0.283153,1.85272,1.17939,1.05227,1.19508
2.76477,-0.509879,-0.283774,1.85217,1.1803,1.05132,1.18751
2.76528,-0.508137,-0.284416,1.85169,1.18091,1.05024,1.17997
2.76582,-0.50647,-0.285027,1.85105,1.18212,1.04942,1.17227
2.76631,-0.504756,-0.285665,1.8506,1.18248,1.04845,1.16523
2.76686,-0.503074,-0.286265,1.8499,1.18396,1.04753,1.15704
2.76736,-0.501343,-0.286892,1.8494,1.18458,1.04647,1.14951
2.76788,-0.499676,-0.287523,1.84887,1.18521,1.04561,1.14228
2.76841,-0.498009,-0.288101,1.84814,1.18674,1.04472,1.13416
2.76893,-0.496323,-0.288722,1.84757,1.18753,1.04378,1.12656
2.76943,-0.49465,-0.28931,1.84693,1.18861,1.04286,1.11887
2.76994,-0.492978,-0.28991,1.84632,1.18955,1.04194,1.11123
2.77042,-0.49127,-0.290527,1.84583,1.18998,1.0409,1.10393
2.77096,-0.489643,-0.291102,1.84508,1.19145,1.0401,1.09592
2.77146,-0.48798,-0.291708,1.84448,1.19225,1.03918,1.08831
2.77196,-0.486325,-0.292281,1.84381,1.19336,1.03827,1.08059
2.77241,-0.484604,-0.29288,1.84335,1.19358,1.03716,1.07351
2.77296,-0.483019,-0.293444,1.84253,1.19528,1.03646,1.06525
2.77345,-0.481374,-0.294021,1.84187,1.19624,1.03556,1.05756
2.77394,-0.479737,-0.294598,1.84121,1.19721,1.03466,1.04987
2.77443,-0.478097,-0.295167,1.84055,1.19819,1.03377,1.04219
2.77489,-0.47641,-0.295764,1.84003,1.1985,1.03269,1.0349
2.77541,-0.474838,-0.296306,1.83919,1.20015,1.03198,1.02678
2.77587,-0.473177,-0.296892,1.83863,1.20061,1.03098,1.01944
2.77638,-0.471593,-0.297432,1.83782,1.20212,1.03021,1.01137
2.77687,-0.469977,-0.297991,1.83712,1.20311,1.02933,1.00365
2.77735,-0.468365,-0.298546,1.83642,1.2041,1.02846,0.995936
2.7778,-0.46672,-0.29912,1.83584,1.20458,1.02746,0.988579
2.7783,-0.465153,-0.299648,1.835,1.20611,1.02671,0.980483
2.77873,-0.463486,-0.300209,1.83446,1.20637,1.02563,0.973358
2.77922,-0.461902,-0.300766,1.83372,1.20743,1.0248,0.965453
2.77968,-0.460301,-0.301306,1.83301,1.20833,1.02391,0.957845
2.78019,-0.45878,-0.301816,1.83208,1.21015,1.02326,0.949526
2.78062,-0.457139,-0.302379,1.83152,1.21038,1.02222,0.942353
2.78109,-0.455563,-0.302908,1.83075,1.21151,1.02137,0.934467
2.78152,-0.453953,-0.303414,1.83002,1.21247,1.02041,0.926842
2.78205,-0.452473,-0.303933,1.82906,1.21425,1.01986,0.918495
2.78247,-0.45085,-0.304485,1.82849,1.2145,1.01883,0.911312
2.78291,-0.449267,-0.304979,1.8277,1.21564,1.01793,0.903503
2.78341,-0.447788,-0.305488,1.82674,1.21737,1.01734,0.895176
2.78387,-0.446235,-0.306,1.82596,1.21841,1.01651,0.887395
2.78432,-0.444687,-0.306508,1.82516,1.21946,1.01569,0.87961
2.78476,-0.443142,-0.307014,1.82436,1.22052,1.01486,0.871817
2.78482,-0.441505,-0.307029,1.82358,1.22147,1.01404,0.864109
2.7853,-0.440019,-0.307564,1.82275,1.22255,1.01338,0.856159
2.78574,-0.438487,-0.30806,1.82193,1.22361,1.01256,0.848354
2.78618,-0.43696,-0.308552,1.82111,1.22468,1.01175,0.840548
2.7866,-0.435405,-0.309065,1.82041,1.22522,1.01083,0.833126
2.78705,-0.433914,-0.309523,1.81946,1.22682,1.01013,0.824925
2.78746,-0.432358,-0.310013,1.81869,1.22761,1.00917,0.817193
2.78791,-0.430896,-0.310486,1.81776,1.22898,1.00853,0.809278
2.78835,-0.429392,-0.31098,1.81695,1.22988,1.00774,0.801557
2.78877,-0.427895,-0.311453,1.8161,1.23095,1.00696,0.793754
2.78919,-0.426394,-0.311905,1.81519,1.23224,1.00616,0.785779
2.78959,-0.424856,-0.312379,1.81441,1.23304,1.0052,0.778034
2.79003,-0.423411,-0.31283,1.81345,1.23444,1.00459,0.770101
2.79043,-0.421901,-0.313316,1.81269,1.23501,1.0037,0.762645
2.79086,-0.420454,-0.313748,1.81168,1.23665,1.00303,0.754394
2.79127,-0.418981,-0.314201,1.81078,1.23776,1.00226,0.746539
2.79168,-0.417511,-0.314651,1.80988,1.23887,1.00149,0.738677
2.79209,-0.416043,-0.315094,1.80899,1.23998,1.00073,0.730821
2.79249,-0.414587,-0.315538,1.80807,1.24111,0.999966,0.722946
2.7929,-0.413131,-0.315978,1.80715,1.24223,0.999207,0.715072
2.7933,-0.41168,-0.316415,1.80623,1.24336,0.998451,0.707197
2.7937,-0.410235,-0.316849,1.8053,1.24449,0.997699,0.699318
2.79407,-0.408742,-0.317313,1.80454,1.24491,0.996776,0.691914
2.79449,-0.40735,-0.3177,1.80343,1.24675,0.996203,0.683587
2.79488,-0.405923,-0.318127,1.80248,1.2479,0.995464,0.675656
2.7951,-0.404391,-0.318415,1.80173,1.24825,0.994473,0.668354
2.79553,-0.40304,-0.318844,1.80067,1.24971,0.993985,0.660227
2.79576,-0.401528,-0.319109,1.79981,1.25051,0.993017,0.652513
2.7962,-0.40021,-0.319507,1.79863,1.25245,0.99262,0.644016
2.79653,-0.398716,-0.319932,1.79786,1.25282,0.991601,0.636749
2.79695,-0.397381,-0.320345,1.79678,1.25431,0.991122,0.628584
2.79727,-0.395893,-0.320714,1.79587,1.25527,0.9901,0.620855
2.79771,-0.394601,-0.321116,1.7947,1.25711,0.989739,0.612357
2.79808,-0.393218,-0.321531,1.79374,1.25807,0.989053,0.604577
2.79844,-0.391824,-0.321901,1.79269,1.25946,0.988318,0.596504
2.79881,-0.390444,-0.322288,1.79168,1.26064,0.987613,0.588574
2.79917,-0.389068,-0.322672,1.79067,1.26182,0.986912,0.58064
2.79952,-0.387669,-0.323082,1.78977,1.26247,0.986124,0.57313
2.79989,-0.386329,-0.32343,1.78861,1.2642,0.985518,0.564759
2.80022,-0.38492,-0.323832,1.78775,1.2647,0.984661,0.557394
2.8006,-0.383604,-0.324171,1.78655,1.26659,0.984137,0.548871
2.80095,-0.382257,-0.324539,1.78549,1.26779,0.983455,0.540912
2.8013,-0.380905,-0.324899,1.78445,1.26899,0.982775,0.532959
2.80164,-0.379542,-0.32528,1.78346,1.2699,0.982013,0.525117
2.80198,-0.378222,-0.325612,1.78233,1.27141,0.981422,0.51707
2.80233,-0.376894,-0.325968,1.78125,1.27262,0.980752,0.50907
2.80268,-0.375587,-0.326339,1.78019,1.27373,0.980165,0.501171
2.803,-0.374242,-0.326666,1.7791,1.27506,0.979419,0.493127
2.80332,-0.372873,-0.327043,1.77817,1.27567,0.978571,0.485522
2.80367,-0.371609,-0.327351,1.77692,1.27752,0.9781,0.477172
2.804,-0.3703,-0.327689,1.77582,1.27875,0.977446,0.469191
2.80433,-0.368989,-0.328043,1.77477,1.27976,0.976769,0.461282
2.80464,-0.367696,-0.328353,1.7736,1.28122,0.976148,0.453216
2.80496,-0.366398,-0.328674,1.77249,1.28246,0.975506,0.445266
2.80527,-0.36507,-0.32902,1.77146,1.28335,0.974702,0.437336
2.8056,-0.363827,-0.329322,1.77024,1.28496,0.974226,0.429231
2.8059,-0.362504,-0.329674,1.76926,1.28559,0.973423,0.42162
2.80622,-0.361274,-0.329954,1.76797,1.28746,0.972962,0.413227
2.80652,-0.359962,-0.330285,1.76692,1.28836,0.972175,0.405325
2.80682,-0.358685,-0.330615,1.76587,1.28917,0.97151,0.397841
2.80714,-0.35748,-0.330878,1.76452,1.29125,0.97109,0.389196
2.80744,-0.356224,-0.331179,1.76335,1.29252,0.970473,0.381178
2.80774,-0.354975,-0.331477,1.76219,1.29379,0.969859,0.373159
2.80806,-0.353758,-0.331795,1.76103,1.29494,0.969353,0.365212
2.80833,-0.35249,-0.332062,1.75983,1.29634,0.968642,0.357111
2.80862,-0.351251,-0.332346,1.75865,1.29762,0.96804,0.349088
2.8089,-0.349985,-0.332666,1.7576,1.29833,0.967282,0.341408
2.81007,-0.348931,-0.334016,1.75627,1.3003,0.96664,0.333347
2.81034,-0.347683,-0.334281,1.75506,1.30169,0.965932,0.325087
2.81064,-0.346481,-0.334579,1.75388,1.30281,0.965388,0.317142
2.8109,-0.345258,-0.334828,1.75264,1.30428,0.964756,0.309002
2.81117,-0.344053,-0.335096,1.75142,1.30558,0.964174,0.300957
2.81146,-0.342856,-0.335386,1.75024,1.30666,0.963598,0.292976
2.81172,-0.341628,-0.335649,1.74905,1.30786,0.962902,0.284889
2.81198,-0.340469,-0.335882,1.74772,1.3095,0.962446,0.276801
2.81225,-0.339285,-0.336137,1.74648,1.31082,0.961877,0.268745
2.81251,-0.338105,-0.336389,1.74523,1.31214,0.96131,0.260683
2.81279,-0.336948,-0.336662,1.744,1.31331,0.96081,0.252645
2.81303,-0.335762,-0.336883,1.74272,1.31478,0.960189,0.244557
2.81323,-0.334487,-0.337127,1.74164,1.31548,0.959223,0.237025
2.81353,-0.333433,-0.33736,1.74019,1.31744,0.959078,0.228442
2.81378,-0.332285,-0.337598,1.7389,1.31877,0.958532,0.220344
2.81402,-0.33109,-0.337882,1.73782,1.31926,0.957806,0.212946
2.8176,-0.330375,-0.342237,1.73633,1.3222,0.956279,0.204551
2.81784,-0.329212,-0.342488,1.73512,1.32321,0.955646,0.196626
2.81848,-0.328129,-0.343201,1.73378,1.32483,0.955004,0.188618
2.81822,-0.326967,-0.342797,1.73247,1.32602,0.954741,0.180416
2.81845,-0.325833,-0.342991,1.73113,1.32757,0.954189,0.172193
2.8187,-0.32472,-0.343232,1.7298,1.32893,0.953659,0.164097
2.62433,-0.309828,-0.102334,1.72848,1.28897,1.01609,0.13581
2.6245,-0.308745,-0.10251,1.72716,1.29033,1.01541,0.127906
2.62466,-0.307675,-0.102691,1.72582,1.29171,1.01473,0.119918
2.62482,-0.306607,-0.102867,1.72448,1.29308,1.01406,0.11197
2.62498,-0.305545,-0.103041,1.72313,1.29446,1.01339,0.104019
2.62514,-0.304487,-0.103212,1.72178,1.29584,1.01272,0.0960624
2.62529,-0.303432,-0.103378,1.72043,1.29722,1.01206,0.088108
2.6254,-0.302319,-0.10357,1.71925,1.29794,1.01111,0.0807336
2.62559,-0.301347,-0.103708,1.71769,1.29999,1.01074,0.0721819
2.62574,-0.300308,-0.103867,1.71632,1.30138,1.01009,0.0642193
2.62586,-0.299234,-0.104052,1.71508,1.30225,1.00924,0.0566588
2.62603,-0.298256,-0.104183,1.71355,1.30417,1.00879,0.048277
2.62617,-0.297236,-0.104338,1.71216,1.30556,1.00815,0.0403047
2.62631,-0.296222,-0.10449,1.71076,1.30696,1.00752,0.0323295
2.62645,-0.295213,-0.10464,1.70935,1.30837,1.00688,0.0243488
2.62659,-0.29421,-0.104787,1.70795,1.30977,1.00625,0.0163685
2.62671,-0.293179,-0.104947,1.70664,1.31081,1.00549,0.00863001
2.62685,-0.292218,-0.105068,1.70511,1.31259,1.005,0.000396719
2.62698,-0.291231,-0.105208,1.70369,1.31401,1.00438,-0.00759121
2.62708,-0.290183,-0.105383,1.70245,1.31471,1.00348,-0.0150409
2.62724,-0.289268,-0.105479,1.70082,1.31684,1.00315,-0.0235729
2.62737,-0.288298,-0.105627,1.69941,1.31812,1.00253,-0.0315258
2.62749,-0.287336,-0.105744,1.69792,1.31969,1.00194,-0.0395716
2.62758,-0.286314,-0.105908,1.69665,1.32046,1.00107,-0.0471113
2.62772,-0.285416,-0.105996,1.69501,1.32254,1.00074,-0.0555715
2.62784,-0.284472,-0.106122,1.69354,1.32397,1.00014,-0.0635836
2.62793,-0.283465,-0.106279,1.69225,1.32476,0.999289,-0.0711294
2.62807,-0.282589,-0.106363,1.69059,1.32685,0.998966,-0.0796048
2.62818,-0.281656,-0.106481,1.68911,1.32828,0.998383,-0.0876175
2.62829,-0.280728,-0.106595,1.68762,1.32973,0.997803,-0.0956354
2.6284,-0.279806,-0.106708,1.68613,1.33117,0.997227,-0.103653
2.6285,-0.27889,-0.106819,1.68463,1.33262,0.996654,-0.111673
2.62861,-0.277978,-0.106927,1.68312,1.33407,0.996085,-0.119698
2.62871,-0.277068,-0.10703,1.68161,1.33552,0.995521,-0.127718
2.62881,-0.276172,-0.107134,1.68009,1.33697,0.994959,-0.135749
2.62889,-0.275233,-0.107264,1.6787,1.33795,0.994214,-0.14344
2.629,-0.274387,-0.107334,1.67704,1.33989,0.993847,-0.151813
2.62909,-0.273504,-0.107431,1.67551,1.34135,0.993296,-0.159847
2.62919,-0.272625,-0.107526,1.67396,1.34282,0.992749,-0.167886
2.62927,-0.271748,-0.107614,1.67242,1.34428,0.992207,-0.175884
2.62934,-0.270851,-0.107712,1.67093,1.34556,0.991526,-0.183841
2.62945,-0.270022,-0.107794,1.66931,1.34723,0.991131,-0.192011
2.62953,-0.269165,-0.107879,1.66775,1.3487,0.990599,-0.200056
2.62961,-0.26831,-0.10796,1.66618,1.35018,0.99007,-0.2081
2.62967,-0.267409,-0.108074,1.66478,1.35104,0.989291,-0.215606
2.62974,-0.266553,-0.108163,1.66324,1.35238,0.988687,-0.223622
2.62984,-0.265765,-0.108238,1.66157,1.35411,0.988383,-0.231966
2.62992,-0.264964,-0.108272,1.65984,1.35611,0.987993,-0.24032
2.62999,-0.264141,-0.108345,1.65825,1.3576,0.987483,-0.248378
2.63006,-0.263322,-0.108415,1.65664,1.35909,0.986976,-0.256441
2.63013,-0.26251,-0.108483,1.65503,1.36058,0.986473,-0.264504
2.63019,-0.261703,-0.108549,1.65342,1.36208,0.985974,-0.272568
2.63026,-0.260901,-0.108613,1.6518,1.36358,0.985478,-0.280638
2.63032,-0.260105,-0.108675,1.65017,1.36508,0.984986,-0.288707
2.63038,-0.259314,-0.108735,1.64854,1.36658,0.984498,-0.296777
2.63042,-0.25847,-0.108826,1.64708,1.36747,0.983759,-0.304302
2.6305,-0.257745,-0.108844,1.64527,1.36959,0.98353,-0.312917
2.63055,-0.256972,-0.108895,1.64362,1.3711,0.983056,-0.320993
2.63058,-0.256147,-0.108989,1.64215,1.37195,0.982323,-0.328603
2.63065,-0.255444,-0.108996,1.6403,1.37413,0.982113,-0.337168
2.6307,-0.254682,-0.109039,1.63863,1.37564,0.981648,-0.345243
2.63074,-0.253934,-0.109084,1.63696,1.37717,0.981185,-0.353339
2.63079,-0.253188,-0.109127,1.63528,1.37869,0.980726,-0.361426
2.63083,-0.252443,-0.109164,1.6336,1.38021,0.980272,-0.369501
2.63087,-0.251711,-0.109203,1.6319,1.38174,0.97982,-0.377609
2.63083,-0.250891,-0.109218,1.63043,1.38255,0.978982,-0.385098
2.63119,-0.250263,-0.109573,1.62851,1.38484,0.978866,-0.393783
2.63123,-0.249545,-0.109605,1.6268,1.38638,0.978425,-0.401883
2.63126,-0.248832,-0.109635,1.62509,1.38791,0.977989,-0.409982
2.63128,-0.248064,-0.109711,1.62358,1.38869,0.977282,-0.417359
2.69007,-0.249538,-0.181241,1.62165,1.40301,0.962028,-0.422974
2.6901,-0.248837,-0.18126,1.61992,1.40456,0.96164,-0.431114
2.69012,-0.248137,-0.181274,1.61819,1.4061,0.961256,-0.439248
2.69015,-0.247445,-0.181287,1.61644,1.40766,0.960875,-0.4474
2.68987,-0.246751,-0.180941,1.61469,1.40915,0.960573,-0.455565
2.68989,-0.246067,-0.180948,1.61294,1.41071,0.960199,-0.463669
2.68866,-0.245341,-0.179429,1.61118,1.41201,0.960149,-0.471927
2.68868,-0.24464,-0.179478,1.60957,1.41299,0.959634,-0.479561
2.68868,-0.24401,-0.179439,1.60765,1.41513,0.959416,-0.488229
2.6887,-0.243326,-0.179474,1.60598,1.41629,0.958941,-0.49614
2.6887,-0.242696,-0.179438,1.60409,1.41827,0.958696,-0.504528
2.69587,-0.242373,-0.188161,1.6023,1.42134,0.956533,-0.512363
2.69952,-0.2419,-0.192609,1.60051,1.42367,0.955263,-0.520356
2.69955,-0.241176,-0.192703,1.59892,1.4246,0.954515,-0.528017
2.69958,-0.240635,-0.192658,1.5969,1.42684,0.954571,-0.536691
2.64926,-0.238063,-0.131382,1.59509,1.41796,0.966771,-0.547139
2.64927,-0.237447,-0.131388,1.59331,1.41939,0.966403,-0.55522
2.64926,-0.236801,-0.131403,1.5916,1.42057,0.965879,-0.562969
2.64925,-0.236236,-0.13135,1.58962,1.4227,0.965704,-0.571573
2.64924,-0.235635,-0.131333,1.58779,1.42428,0.965355,-0.579712
2.64923,-0.235008,-0.131356,1.58609,1.42535,0.96483,-0.587537
2.64922,-0.23446,-0.131298,1.5841,1.42745,0.96467,-0.596022
2.6492,-0.233879,-0.131278,1.58225,1.42904,0.964333,-0.604174
2.64916,-0.23321,-0.131302,1.58063,1.42986,0.963576,-0.611679
2.6492,-0.232712,-0.131304,1.57873,1.43138,0.963553,-0.619774
2.64915,-0.23217,-0.131204,1.57665,1.43381,0.963342,-0.628643
2.64912,-0.231612,-0.131176,1.57478,1.43541,0.96302,-0.636802
2.6491,-0.231059,-0.131146,1.57289,1.43701,0.9627,-0.644965
2.64907,-0.230512,-0.131113,1.57101,1.43861,0.962385,-0.653127
2.64905,-0.22997,-0.131079,1.56911,1.44021,0.962073,-0.66129
2.64905,-0.229418,-0.131121,1.56742,1.44094,0.961675,-0.668676
2.64898,-0.228904,-0.131004,1.56531,1.44342,0.96146,-0.677625
2.64895,-0.228379,-0.130964,1.5634,1.44502,0.96116,-0.685793
2.64895,-0.227844,-0.130995,1.56167,1.44583,0.960773,-0.693251
2.64887,-0.227346,-0.130878,1.55955,1.44825,0.960569,-0.702138
2.64883,-0.226839,-0.130832,1.55763,1.44986,0.96028,-0.710311
2.64879,-0.226333,-0.130782,1.55569,1.45147,0.959993,-0.718487
2.64874,-0.22584,-0.130732,1.55375,1.45309,0.959712,-0.726665
2.64871,-0.225341,-0.130706,1.55187,1.45443,0.959391,-0.734646
2.64865,-0.224863,-0.130626,1.54985,1.45633,0.959158,-0.743024
2.6486,-0.224384,-0.130571,1.54789,1.45796,0.958887,-0.751205
2.64855,-0.22386,-0.13057,1.54612,1.45888,0.958385,-0.758802
2.64851,-0.223406,-0.130516,1.54414,1.4605,0.958183,-0.767099
2.64845,-0.222943,-0.130451,1.54215,1.46217,0.957922,-0.775324
2.64838,-0.222523,-0.130329,1.53999,1.46447,0.957838,-0.783946
2.64832,-0.222071,-0.130264,1.538,1.4661,0.957586,-0.792138
2.64825,-0.221621,-0.130194,1.53601,1.46773,0.957338,-0.800317
2.64819,-0.221185,-0.130126,1.534,1.46937,0.957093,-0.808519
2.64812,-0.220747,-0.130052,1.532,1.47101,0.956851,-0.816703
2.64805,-0.220321,-0.12998,1.52998,1.47265,0.956615,-0.824908
2.64798,-0.219895,-0.129903,1.52796,1.47429,0.95638,-0.833084
2.64791,-0.21948,-0.129827,1.52593,1.47593,0.956151,-0.841304
2.64786,-0.219097,-0.129762,1.52389,1.47752,0.956043,-0.849499
2.64776,-0.218663,-0.129668,1.52186,1.47922,0.955702,-0.857702
2.64768,-0.218263,-0.129587,1.51981,1.48087,0.955481,-0.865907
2.6476,-0.217869,-0.129503,1.51776,1.48252,0.955267,-0.874111
2.64752,-0.217462,-0.129433,1.51577,1.48398,0.954976,-0.88227
2.64746,-0.21707,-0.129388,1.51381,1.48519,0.954715,-0.89018
2.64734,-0.216718,-0.129238,1.51158,1.48748,0.954645,-0.898731
2.64726,-0.216347,-0.129147,1.5095,1.48914,0.954444,-0.90694
2.64717,-0.215979,-0.129054,1.50742,1.4908,0.954248,-0.915152
2.64707,-0.215619,-0.128959,1.50533,1.49245,0.954056,-0.923363
2.64697,-0.21523,-0.128875,1.50331,1.49392,0.95371,-0.931564
2.64691,-0.21494,-0.128781,1.50114,1.49565,0.953788,-0.939552
2.64678,-0.214573,-0.128662,1.49903,1.49745,0.953499,-0.94801
2.64668,-0.214235,-0.12856,1.49691,1.49911,0.953322,-0.956227
2.64658,-0.213903,-0.128455,1.49479,1.50078,0.953148,-0.964449
2.64646,-0.213576,-0.128328,1.49267,1.50245,0.952982,-0.972667
2.58447,-0.21207,-0.0528659,1.49054,1.49056,0.966548,-0.982124
2.58439,-0.211718,-0.052811,1.48855,1.49169,0.966177,-0.990005
2.58431,-0.211476,-0.0526735,1.48625,1.49379,0.966285,-0.998445
2.58419,-0.211149,-0.0525539,1.48411,1.49551,0.966005,-1.00669
2.5841,-0.210859,-0.0524487,1.48195,1.49717,0.965832,-1.01491
2.584,-0.210571,-0.0523404,1.47978,1.49882,0.965664,-1.02311
2.58393,-0.210258,-0.0522904,1.47779,1.49983,0.965356,-1.03067
2.5838,-0.21001,-0.0521178,1.47544,1.50214,0.96534,-1.03951
2.58371,-0.209706,-0.0520541,1.47341,1.50325,0.965025,-1.04736
2.58362,-0.209453,-0.0519368,1.4712,1.50496,0.964927,-1.05573
2.58349,-0.209211,-0.0517797,1.4689,1.507,0.964867,-1.06401
2.58338,-0.208961,-0.0516504,1.46667,1.50877,0.96474,-1.07234
2.58329,-0.208655,-0.0516066,1.46471,1.50959,0.964316,-1.0799
2.58319,-0.208506,-0.0514174,1.46222,1.51206,0.964626,-1.08874
2.58305,-0.208235,-0.051281,1.46002,1.51376,0.964334,-1.09697
2.58293,-0.208004,-0.0511547,1.45779,1.51543,0.964206,-1.10518
2.58282,-0.207779,-0.0510263,1.45556,1.5171,0.964083,-1.1134
2.5827,-0.207526,-0.0509212,1.45342,1.51846,0.963805,-1.12148
2.5826,-0.207338,-0.0507962,1.45115,1.5201,0.963813,-1.12972
2.58247,-0.207125,-0.0506522,1.44889,1.52185,0.963669,-1.138
2.58233,-0.206937,-0.0504912,1.44655,1.52377,0.963633,-1.14628
2.58221,-0.206742,-0.0503537,1.44429,1.52544,0.96353,-1.1545
2.58208,-0.206523,-0.0502382,1.4421,1.52684,0.963298,-1.16263
2.58195,-0.206366,-0.0500719,1.43973,1.52879,0.963337,-1.17095
2.58185,-0.206151,-0.0499815,1.43761,1.5299,0.963071,-1.17884
2.58169,-0.206015,-0.0497822,1.43515,1.53214,0.963162,-1.1874
2.58156,-0.205849,-0.0496349,1.43285,1.53382,0.963082,-1.19563
2.58142,-0.205688,-0.0494857,1.43054,1.5355,0.963004,-1.20387
2.58131,-0.205501,-0.0493827,1.42837,1.53668,0.962778,-1.21184
2.58115,-0.205384,-0.0491812,1.42591,1.53885,0.962862,-1.22033
2.58104,-0.20521,-0.0490891,1.42375,1.5399,0.962636,-1.22796
2.58087,-0.205103,-0.0488685,1.42124,1.54222,0.962738,-1.2368
2.58074,-0.204921,-0.0487648,1.41909,1.54329,0.962445,-1.24446
2.5806,-0.204803,-0.0486052,1.41673,1.54498,0.962428,-1.25284
2.39472,-0.207233,0.179837,1.4142,1.50368,1.00246,-1.26369
2.39466,-0.207124,0.179986,1.41183,1.50525,1.00238,-1.27186
2.39459,-0.207016,0.180138,1.40947,1.50682,1.0023,-1.28001
2.3945,-0.206869,0.180264,1.40722,1.50809,1.002,-1.28789
2.39438,-0.206728,0.180445,1.40485,1.50984,1.00171,-1.2962
2.39439,-0.206743,0.180599,1.40231,1.51154,1.00211,-1.30452
2.39433,-0.206663,0.180757,1.39992,1.51311,1.00206,-1.31269
2.39423,-0.206499,0.180867,1.39774,1.51412,1.0016,-1.32036
2.19751,-0.219625,0.427505,1.3951,1.46612,1.04752,-1.33329
2.19754,-0.21956,0.42766,1.39268,1.46755,1.04746,-1.34138
2.19758,-0.219501,0.427816,1.39026,1.46898,1.0474,-1.34947
2.19761,-0.219448,0.427974,1.38783,1.4704,1.04734,-1.35757
2.19755,-0.219305,0.428141,1.38552,1.47174,1.04685,-1.36534
2.19769,-0.219363,0.428296,1.38294,1.47325,1.04725,-1.37376
2.19773,-0.21933,0.428461,1.38049,1.47467,1.04721,-1.38187
2.19771,-0.21922,0.4286,1.3782,1.47577,1.0468,-1.38954
2.19781,-0.219283,0.428796,1.37556,1.4775,1.04715,-1.39807
2.19785,-0.21927,0.428967,1.37308,1.47891,1.04713,-1.40618
2.19782,-0.219184,0.429136,1.37073,1.48018,1.04677,-1.414
2.19793,-0.219258,0.429319,1.36812,1.48173,1.04711,-1.42239
2.19797,-0.219261,0.429507,1.3656,1.4832,1.04708,-1.43053
2.19803,-0.219277,0.429678,1.36311,1.48453,1.04711,-1.43861
2.20157,-0.218955,0.425382,1.3606,1.48692,1.04625,-1.44664
2.20151,-0.218854,0.425546,1.3583,1.48801,1.0457,-1.45428
2.20161,-0.21896,0.425757,1.35562,1.48969,1.04606,-1.46283
2.20171,-0.219052,0.425941,1.35302,1.49111,1.04632,-1.471
2.20349,-0.218927,0.42391,1.35047,1.493,1.04593,-1.47909
2.20507,-0.218831,0.422142,1.34792,1.49483,1.04559,-1.48718
2.20511,-0.218885,0.42234,1.34537,1.49621,1.04564,-1.4953
2.20509,-0.218841,0.422501,1.34304,1.49719,1.04518,-1.50283
2.20376,-0.219168,0.424627,1.34023,1.49855,1.04612,-1.5116
2.20381,-0.219249,0.424829,1.33765,1.49992,1.04618,-1.51973
2.20387,-0.219331,0.425036,1.33507,1.5013,1.04625,-1.52783
2.2039,-0.219393,0.425246,1.33251,1.50265,1.04619,-1.53593
2.20399,-0.219526,0.42545,1.32986,1.50403,1.04642,-1.54414
2.20406,-0.219631,0.425661,1.32725,1.50539,1.04651,-1.55228
2.20412,-0.219739,0.425876,1.32464,1.50675,1.04661,-1.56042
2.20418,-0.219862,0.426091,1.32201,1.5081,1.04671,-1.56856
2.20425,-0.219988,0.426309,1.31937,1.50946,1.04682,-1.57671
2.20432,-0.220116,0.426531,1.31674,1.51081,1.04693,-1.58482
2.20439,-0.220259,0.426753,1.31408,1.51215,1.04706,-1.593
2.20447,-0.220405,0.426977,1.31142,1.51349,1.04719,-1.60115
2.20454,-0.220558,0.427203,1.30876,1.51483,1.04732,-1.6093
2.20462,-0.220717,0.427431,1.30608,1.51616,1.04746,-1.61745
2.20469,-0.220879,0.427665,1.3034,1.5175,1.0476,-1.62558
2.20477,-0.221057,0.427898,1.30071,1.51882,1.04776,-1.63376
2.20486,-0.221236,0.428134,1.29801,1.52014,1.04792,-1.64192
2.20494,-0.221418,0.428374,1.29531,1.52146,1.04808,-1.65007
2.20502,-0.221615,0.428617,1.29259,1.52278,1.04825,-1.65824
2.20312,-0.219034,0.427981,1.29589,1.52234,1.04465,-1.6555
2.20118,-0.216348,0.427262,1.29948,1.52123,1.04057,-1.65137
2.19927,-0.213723,0.426564,1.30292,1.52038,1.0367,-1.64787
2.19742,-0.211205,0.425922,1.30608,1.52008,1.03331,-1.64512
2.19548,-0.208487,0.425146,1.30974,1.5187,1.02898,-1.64091
2.19359,-0.205878,0.424423,1.31313,1.51783,1.02512,-1.63741
2.19171,-0.203279,0.423695,1.31649,1.51697,1.02128,-1.63396
2.18981,-0.20069,0.422995,1.31977,1.5164,1.01744,-1.63109
2.18796,-0.198086,0.422197,1.32322,1.5151,1.01352,-1.62687
2.1861,-0.1955,0.421436,1.32656,1.51415,1.00965,-1.62334
2.18424,-0.19292,0.420669,1.32988,1.5132,1.00578,-1.61981
2.18239,-0.190347,0.419886,1.3332,1.5122,1.0019,-1.61623
2.18055,-0.18778,0.419101,1.33649,1.51122,0.998042,-1.61271
2.17871,-0.185213,0.4183,1.33979,1.51016,0.994144,-1.60909
2.17689,-0.182662,0.417497,1.34305,1.50915,0.990285,-1.60555
2.17506,-0.180106,0.416675,1.34633,1.50804,0.986378,-1.60189
2.17324,-0.177563,0.415853,1.34958,1.50698,0.982509,-1.59832
2.17143,-0.175021,0.415014,1.35283,1.50583,0.978607,-1.59465
2.16963,-0.172489,0.414169,1.35605,1.5047,0.974721,-1.59101
2.16784,-0.169963,0.41332,1.35926,1.50357,0.970848,-1.5874
2.16601,-0.167423,0.412476,1.36245,1.50257,0.966869,-1.5839
2.16427,-0.164958,0.411624,1.36553,1.50158,0.963222,-1.58076
2.16249,-0.162415,0.410701,1.36885,1.49993,0.959162,-1.57631
2.16072,-0.159911,0.409815,1.37201,1.49871,0.955277,-1.57263
2.15902,-0.157501,0.408953,1.37499,1.4978,0.95181,-1.56957
2.15719,-0.15492,0.40801,1.37832,1.49614,0.947483,-1.56516
2.15545,-0.152442,0.407098,1.38144,1.49485,0.943622,-1.56146
2.1537,-0.149958,0.406168,1.38457,1.49346,0.939701,-1.55762
2.15196,-0.147485,0.405235,1.38769,1.49209,0.935807,-1.55384
2.15017,-0.144997,0.404343,1.39069,1.49129,0.93181,-1.55059
2.14851,-0.142558,0.403343,1.39387,1.48928,0.928024,-1.54622
2.14679,-0.140103,0.402384,1.39695,1.48784,0.924132,-1.54239
2.14507,-0.137656,0.40142,1.40001,1.4864,0.920251,-1.53858
2.14337,-0.135213,0.400442,1.40307,1.48488,0.916349,-1.53467
2.14167,-0.132779,0.399459,1.40611,1.48336,0.912461,-1.53079
2.13997,-0.130349,0.398466,1.40914,1.48181,0.908572,-1.52689
2.13824,-0.127939,0.39755,1.41198,1.48107,0.904746,-1.5237
2.13653,-0.125467,0.396499,1.41514,1.47905,0.900583,-1.51959
2.13489,-0.123109,0.395515,1.41801,1.47776,0.896957,-1.51596
2.13324,-0.120698,0.394436,1.42116,1.47536,0.893034,-1.51109
2.13158,-0.118303,0.393409,1.42412,1.47373,0.889175,-1.50716
2.12992,-0.115911,0.392369,1.42709,1.47202,0.885292,-1.50314
2.12827,-0.113526,0.391317,1.43005,1.47023,0.881395,-1.49904
2.12662,-0.111148,0.390261,1.433,1.46846,0.877519,-1.49499
2.12498,-0.108777,0.389198,1.43593,1.46666,0.873646,-1.49091
2.12335,-0.106412,0.388127,1.43885,1.46484,0.869774,-1.48681
2.12172,-0.104056,0.387053,1.44176,1.46302,0.865919,-1.48274
2.12002,-0.101637,0.385975,1.44463,1.46162,0.861686,-1.47924
2.11848,-0.0993596,0.38487,1.44755,1.45918,0.85818,-1.47439
2.11687,-0.097021,0.383769,1.45044,1.45723,0.854319,-1.4702
2.11527,-0.0946916,0.382661,1.4533,1.45525,0.850465,-1.46599
2.11359,-0.0923056,0.381557,1.45611,1.45382,0.846276,-1.46246
2.11207,-0.0900496,0.380423,1.45901,1.45119,0.842762,-1.4575
2.11045,-0.0877145,0.379311,1.46177,1.44963,0.838798,-1.45372
2.1089,-0.0854362,0.378157,1.46467,1.44701,0.835076,-1.44892
2.10727,-0.0830875,0.377016,1.46746,1.4453,0.830968,-1.4451
2.10568,-0.0807837,0.37587,1.47023,1.44338,0.827052,-1.44102
2.10418,-0.0785652,0.374705,1.47309,1.44049,0.823574,-1.43585
2.10262,-0.0762899,0.373541,1.47588,1.43825,0.819751,-1.43144
2.10106,-0.0740203,0.37237,1.47865,1.43597,0.81593,-1.42701
2.09947,-0.0717218,0.371201,1.48136,1.43418,0.81193,-1.42305
2.09796,-0.0695025,0.370011,1.48416,1.43137,0.808313,-1.41813
2.09638,-0.0672141,0.368827,1.48683,1.42959,0.804276,-1.41421
2.09489,-0.0650155,0.367625,1.48963,1.42659,0.800715,-1.4091
2.09336,-0.0627841,0.366422,1.49235,1.42415,0.796937,-1.40454
2.09183,-0.0605529,0.365206,1.49509,1.42157,0.793117,-1.39982
2.09031,-0.0583347,0.36399,1.49779,1.41904,0.789336,-1.39519
2.08879,-0.0561218,0.362767,1.50048,1.41647,0.785559,-1.39053
2.08728,-0.0539162,0.361537,1.50317,1.41386,0.781788,-1.38584
2.08577,-0.0517177,0.360302,1.50584,1.41122,0.778023,-1.38111
2.08427,-0.0495305,0.359065,1.50849,1.40861,0.774288,-1.37645
2.08273,-0.0473058,0.35781,1.5111,1.40635,0.770293,-1.37211
2.08128,-0.0451688,0.356559,1.5138,1.40305,0.766774,-1.36675
2.07979,-0.0429988,0.355298,1.51644,1.40025,0.763036,-1.3619
2.07831,-0.0408439,0.35404,1.51903,1.39753,0.759348,-1.35717
2.07682,-0.0386845,0.352761,1.52167,1.39452,0.755587,-1.3521
2.07535,-0.0365372,0.351482,1.52428,1.3916,0.751873,-1.34714
2.07388,-0.0343975,0.350198,1.52687,1.38863,0.748167,-1.34215
2.07241,-0.0322671,0.348909,1.52946,1.38562,0.744471,-1.33713
2.07095,-0.0301423,0.347612,1.53203,1.38256,0.740781,-1.33207
2.06951,-0.0280256,0.34634,1.53439,1.38069,0.737113,-1.32823
2.06804,-0.0259066,0.345008,1.53708,1.37683,0.733382,-1.32229
2.06659,-0.0237988,0.343687,1.53966,1.37347,0.729693,-1.31701
2.06516,-0.0217207,0.342367,1.54223,1.3699,0.726113,-1.31147
2.0637,-0.0195934,0.34104,1.54461,1.36775,0.722224,-1.30736
2.06229,-0.0175507,0.339712,1.54724,1.36357,0.718812,-1.30121
2.06086,-0.0154841,0.338372,1.54978,1.35993,0.715209,-1.29561
2.05943,-0.0134059,0.337029,1.55222,1.35698,0.711518,-1.29068
2.05802,-0.0113638,0.335678,1.55477,1.35305,0.70799,-1.28484
2.0566,-0.00931445,0.334323,1.55725,1.34953,0.704395,-1.27939
2.05516,-0.00722303,0.33294,1.55964,1.34668,0.70049,-1.27461
2.05379,-0.00524102,0.331598,1.56216,1.34248,0.697249,-1.26851
2.05239,-0.00321887,0.330228,1.5646,1.33885,0.69371,-1.26297
2.05099,-0.00119735,0.328845,1.56706,1.33507,0.690136,-1.25727
2.0496,0.000809199,0.327463,1.56948,1.33134,0.686611,-1.25165
2.04821,0.00281367,0.326067,1.57192,1.32741,0.683069,-1.24581
2.04683,0.00480583,0.324673,1.57432,1.32365,0.67957,-1.24018
2.04545,0.00679424,0.323264,1.57674,1.31963,0.676054,-1.23426
2.04408,0.00876868,0.321853,1.57913,1.31566,0.672568,-1.22842
2.04273,0.0107455,0.320443,1.58142,1.31224,0.669064,-1.22321
2.04136,0.0127058,0.319011,1.58388,1.3076,0.66562,-1.21663
2.04,0.0146585,0.317579,1.58625,1.30342,0.662182,-1.2106
2.03866,0.0166313,0.316139,1.58848,1.30022,0.658573,-1.20558
2.36213,0.0176134,-0.00397875,1.59095,1.2914,0.661305,-1.20126
2.36109,0.0194558,-0.00508962,1.59329,1.28679,0.658519,-1.19548
2.36005,0.0212911,-0.00620736,1.59562,1.28214,0.655744,-1.18966
2.35902,0.0231448,-0.00733636,1.59786,1.27809,0.6528,-1.18458
2.35798,0.024941,-0.0084628,1.60025,1.27271,0.650231,-1.1779
2.35695,0.0267576,-0.00959957,1.60254,1.26798,0.647488,-1.17202
2.35594,0.028578,-0.0107354,1.60472,1.26396,0.6447,-1.1667
2.3549,0.0303698,-0.0119002,1.60712,1.25823,0.642052,-1.15996
2.35389,0.0321825,-0.0130559,1.60928,1.25417,0.639244,-1.15446
2.35286,0.03396,-0.0142314,1.61165,1.24837,0.636661,-1.14779
2.35185,0.0357435,-0.0154095,1.61391,1.24337,0.633985,-1.14164
2.35085,0.0375348,-0.0165829,1.61603,1.23922,0.631235,-1.13622
2.34983,0.0392948,-0.01779,1.61839,1.23323,0.628676,-1.12922
2.34883,0.0410598,-0.0189939,1.62061,1.22809,0.626041,-1.12295
2.34784,0.0428196,-0.0202068,1.62283,1.22291,0.62342,-1.11663
2.34686,0.0445874,-0.0214216,1.62495,1.21837,0.62071,-1.11085
2.34587,0.0463184,-0.0226544,1.62722,1.21252,0.618224,-1.10401
2.34488,0.0480605,-0.0238984,1.62942,1.20711,0.615637,-1.09746
2.34391,0.0497934,-0.0251506,1.63161,1.2017,0.613086,-1.09092
2.34295,0.0515197,-0.0264122,1.63378,1.19628,0.610542,-1.08438
2.34199,0.0532416,-0.0276857,1.63594,1.19081,0.608012,-1.0778
2.34102,0.0549902,-0.0289903,1.63808,1.18551,0.605262,-1.07146
2.34009,0.0566667,-0.0302644,1.64023,1.17976,0.602988,-1.06454
2.33916,0.0583655,-0.0315721,1.64237,1.17411,0.600521,-1.05777
2.33823,0.0600612,-0.0328928,1.6445,1.16844,0.598058,-1.051
2.33731,0.0617523,-0.0342215,1.64661,1.16277,0.5956,-1.04423
2.33639,0.0634346,-0.0355615,1.64871,1.15703,0.593175,-1.03741
2.33549,0.0651087,-0.0369128,1.6508,1.15126,0.590771,-1.03055
2.3346,0.0667802,-0.038287,1.6529,1.14531,0.588367,-1.0235
2.33372,0.0684424,-0.0396644,1.65498,1.13946,0.586002,-1.01658
2.33283,0.0701346,-0.0410987,1.65706,1.1335,0.583382,-1.00959
2.332,0.0717471,-0.0424872,1.65912,1.12737,0.581317,-1.0023
2.33115,0.0733995,-0.0438693,1.66106,1.12226,0.578943,-0.996282
2.33033,0.0750303,-0.0453666,1.66322,1.11517,0.576707,-0.987958
2.32951,0.0766595,-0.0468307,1.66526,1.10899,0.57443,-0.980712
2.3287,0.078279,-0.048238,1.66717,1.10376,0.572208,-0.974651
2.32791,0.0799405,-0.0497852,1.66917,1.09767,0.569635,-0.967024
2.32715,0.0815115,-0.051324,1.67131,1.09015,0.567732,-0.95869
2.32639,0.0831179,-0.0528553,1.67331,1.08377,0.565543,-0.951252
2.32563,0.0847471,-0.0543841,1.67521,1.07817,0.563111,-0.944613
2.32492,0.0863096,-0.0559453,1.67723,1.07134,0.561207,-0.936691
2.3242,0.0878923,-0.0575565,1.67925,1.06434,0.55909,-0.928692
2.32351,0.0894684,-0.0591662,1.68122,1.05771,0.557009,-0.921014
2.32284,0.0910389,-0.0607939,1.68318,1.05106,0.554935,-0.913335
2.32218,0.0926068,-0.0624326,1.68512,1.04441,0.552868,-0.905661
2.32153,0.0941669,-0.064062,1.687,1.0382,0.550833,-0.89839
2.32093,0.0957168,-0.0657997,1.68899,1.0308,0.548856,-0.890006
2.32033,0.097263,-0.0675013,1.6909,1.024,0.546865,-0.882196
2.31973,0.0987922,-0.0691395,1.69271,1.01803,0.544996,-0.875286
2.31919,0.100342,-0.0709562,1.69465,1.01074,0.542946,-0.866829
2.31868,0.101861,-0.0727915,1.69662,1.00307,0.54111,-0.85824
2.31813,0.10341,-0.0745069,1.69837,0.997243,0.538992,-0.851515
2.31765,0.104933,-0.0763785,1.70027,0.989852,0.537064,-0.843167
2.31724,0.106403,-0.0782853,1.70224,0.981771,0.535557,-0.833978
2.31682,0.107902,-0.0801724,1.7041,0.97451,0.533796,-0.825736
2.31641,0.109395,-0.0820838,1.70595,0.967246,0.532039,-0.817499
2.31601,0.110851,-0.0838488,1.70765,0.96134,0.530561,-0.810321
2.31566,0.112386,-0.0859479,1.70956,0.953122,0.528418,-0.801562
2.31532,0.11386,-0.087869,1.7113,0.946476,0.526762,-0.793656
2.3151,0.115311,-0.0900158,1.71325,0.937691,0.525301,-0.784116
2.31484,0.116773,-0.0920671,1.71506,0.930184,0.523693,-0.775667
2.31461,0.118227,-0.0941513,1.71685,0.922624,0.522113,-0.767173
2.31435,0.119722,-0.0961986,1.71855,0.915886,0.520208,-0.759501
2.31425,0.121122,-0.0984091,1.72042,0.907373,0.519051,-0.750073
2.31412,0.122559,-0.100582,1.72219,0.899682,0.51757,-0.741468
2.31399,0.124001,-0.102738,1.7239,0.89244,0.516046,-0.733162
2.31387,0.125467,-0.104969,1.72562,0.884794,0.514276,-0.725012
2.3139,0.126842,-0.107275,1.72744,0.876384,0.513289,-0.715475
2.31391,0.128252,-0.10958,1.72917,0.868476,0.511966,-0.706679
2.31389,0.129674,-0.111826,1.73083,0.861269,0.510537,-0.698494
2.31402,0.131065,-0.114282,1.73262,0.852628,0.509366,-0.689087
2.31411,0.132463,-0.116665,1.73432,0.844679,0.508093,-0.680278
2.31424,0.133853,-0.119083,1.73602,0.836655,0.506878,-0.671399
2.3144,0.135238,-0.121534,1.73771,0.828601,0.505697,-0.662501
2.31461,0.136607,-0.12398,1.73936,0.82086,0.504647,-0.653756
2.31489,0.137991,-0.126583,1.74106,0.812335,0.503469,-0.644574
2.31515,0.139361,-0.129112,1.74271,0.804322,0.502363,-0.635762
2.31548,0.140724,-0.131723,1.74438,0.796026,0.501332,-0.626639
2.31587,0.142081,-0.134374,1.74603,0.787745,0.500361,-0.617557
2.28061,0.142811,-0.106299,1.74766,0.776676,0.495616,-0.600481
2.28109,0.144138,-0.109069,1.74929,0.768288,0.494688,-0.591268
2.28153,0.145451,-0.111741,1.75086,0.760579,0.493866,-0.582569
2.342,0.148021,-0.166075,1.75252,0.756657,0.499326,-0.587049
2.34257,0.149351,-0.168835,1.75413,0.74839,0.498657,-0.578081
2.34318,0.150711,-0.17168,1.75572,0.740063,0.497731,-0.569031
2.34364,0.152068,-0.174294,1.7572,0.732868,0.496773,-0.56127
2.34452,0.153375,-0.177399,1.75888,0.723462,0.496379,-0.551052
2.34523,0.15472,-0.180328,1.76044,0.715055,0.495587,-0.541966
2.34601,0.156041,-0.183297,1.762,0.706623,0.494982,-0.532864
2.34682,0.157364,-0.186294,1.76355,0.698219,0.494387,-0.523806
2.34768,0.158682,-0.189326,1.76509,0.689801,0.493829,-0.514744
2.34857,0.159997,-0.192393,1.76662,0.681371,0.493308,-0.505681
2.34951,0.161306,-0.195493,1.76815,0.672932,0.492826,-0.496619
2.35044,0.16259,-0.198549,1.76966,0.664683,0.492567,-0.487781
2.3515,0.163917,-0.201798,1.77117,0.656019,0.491969,-0.478494
2.35252,0.16522,-0.204974,1.77266,0.647574,0.491568,-0.469457
2.35362,0.166512,-0.208214,1.77415,0.639077,0.491258,-0.46038
2.35468,0.167759,-0.211335,1.77564,0.631002,0.491338,-0.451693
2.35593,0.169095,-0.214786,1.7771,0.622117,0.490695,-0.442298
2.35714,0.170382,-0.21812,1.77856,0.613634,0.490468,-0.43327
2.35839,0.171665,-0.221483,1.78001,0.605155,0.490279,-0.424256
2.35967,0.172946,-0.224879,1.78146,0.596673,0.490125,-0.415253
2.361,0.174225,-0.228306,1.78289,0.588194,0.490007,-0.406263
2.36224,0.175448,-0.231576,1.78433,0.580154,0.490335,-0.397799
2.3667,0.176898,-0.237684,1.78574,0.571711,0.490184,-0.389332
2.36795,0.178119,-0.240939,1.78714,0.564002,0.490543,-0.381084
2.36907,0.179419,-0.244298,1.78855,0.554728,0.49014,-0.371316
2.37043,0.18064,-0.247663,1.78994,0.546852,0.490543,-0.362939
2.37202,0.181955,-0.251373,1.79131,0.538064,0.490234,-0.353781
2.37357,0.18322,-0.254986,1.79268,0.529608,0.49035,-0.344893
2.37481,0.184444,-0.258184,1.79398,0.522515,0.490639,-0.337435
2.37683,0.18574,-0.262341,1.79542,0.512649,0.490739,-0.327079
2.37843,0.186971,-0.265936,1.79677,0.504565,0.491152,-0.318538
2.37979,0.188224,-0.269278,1.79803,0.497281,0.491271,-0.311027
2.38193,0.189505,-0.273513,1.79944,0.487577,0.49156,-0.300858
2.38369,0.190759,-0.277282,1.80076,0.479257,0.49189,-0.292177
2.38547,0.19201,-0.281071,1.80207,0.47096,0.492253,-0.283528
2.38705,0.193199,-0.284563,1.80337,0.463538,0.493046,-0.27567
2.31356,0.190694,-0.227123,1.80467,0.439484,0.486284,-0.236211
2.31531,0.19181,-0.230898,1.80598,0.431507,0.487191,-0.227749
2.31725,0.192988,-0.234908,1.80724,0.4231,0.4876,-0.21882
2.31925,0.194184,-0.239029,1.8085,0.414275,0.487942,-0.209746
2.3209,0.195286,-0.242653,1.80975,0.406954,0.488901,-0.201916
2.32317,0.196495,-0.247067,1.81102,0.397596,0.48925,-0.192281
2.32516,0.197648,-0.251104,1.81226,0.389309,0.489941,-0.183613
2.32694,0.198722,-0.254861,1.81353,0.381676,0.49122,-0.175676
2.33119,0.200056,-0.260832,1.81472,0.37325,0.491566,-0.167236
2.33322,0.201209,-0.264894,1.81594,0.365042,0.492321,-0.158672
2.33757,0.202481,-0.270826,1.81715,0.357403,0.493326,-0.151176
2.33959,0.203636,-0.274862,1.81833,0.34938,0.494091,-0.142838
2.34121,0.204718,-0.278392,1.8195,0.34277,0.495253,-0.135761
2.34356,0.205871,-0.282782,1.82072,0.334049,0.496212,-0.126655
2.34595,0.207069,-0.287252,1.82189,0.325111,0.496832,-0.117602
2.34807,0.208215,-0.291373,1.82305,0.317111,0.497756,-0.109298
2.35642,0.209748,-0.300463,1.82421,0.31062,0.499183,-0.103886
2.35856,0.210901,-0.304592,1.82536,0.302704,0.500154,-0.0956917
2.36167,0.212105,-0.309485,1.82649,0.295073,0.501259,-0.0880026
2.36485,0.213322,-0.314435,1.82762,0.287487,0.502371,-0.0803845
2.36941,0.214637,-0.320471,1.82875,0.280271,0.503595,-0.0734587
2.3763,0.216127,-0.328342,1.82986,0.273663,0.504987,-0.0676902
2.37847,0.217285,-0.332456,1.83095,0.266032,0.506038,-0.0598453
2.38062,0.21842,-0.336542,1.83206,0.25856,0.507282,-0.0521354
2.38295,0.219587,-0.340829,1.83314,0.250676,0.50839,-0.0440432
2.38731,0.220908,-0.346672,1.83422,0.243623,0.5097,-0.0372895
2.38931,0.221998,-0.35053,1.83531,0.236981,0.511242,-0.0300824
2.39156,0.223146,-0.35473,1.83638,0.22929,0.512518,-0.0224433
2.39379,0.224309,-0.358886,1.83741,0.22188,0.513652,-0.0148638
2.3963,0.225522,-0.363372,1.83844,0.213674,0.514629,-0.00658992
2.39856,0.226668,-0.367546,1.83948,0.206302,0.515946,0.000954745
2.40081,0.22782,-0.371717,1.8405,0.198938,0.517241,0.00848808
2.40618,0.229245,-0.378302,1.84152,0.192448,0.51875,0.0143677
2.41709,0.231201,-0.389156,1.84253,0.187431,0.520519,0.0173598
2.41922,0.232324,-0.393155,1.84355,0.180645,0.522121,0.0243678
2.42159,0.233538,-0.39743,1.8445,0.173159,0.523186,0.0318653
2.42393,0.234699,-0.401657,1.84549,0.165919,0.524663,0.0392443
2.42623,0.235866,-0.405828,1.84647,0.158827,0.526085,0.0464481
2.42849,0.237033,-0.409965,1.84743,0.151799,0.527484,0.0535783
2.43079,0.238193,-0.414146,1.84839,0.144762,0.528986,0.0607299
2.43309,0.239358,-0.418309,1.84933,0.137789,0.530464,0.0678013
2.43499,0.240435,-0.422011,1.85029,0.132058,0.532294,0.0740635
2.43763,0.241686,-0.426587,1.8512,0.123992,0.533436,0.0817854
2.4397,0.242764,-0.430498,1.85216,0.117748,0.535426,0.0883038
2.44222,0.244007,-0.434906,1.85303,0.110291,0.536559,0.0956608
2.44451,0.245169,-0.43905,1.85394,0.103516,0.538128,0.102515
2.44678,0.246331,-0.44318,1.85483,0.0967646,0.539696,0.109345
2.44905,0.247488,-0.447309,1.85572,0.0900824,0.541315,0.116102
2.45133,0.248648,-0.451438,1.85659,0.0834251,0.542933,0.122828
2.45333,0.249715,-0.455273,1.85751,0.0774717,0.545021,0.128969
2.45587,0.250966,-0.459679,1.85832,0.0702296,0.546217,0.136154
2.45813,0.252124,-0.463792,1.85917,0.0636897,0.547885,0.142754
2.46032,0.253259,-0.467813,1.86003,0.0573809,0.549663,0.14915
2.4626,0.254444,-0.471949,1.86084,0.050781,0.551193,0.155758
2.46485,0.255597,-0.476044,1.86167,0.0443295,0.552917,0.162272
2.46712,0.256747,-0.480157,1.86249,0.0379072,0.554702,0.168762
2.46936,0.257903,-0.484238,1.8633,0.0315584,0.556443,0.175159
2.4716,0.259058,-0.488313,1.8641,0.0252474,0.558199,0.181516
2.4738,0.260214,-0.492358,1.86489,0.018983,0.559932,0.18782
2.4757,0.261255,-0.496078,1.86572,0.0135369,0.562166,0.193448
2.47821,0.262516,-0.50044,1.86644,0.00657776,0.5635,0.200312
2.48045,0.263664,-0.504514,1.86721,0.000373985,0.565359,0.206568
2.48265,0.264814,-0.50855,1.86796,-0.00574587,0.567183,0.212726
2.48486,0.265965,-0.512582,1.86871,-0.0118329,0.56902,0.21885
2.48699,0.267121,-0.516542,1.86944,-0.0178104,0.570768,0.224833
2.48919,0.268266,-0.520586,1.87018,-0.0238862,0.572682,0.230966
2.49103,0.269348,-0.524213,1.87091,-0.0289393,0.574646,0.23635
2.49356,0.270554,-0.52861,1.87161,-0.0358182,0.576493,0.242979
2.49573,0.271701,-0.532603,1.87232,-0.0417233,0.578391,0.248915
2.49789,0.272847,-0.536587,1.87301,-0.0475928,0.580301,0.254816
2.50002,0.273993,-0.540548,1.8737,-0.0534275,0.582194,0.260677
2.50217,0.275133,-0.544521,1.87438,-0.0592253,0.584157,0.266513
2.50425,0.276282,-0.54842,1.87504,-0.0649258,0.586001,0.272213
2.50639,0.277421,-0.552389,1.8757,-0.0706948,0.587994,0.278028
2.50853,0.278554,-0.556357,1.87636,-0.0764141,0.590025,0.283799
2.51062,0.279699,-0.560261,1.877,-0.0820529,0.591946,0.289452
2.51274,0.280832,-0.564212,1.87764,-0.0877016,0.593991,0.295149
2.51484,0.28197,-0.568131,1.87826,-0.0932924,0.59599,0.300769
2.51692,0.283109,-0.572028,1.87888,-0.0988541,0.597973,0.306357
2.51899,0.284244,-0.575922,1.87949,-0.10438,0.599991,0.311916
2.52107,0.285374,-0.579819,1.88009,-0.109865,0.602047,0.31744
2.52314,0.286509,-0.583705,1.88068,-0.115322,0.604086,0.322928
2.52497,0.287515,-0.587388,1.88133,-0.120263,0.606665,0.327932
2.52725,0.288773,-0.591449,1.88184,-0.126133,0.608192,0.333803
2.5293,0.289905,-0.595309,1.88241,-0.13149,0.610259,0.339193
2.53128,0.290957,-0.599133,1.88301,-0.136628,0.612752,0.34446
2.53336,0.292163,-0.603003,1.88352,-0.142106,0.614421,0.349878
2.53538,0.293291,-0.606839,1.88406,-0.147367,0.616515,0.355175
2.53733,0.294364,-0.610588,1.88462,-0.152208,0.618868,0.360381
2.5394,0.295546,-0.614485,1.88511,-0.157795,0.620727,0.365675
2.54137,0.296673,-0.618262,1.88562,-0.162939,0.622787,0.370842
2.54338,0.297789,-0.62209,1.88613,-0.168095,0.624978,0.376061
2.54535,0.298914,-0.625874,1.88663,-0.173207,0.627089,0.381209
2.54733,0.300031,-0.629664,1.88712,-0.178275,0.62926,0.38633
2.54921,0.301095,-0.633333,1.88763,-0.182828,0.631629,0.391325
2.55126,0.302269,-0.637211,1.88807,-0.188327,0.633573,0.396473
2.55314,0.303337,-0.640922,1.88856,-0.19315,0.635941,0.401362
2.55516,0.304503,-0.644728,1.88899,-0.19826,0.637917,0.406504
2.55703,0.305571,-0.648426,1.88946,-0.203031,0.640285,0.411346
2.55901,0.306734,-0.652201,1.88988,-0.208081,0.64227,0.416427
2.56094,0.307842,-0.655935,1.89031,-0.212937,0.644489,0.421346
2.56285,0.308954,-0.659658,1.89073,-0.217771,0.646694,0.426237
2.56476,0.310065,-0.663373,1.89114,-0.222576,0.648905,0.431101
2.56636,0.311099,-0.666741,1.89158,-0.226511,0.651144,0.43542
2.56836,0.312206,-0.670528,1.89199,-0.231254,0.653508,0.440451
2.57043,0.313391,-0.674447,1.89233,-0.236803,0.655539,0.445515
2.57178,0.314365,-0.67759,1.89275,-0.240269,0.65783,0.449349
2.5742,0.315597,-0.681823,1.89308,-0.246164,0.660064,0.455022
2.57606,0.316699,-0.685495,1.89344,-0.250799,0.662317,0.45973
2.5779,0.317779,-0.689137,1.89381,-0.255317,0.66467,0.464361
2.57977,0.318904,-0.692804,1.89414,-0.259993,0.666816,0.469073
2.58162,0.319998,-0.696452,1.89448,-0.264534,0.669107,0.473702
2.58345,0.321099,-0.700086,1.89481,-0.269069,0.671364,0.478317
2.58528,0.322194,-0.70371,1.89512,-0.273565,0.673638,0.482898
2.58711,0.323289,-0.707339,1.89544,-0.278026,0.67595,0.487456
2.58893,0.324382,-0.710957,1.89574,-0.282466,0.678243,0.491987
2.59075,0.325476,-0.71457,1.89604,-0.286883,0.68054,0.496497
2.59251,0.32655,-0.718121,1.89633,-0.291095,0.682867,0.500906
2.59437,0.32766,-0.721774,1.8966,-0.295633,0.685154,0.505441
2.59617,0.328749,-0.725366,1.89687,-0.29997,0.687466,0.509881
2.59795,0.32984,-0.728945,1.89713,-0.304294,0.689758,0.514303
2.59936,0.330812,-0.732128,1.89744,-0.307609,0.692159,0.518026
2.60118,0.331917,-0.735739,1.89767,-0.311984,0.694442,0.522471
2.60324,0.333054,-0.739582,1.89789,-0.316693,0.69689,0.527312
2.60508,0.334184,-0.743222,1.8981,-0.321271,0.699104,0.531734
2.60685,0.335271,-0.746775,1.89832,-0.325455,0.701443,0.536036
2.60815,0.336236,-0.749826,1.89858,-0.328442,0.703715,0.539542
2.61038,0.337432,-0.753866,1.89873,-0.333747,0.706143,0.544575
2.61214,0.338515,-0.7574,1.89892,-0.337857,0.708496,0.548812
2.61389,0.339596,-0.760929,1.89911,-0.341942,0.710854,0.553027
2.61563,0.340676,-0.764452,1.89929,-0.346003,0.713216,0.557221
2.61714,0.34172,-0.767711,1.89947,-0.349526,0.715418,0.561019
2.61912,0.342832,-0.771481,1.89962,-0.354051,0.717952,0.565546
2.62085,0.343911,-0.774984,1.89977,-0.358038,0.720326,0.569675
2.62228,0.344935,-0.778155,1.89995,-0.361297,0.72253,0.573311
2.624,0.346011,-0.781635,1.90008,-0.365225,0.724894,0.577379
2.62602,0.347141,-0.785456,1.90018,-0.369871,0.727438,0.581948
2.62774,0.348211,-0.788943,1.9003,-0.373756,0.729855,0.585997
2.62946,0.349286,-0.792421,1.90042,-0.377627,0.732245,0.590025
2.63117,0.350359,-0.79589,1.90052,-0.381473,0.734638,0.594032
2.63288,0.351433,-0.799357,1.90062,-0.385298,0.737034,0.598021
2.63459,0.352506,-0.802818,1.9007,-0.389101,0.739433,0.601989
2.63629,0.35358,-0.806274,1.90078,-0.392881,0.741834,0.605939
2.63799,0.354651,-0.809722,1.90085,-0.396635,0.744238,0.609866
2.63968,0.355726,-0.813163,1.90091,-0.400385,0.746629,0.613788
2.64138,0.356793,-0.816603,1.90097,-0.404085,0.749054,0.617673
2.64307,0.357866,-0.820039,1.90102,-0.407776,0.751465,0.621545
2.64476,0.358937,-0.823467,1.90106,-0.411442,0.753878,0.625395
2.64625,0.359993,-0.826687,1.90109,-0.414821,0.756078,0.628924
2.64791,0.361062,-0.830047,1.90113,-0.418234,0.758459,0.632706
2.64982,0.362157,-0.833723,1.90112,-0.422335,0.761115,0.636853
2.65115,0.363158,-0.836734,1.90118,-0.425046,0.763319,0.640074
2.65319,0.364297,-0.840537,1.90113,-0.429461,0.765972,0.644377
2.65487,0.365371,-0.843936,1.90112,-0.433001,0.768395,0.648116
2.65655,0.366445,-0.847332,1.9011,-0.43652,0.770819,0.651837
2.65822,0.367519,-0.850721,1.90107,-0.440015,0.773245,0.655538
2.6599,0.368594,-0.854107,1.90104,-0.443492,0.775672,0.659223
2.6599,0.36897,-0.856634,1.901,-0.447191,0.77852,0.664136
2.66157,0.370037,-0.860014,1.90095,-0.450625,0.780956,0.667793
2.66324,0.371104,-0.863386,1.90089,-0.454035,0.783393,0.671429
2.66491,0.372172,-0.866756,1.90082,-0.457427,0.785831,0.67505
2.66658,0.373242,-0.870121,1.90075,-0.460799,0.788269,0.678653
2.66823,0.374314,-0.873473,1.90067,-0.464162,0.790691,0.682245
2.6699,0.375379,-0.876832,1.90058,-0.467482,0.793149,0.68581
2.67155,0.376455,-0.880164,1.90048,-0.470802,0.795549,0.689355
2.67322,0.377523,-0.883523,1.90037,-0.474101,0.798022,0.69291
2.67489,0.378594,-0.886867,1.90026,-0.477363,0.800471,0.696419
2.67652,0.379674,-0.890165,1.90014,-0.480618,0.802838,0.699892
2.67792,0.380698,-0.893182,1.90006,-0.483092,0.805092,0.70298
2.67987,0.381826,-0.896848,1.89987,-0.487075,0.807762,0.706869
2.68117,0.382826,-0.899805,1.89977,-0.489587,0.809956,0.709762
2.68321,0.383984,-0.903504,1.89957,-0.493439,0.812667,0.713743
2.68452,0.385004,-0.906439,1.89946,-0.495918,0.814798,0.716633
2.68654,0.386159,-0.910121,1.89924,-0.499752,0.817518,0.720559
2.68796,0.38719,-0.913172,1.8991,-0.502384,0.819781,0.723559
2.69123,0.389037,-0.917156,1.89895,-0.505013,0.821828,0.725408
2.69322,0.390268,-0.920755,1.89869,-0.5089,0.824266,0.72932
2.69492,0.391371,-0.924061,1.89849,-0.511969,0.826723,0.732647
2.6966,0.392483,-0.927338,1.89828,-0.515035,0.829128,0.735957
2.69827,0.393592,-0.930613,1.89806,-0.51807,0.831548,0.739246
2.69991,0.394708,-0.933846,1.89784,-0.521087,0.833892,0.742485
2.70145,0.395805,-0.936946,1.89763,-0.523773,0.836148,0.745537
2.70334,0.396943,-0.940428,1.89737,-0.52707,0.838807,0.749003
2.705,0.398072,-0.943658,1.89712,-0.530045,0.841164,0.75221
2.7066,0.399222,-0.946806,1.89686,-0.532988,0.843341,0.75535
2.70842,0.400331,-0.950189,1.8966,-0.535924,0.846024,0.75861
2.71012,0.401468,-0.953436,1.89634,-0.538842,0.848425,0.761777
2.71182,0.40261,-0.956674,1.89606,-0.541742,0.850821,0.764926
2.7135,0.403757,-0.959894,1.89577,-0.544638,0.853188,0.768065
2.71522,0.404903,-0.963135,1.89548,-0.547499,0.855604,0.771186
2.71689,0.40606,-0.966321,1.89518,-0.550362,0.857921,0.774272
2.71863,0.407212,-0.969572,1.89487,-0.553189,0.860374,0.777377
2.72034,0.408376,-0.972779,1.89455,-0.556022,0.862744,0.780457
2.72203,0.409541,-0.97597,1.89423,-0.558829,0.865095,0.783505
2.72348,0.410679,-0.978896,1.89393,-0.56125,0.867148,0.786239
2.72548,0.411888,-0.982375,1.89356,-0.564397,0.869855,0.789577
2.72683,0.412952,-0.985225,1.89328,-0.56647,0.872016,0.79204
2.72893,0.414257,-0.988753,1.89286,-0.569895,0.874588,0.795566
2.73066,0.415452,-0.991931,1.8925,-0.572628,0.876939,0.798537
2.73236,0.416651,-0.995073,1.89213,-0.575352,0.87924,0.801486
2.73412,0.417854,-0.998263,1.89176,-0.578046,0.88163,0.804436
2.73586,0.419067,-1.00142,1.89137,-0.580736,0.883964,0.80736
2.7376,0.420285,-1.00457,1.89098,-0.583411,0.886296,0.810267
2.73935,0.421509,-1.00771,1.89058,-0.586069,0.88862,0.813156
2.7411,0.422741,-1.01085,1.89018,-0.588717,0.890938,0.816031
2.74284,0.423979,-1.01398,1.88976,-0.591352,0.893251,0.818891
2.7446,0.425224,-1.0171,1.88934,-0.593973,0.895557,0.821735
2.74635,0.426473,-1.02022,1.88891,-0.596577,0.897859,0.82456
2.74811,0.427733,-1.02332,1.88848,-0.599173,0.900151,0.827373
2.74974,0.42903,-1.02626,1.88804,-0.601664,0.902113,0.83016
2.75164,0.430271,-1.02952,1.88758,-0.604323,0.904721,0.832949
2.7534,0.431551,-1.0326,1.88712,-0.606879,0.906991,0.835713
2.75515,0.432836,-1.03566,1.88666,-0.609432,0.90923,0.838465
2.75692,0.434126,-1.03873,1.88619,-0.611963,0.911512,0.841212
2.7587,0.435426,-1.0418,1.88571,-0.614476,0.913777,0.843929
2.76048,0.436735,-1.04485,1.88522,-0.616982,0.916024,0.846632
2.76226,0.438053,-1.04789,1.88472,-0.619478,0.918262,0.849319
2.76404,0.43938,-1.05092,1.88422,-0.621963,0.920489,0.851992
2.76576,0.440709,-1.05389,1.88371,-0.62445,0.922632,0.854637
2.76754,0.442046,-1.0569,1.8832,-0.626911,0.924845,0.857284
2.76938,0.443398,-1.05995,1.88267,-0.629348,0.927137,0.859932
2.77115,0.444755,-1.06293,1.88214,-0.631798,0.929314,0.862551
2.77295,0.44612,-1.06593,1.88161,-0.634219,0.931527,0.865151
2.77474,0.447496,-1.0689,1.88106,-0.636637,0.933708,0.867733
2.77654,0.448882,-1.07186,1.88051,-0.639046,0.935879,0.870303
2.77831,0.450272,-1.07479,1.87995,-0.641455,0.938015,0.872862
2.7801,0.451671,-1.07773,1.87938,-0.643843,0.940175,0.875409
2.78191,0.453078,-1.08067,1.87881,-0.646217,0.942346,0.877946
2.78371,0.454497,-1.08359,1.87823,-0.64858,0.94449,0.880455
2.78547,0.455921,-1.08647,1.87764,-0.650951,0.946571,0.882952
2.78703,0.457333,-1.08915,1.87707,-0.653129,0.948345,0.885333
2.7891,0.458809,-1.09227,1.87644,-0.65563,0.950847,0.887913
2.7909,0.460267,-1.09515,1.87583,-0.657963,0.952946,0.89037
2.79271,0.461735,-1.098,1.87522,-0.660287,0.955036,0.892815
2.79422,0.46317,-1.10058,1.87464,-0.662366,0.956711,0.895112
2.79631,0.464696,-1.10368,1.87396,-0.664906,0.959187,0.897661
2.79808,0.466183,-1.10648,1.87333,-0.667214,0.961203,0.900065
2.7999,0.467687,-1.1093,1.87268,-0.669499,0.963293,0.902471
2.80168,0.469194,-1.11209,1.87203,-0.671782,0.965316,0.90485
2.80351,0.470716,-1.11489,1.87137,-0.674042,0.967385,0.907217
2.80522,0.472228,-1.11757,1.87073,-0.676153,0.969309,0.909504
2.80708,0.473786,-1.12039,1.87004,-0.678572,0.971397,0.911921
2.80889,0.475338,-1.12314,1.86936,-0.680815,0.973422,0.91425
2.81069,0.476898,-1.12587,1.86867,-0.683055,0.975414,0.916566
2.81249,0.478468,-1.12858,1.86798,-0.68529,0.977395,0.918873
2.81427,0.480043,-1.13127,1.86728,-0.687523,0.979355,0.921175
2.81607,0.481631,-1.13396,1.86657,-0.689737,0.981333,0.923455
2.81785,0.483226,-1.13662,1.86586,-0.691953,0.983278,0.925735
2.81863,0.483816,-1.13928,1.86514,-0.693939,0.985977,0.929076
2.8187,0.483672,-1.14193,1.86441,-0.695754,0.989212,0.93319
2.8187,0.483443,-1.1446,1.86368,-0.697525,0.992509,0.937375
2.8187,0.483193,-1.14728,1.86294,-0.699263,0.995821,0.941561
2.8187,0.482925,-1.14997,1.86219,-0.700974,0.999146,0.945751
2.81871,0.482867,-1.15239,1.86151,-0.702297,1.0019,0.94956
2.81871,0.482401,-1.15527,1.86073,-0.703997,1.00567,0.953562
2.81871,0.482,-1.15811,1.85991,-0.705919,1.00921,0.958332
2.81871,0.481647,-1.16085,1.85913,-0.707504,1.0126,0.962534
2.81871,0.481387,-1.16342,1.85843,-0.708622,1.01574,0.9659
2.8187,0.480885,-1.16636,1.85756,-0.710584,1.01941,0.970948
2.81871,0.480475,-1.16914,1.85677,-0.712077,1.02283,0.975157
2.81871,0.480039,-1.17193,1.85597,-0.713535,1.02628,0.979372
2.81871,0.479624,-1.17467,1.85519,-0.714825,1.02964,0.983314
2.81871,0.479102,-1.17755,1.85435,-0.716359,1.03321,0.98782
2.81871,0.478596,-1.18039,1.85353,-0.717721,1.0367,0.992053
2.81871,0.478068,-1.18324,1.8527,-0.719048,1.04021,0.99629
2.81871,0.477796,-1.18587,1.85189,-0.720474,1.04309,1.00032
2.81871,0.476943,-1.18898,1.85103,-0.721607,1.04727,1.00479
2.81871,0.476341,-1.19188,1.85018,-0.722834,1.05083,1.00905
2.81871,0.475714,-1.1948,1.84933,-0.724026,1.0544,1.01331
2.81871,0.475146,-1.19761,1.84851,-0.724941,1.05782,1.01706
2.81871,0.474384,-1.20068,1.8476,-0.726309,1.06161,1.02187
2.81871,0.473779,-1.2035,1.84678,-0.727109,1.06502,1.02554
2.81871,0.473025,-1.20652,1.84589,-0.728232,1.06872,1.02999
2.81871,0.472325,-1.20943,1.84504,-0.729068,1.07225,1.03391
2.81871,0.471398,-1.21265,1.84407,-0.730446,1.07623,1.03911
2.81871,0.47096,-1.2153,1.84327,-0.731131,1.07911,1.04281
2.81871,0.469727,-1.21877,1.84227,-0.73229,1.08366,1.04779
2.81871,0.468989,-1.22165,1.84143,-0.732786,1.08711,1.0513
2.81871,0.467961,-1.22493,1.84045,-0.733938,1.09112,1.05641
2.81871,0.466994,-1.22809,1.83951,-0.734774,1.09495,1.06092
2.81871,0.466475,-1.23083,1.83864,-0.735638,1.0978,1.0648
2.81871,0.465006,-1.23443,1.83764,-0.73623,1.1026,1.06974
2.81871,0.464267,-1.23728,1.8368,-0.736585,1.10581,1.07352
2.8187,0.462875,-1.24086,1.83575,-0.737521,1.11033,1.07863
2.81871,0.461764,-1.24411,1.8348,-0.738105,1.11423,1.08309
2.81871,0.460778,-1.24717,1.83392,-0.738283,1.11782,1.08667
2.8187,0.459412,-1.25071,1.83287,-0.739142,1.12211,1.0921
2.81871,0.458182,-1.25405,1.83189,-0.739595,1.12608,1.09662
2.81871,0.456983,-1.25732,1.83095,-0.739864,1.12995,1.10081
2.8187,0.456089,-1.26038,1.82998,-0.740585,1.13314,1.10537
2.81871,0.454235,-1.26425,1.82893,-0.740675,1.13817,1.11035
2.81871,0.452832,-1.26772,1.82793,-0.740941,1.14226,1.11497
2.81871,0.451384,-1.27122,1.82693,-0.741155,1.14638,1.11962
2.81871,0.450078,-1.27452,1.826,-0.741008,1.15017,1.1234
2.81871,0.448397,-1.27827,1.82492,-0.74136,1.15461,1.12877
2.81871,0.446749,-1.28194,1.82387,-0.741498,1.15892,1.13374
2.81871,0.445292,-1.28536,1.82292,-0.741219,1.16281,1.13764
2.81869,0.443703,-1.28899,1.82186,-0.741484,1.16687,1.14321
2.81871,0.441815,-1.29282,1.82084,-0.741112,1.17145,1.14738
2.81871,0.439893,-1.29673,1.81974,-0.741109,1.17599,1.15274
2.81871,0.438085,-1.30048,1.81872,-0.740798,1.18026,1.15736
2.81871,0.436003,-1.30453,1.8176,-0.740682,1.18494,1.16288
2.81871,0.434004,-1.30846,1.81653,-0.740337,1.18941,1.16787
2.81867,0.43239,-1.31204,1.81549,-0.740286,1.19308,1.17246
2.81871,0.429783,-1.31649,1.81438,-0.739441,1.19849,1.17801
2.81871,0.427635,-1.32051,1.81332,-0.738821,1.20298,1.18288
2.81871,0.425612,-1.32444,1.81226,-0.738347,1.20718,1.18798
2.81871,0.422879,-1.329,1.81111,-0.737561,1.21248,1.1936
2.81871,0.420579,-1.33311,1.81006,-0.736645,1.21698,1.19833
2.81865,0.418502,-1.3371,1.80895,-0.736428,1.22095,1.20389
2.81871,0.415205,-1.34212,1.80779,-0.734975,1.22695,1.20974
2.81871,0.412503,-1.34661,1.80668,-0.733908,1.23182,1.2151
2.81871,0.409589,-1.35129,1.80554,-0.732806,1.23691,1.22086
2.81871,0.406874,-1.35572,1.80449,-0.731409,1.2416,1.22569
2.81869,0.403833,-1.36054,1.8033,-0.730475,1.24666,1.23223
2.81871,0.400394,-1.36564,1.80216,-0.728748,1.25226,1.23789
2.81871,0.396924,-1.37079,1.80098,-0.727235,1.25774,1.24417
2.81871,0.394201,-1.37529,1.79989,-0.726061,1.26202,1.24977
2.81871,0.389732,-1.38126,1.79866,-0.723731,1.26869,1.25649
2.81871,0.385881,-1.38671,1.7975,-0.72177,1.27433,1.26285
2.81868,0.3818,-1.39233,1.79633,-0.719632,1.28011,1.26939
2.81871,0.37767,-1.39802,1.79516,-0.717356,1.28586,1.27582
2.81871,0.373107,-1.40408,1.79396,-0.714905,1.29199,1.28288
2.81871,0.368809,-1.40991,1.7928,-0.712527,1.29762,1.28969
2.81871,0.363347,-1.41671,1.79158,-0.709351,1.30455,1.29724
2.81871,0.358008,-1.42342,1.79038,-0.70622,1.3111,1.30479
2.81871,0.352398,-1.43035,1.78919,-0.702809,1.31778,1.31243
2.81871,0.346159,-1.43784,1.78796,-0.699071,1.32495,1.32086
2.8187,0.339514,-1.44566,1.78674,-0.694959,1.33231,1.32949
2.81871,0.332672,-1.45361,1.78557,-0.690463,1.33962,1.33784
2.81871,0.324581,-1.46269,1.78432,-0.685374,1.34794,1.34785
2.81871,0.31578,-1.47236,1.7831,-0.679645,1.35659,1.35821
2.81871,0.30537,-1.48344,1.78183,-0.67293,1.36636,1.37027
2.81868,0.293183,-1.49602,1.78057,-0.664894,1.37717,1.38372
2.81871,0.278708,-1.51059,1.77933,-0.655101,1.38923,1.39884
2.81871,0.257438,-1.53103,1.77805,-0.640756,1.40557,1.42017
2.4552,-0.217129,-1.57244,1.77679,-0.278724,1.62943,1.86238
2.44649,-0.217557,-1.5657,1.77552,-0.276904,1.63145,1.86546
2.43767,-0.218093,-1.55886,1.77425,-0.274733,1.63358,1.86872
2.42893,-0.218765,-1.5522,1.77297,-0.27248,1.63572,1.87208
2.42024,-0.219556,-1.54569,1.77168,-0.270123,1.63786,1.87556
2.41162,-0.220447,-1.53933,1.77039,-0.267689,1.64001,1.87912
2.40306,-0.221438,-1.53309,1.7691,-0.265162,1.64217,1.88278
2.39457,-0.222517,-1.52698,1.7678,-0.262541,1.64434,1.88653
2.38619,-0.22368,-1.52104,1.76649,-0.259867,1.64649,1.89034
2.37784,-0.224928,-1.51519,1.76517,-0.257068,1.64868,1.89425
2.32828,-0.156514,-1.40753,1.76386,-0.316288,1.6301,1.82735
2.32039,-0.16015,-1.40413,1.76253,-0.31168,1.63318,1.83355
2.31262,-0.163681,-1.40075,1.76121,-0.307149,1.63619,1.83963
2.30497,-0.167155,-1.39741,1.75987,-0.30263,1.63914,1.84565
2.29743,-0.17055,-1.39412,1.75853,-0.298167,1.64203,1.8516
2.28999,-0.173875,-1.39086,1.75718,-0.293747,1.64486,1.85747
2.28265,-0.17713,-1.38763,1.75583,-0.289369,1.64764,1.86328
2.27541,-0.180325,-1.38442,1.75448,-0.285025,1.65037,1.86902
2.26825,-0.183447,-1.38123,1.75312,-0.280739,1.65304,1.87469
2.26117,-0.186529,-1.37808,1.75175,-0.276451,1.65566,1.88031
2.2542,-0.189553,-1.37497,1.75038,-0.272208,1.65824,1.88588
2.24729,-0.192529,-1.37187,1.749,-0.267992,1.66077,1.89139
2.24045,-0.195525,-1.36885,1.74761,-0.263742,1.66333,1.89663
2.2337,-0.198325,-1.36575,1.74623,-0.259672,1.66569,1.90225
2.22702,-0.201162,-1.36272,1.74484,-0.255519,1.66809,1.90763
2.2204,-0.203958,-1.35972,1.74344,-0.251406,1.67044,1.91295
2.21385,-0.206713,-1.35674,1.74204,-0.247317,1.67276,1.91823
2.20736,-0.20942,-1.35377,1.74063,-0.243269,1.67503,1.92346
2.20093,-0.21209,-1.35081,1.73922,-0.239227,1.67727,1.92865
2.19456,-0.214736,-1.34789,1.7378,-0.235194,1.67946,1.93382
2.18826,-0.217347,-1.345,1.73637,-0.231186,1.68162,1.93894
2.182,-0.219916,-1.34211,1.73494,-0.227218,1.68375,1.94402
2.17581,-0.222452,-1.33924,1.73351,-0.223266,1.68583,1.94906
2.16966,-0.22497,-1.33638,1.73207,-0.219287,1.68788,1.95409
2.16357,-0.227447,-1.33356,1.73062,-0.215388,1.68989,1.95905
2.15752,-0.229909,-1.33072,1.72917,-0.211434,1.69188,1.96403
2.15153,-0.232338,-1.32793,1.72772,-0.207529,1.69383,1.96895
2.14559,-0.234743,-1.32515,1.72626,-0.203637,1.69575,1.97385
2.13963,-0.237197,-1.32252,1.72473,-0.200108,1.69775,1.97875
2.13383,-0.239477,-1.31963,1.72332,-0.195897,1.69948,1.98355
2.12804,-0.241796,-1.31692,1.72185,-0.192103,1.70129,1.98833
2.12249,-0.243977,-1.31445,1.72042,-0.188821,1.70278,1.99312
2.11653,-0.246383,-1.31145,1.71888,-0.184423,1.70485,1.99788
2.1109,-0.248578,-1.30878,1.71741,-0.180755,1.70646,2.00274
2.10519,-0.250882,-1.30606,1.71589,-0.17681,1.70827,2.00731
2.09959,-0.253096,-1.3034,1.71439,-0.173059,1.70993,2.01197
2.09401,-0.255293,-1.30071,1.71288,-0.169258,1.71158,2.01664
2.08847,-0.25747,-1.29805,1.71137,-0.165496,1.71319,2.02127
2.08298,-0.259631,-1.29541,1.70985,-0.161743,1.71477,2.02587
2.07753,-0.261771,-1.29279,1.70833,-0.158027,1.71632,2.03045
2.0721,-0.263898,-1.29017,1.70681,-0.154276,1.71785,2.03502
2.06671,-0.266008,-1.28757,1.70527,-0.150556,1.71935,2.03956
2.06136,-0.268099,-1.28499,1.70374,-0.146847,1.72082,2.04408
2.05603,-0.270171,-1.2824,1.7022,-0.143155,1.72227,2.04858
2.05091,-0.272099,-1.27998,1.70072,-0.139879,1.72341,2.05318
2.04548,-0.27427,-1.27727,1.6991,-0.135795,1.72508,2.05751
2.04026,-0.276292,-1.27471,1.69754,-0.13213,1.72645,2.06194
2.03506,-0.278306,-1.27217,1.69598,-0.128463,1.72779,2.06636
2.0299,-0.280302,-1.26965,1.69442,-0.124844,1.7291,2.07075
2.02497,-0.28221,-1.26726,1.69293,-0.121181,1.73012,2.07478
2.01966,-0.284254,-1.26461,1.69127,-0.117558,1.73166,2.07949
2.01457,-0.286208,-1.2621,1.68969,-0.113931,1.7329,2.08383
2.00952,-0.288149,-1.2596,1.6881,-0.110326,1.73411,2.08815
2.0045,-0.290081,-1.25712,1.68651,-0.106708,1.73531,2.09247
1.99951,-0.291999,-1.25465,1.68492,-0.103111,1.73647,2.09675
1.99454,-0.293903,-1.25218,1.68331,-0.0995383,1.73762,2.10101
1.9896,-0.295797,-1.24972,1.68171,-0.0959439,1.73874,2.10528
1.98468,-0.297681,-1.24728,1.6801,-0.0923706,1.73983,2.10951
1.9798,-0.299548,-1.24483,1.67848,-0.0888166,1.74091,2.11373
1.97503,-0.301412,-1.24267,1.67688,-0.0857297,1.74187,2.11781
1.97012,-0.303234,-1.24006,1.67525,-0.0819439,1.74294,2.12222
1.96528,-0.305098,-1.23757,1.67361,-0.0781647,1.74399,2.12629
1.96049,-0.306921,-1.23516,1.67197,-0.0746476,1.74498,2.13044
1.95572,-0.308735,-1.23276,1.67034,-0.0711288,1.74594,2.13457
1.95098,-0.310543,-1.23036,1.66869,-0.0676013,1.74687,2.1387
1.94626,-0.312341,-1.22798,1.66704,-0.0640925,1.74779,2.14281
1.94157,-0.314127,-1.2256,1.66539,-0.0605929,1.74869,2.1469
1.93697,-0.315866,-1.2234,1.66376,-0.0574825,1.74944,2.15103
1.93224,-0.317675,-1.22088,1.66206,-0.0536134,1.75041,2.15503
1.92761,-0.319436,-1.21853,1.6604,-0.0501351,1.75124,2.15908
1.92301,-0.321183,-1.21618,1.65873,-0.0466886,1.75205,2.16309
1.91842,-0.322924,-1.21383,1.65705,-0.0432074,1.75284,2.16712
1.91385,-0.324655,-1.2115,1.65536,-0.0397588,1.75361,2.17112
1.90931,-0.32638,-1.20917,1.65368,-0.0363081,1.75436,2.17511
1.90478,-0.328094,-1.20685,1.65198,-0.0328758,1.75509,2.17907
1.90028,-0.329801,-1.20453,1.65029,-0.0294401,1.75579,2.18303
1.8958,-0.331503,-1.20223,1.64859,-0.0260142,1.75648,2.18697
1.89135,-0.333176,-1.20004,1.64689,-0.0229649,1.75711,2.19108
1.88689,-0.334882,-1.19764,1.64517,-0.0191843,1.75779,2.19482
1.88247,-0.336559,-1.19536,1.64345,-0.0157817,1.75842,2.19872
1.84111,-0.311084,-1.129,1.64173,-0.0457474,1.75813,2.171
1.83776,-0.313453,-1.12843,1.64001,-0.041581,1.75885,2.17566
1.83364,-0.315309,-1.12656,1.63828,-0.0380613,1.75953,2.17972
1.82955,-0.317151,-1.12469,1.63655,-0.034547,1.76019,2.18375
1.82546,-0.318985,-1.12283,1.63481,-0.0310472,1.76082,2.18777
1.82138,-0.32081,-1.12095,1.63306,-0.0275342,1.76144,2.19179
1.81733,-0.322627,-1.11909,1.63131,-0.0240343,1.76203,2.19579
1.81329,-0.324434,-1.11722,1.62956,-0.0205504,1.76261,2.19976
1.80925,-0.326232,-1.11535,1.6278,-0.0170792,1.76317,2.20372
1.80524,-0.328023,-1.11349,1.62604,-0.0136089,1.7637,2.20767
1.80125,-0.329817,-1.11174,1.62427,-0.010432,1.76422,2.21165
1.79725,-0.331579,-1.10976,1.6225,-0.00670037,1.76471,2.21553
1.79328,-0.333344,-1.10791,1.62073,-0.00328786,1.76519,2.21941
1.78931,-0.335099,-1.10603,1.61894,0.000162265,1.76565,2.22331
1.78536,-0.336847,-1.10416,1.61716,0.00357155,1.76608,2.22717
1.78142,-0.338586,-1.10229,1.61537,0.00700467,1.7665,2.23104
1.77759,-0.340273,-1.10063,1.61363,0.00992565,1.76675,2.23492
1.77414,-0.342409,-1.0995,1.61177,0.0142861,1.76728,2.23915
1.77024,-0.344128,-1.09763,1.60996,0.0176764,1.76764,2.24297
1.76636,-0.345836,-1.09577,1.60816,0.0210555,1.76798,2.24676
1.76258,-0.347474,-1.09408,1.60642,0.023979,1.76812,2.25059
1.75862,-0.349234,-1.09204,1.60453,0.0277842,1.76862,2.25431
1.75477,-0.350922,-1.09018,1.6027,0.0311453,1.7689,2.25807
1.75093,-0.352603,-1.08832,1.60088,0.0344913,1.76917,2.26181
1.74711,-0.354277,-1.08645,1.59905,0.0378293,1.76943,2.26554
1.74329,-0.355946,-1.08459,1.59721,0.0411589,1.76966,2.26926
1.73949,-0.357609,-1.08273,1.59537,0.0444818,1.76987,2.27296
1.73571,-0.359263,-1.08088,1.59352,0.0477951,1.77007,2.27664
1.73193,-0.360913,-1.07903,1.59167,0.0510902,1.77026,2.28031
1.72817,-0.362556,-1.07717,1.58981,0.0543974,1.77042,2.28397
1.72441,-0.364195,-1.07532,1.58795,0.0576878,1.77057,2.28762
1.72067,-0.365824,-1.07346,1.58609,0.0609657,1.7707,2.29125
1.71694,-0.367449,-1.07161,1.58422,0.0642327,1.77082,2.29486
1.71322,-0.369068,-1.06975,1.58235,0.0675023,1.77092,2.29847
1.70952,-0.370683,-1.06791,1.58047,0.0707591,1.77099,2.30206
1.70583,-0.372292,-1.06607,1.57859,0.074008,1.77106,2.30564
1.70215,-0.373896,-1.06422,1.5767,0.0772429,1.77111,2.3092
1.69847,-0.375495,-1.06238,1.57481,0.0804819,1.77114,2.31276
1.85939,-0.765338,-1.62675,1.57291,0.543738,1.64057,2.71675
1.85642,-0.764837,-1.62404,1.57102,0.545312,1.64028,2.71798
1.85358,-0.764234,-1.62133,1.56922,0.546642,1.63976,2.71953
1.85054,-0.763759,-1.61861,1.56728,0.548171,1.63957,2.72092
1.84751,-0.763308,-1.61589,1.56532,0.549797,1.63934,2.72216
1.84459,-0.762808,-1.61314,1.56342,0.551477,1.63891,2.72334
1.84156,-0.762449,-1.61049,1.56144,0.55325,1.63862,2.72424
1.83858,-0.761996,-1.60778,1.55951,0.554854,1.63825,2.7255
1.83559,-0.761557,-1.60508,1.55758,0.556452,1.63788,2.72677
1.83261,-0.76113,-1.60239,1.55564,0.558045,1.63751,2.72802
1.82963,-0.760706,-1.59969,1.5537,0.559651,1.63711,2.72929
1.82664,-0.760295,-1.597,1.55175,0.561253,1.63672,2.73056
1.8238,-0.759772,-1.59432,1.54993,0.562632,1.63605,2.73208
1.82066,-0.759498,-1.59164,1.54785,0.564466,1.63589,2.7331
1.81766,-0.759114,-1.58896,1.54589,0.566077,1.63546,2.73437
1.81467,-0.758744,-1.58629,1.54392,0.567677,1.63503,2.73564
1.81175,-0.758287,-1.58361,1.54203,0.569054,1.63446,2.73725
1.80879,-0.758011,-1.58113,1.54014,0.57049,1.63386,2.73834
1.80567,-0.757679,-1.57829,1.538,0.572506,1.63365,2.73948
1.80279,-0.757217,-1.57561,1.53613,0.573877,1.63299,2.74112
1.79967,-0.757012,-1.57298,1.53403,0.575744,1.63269,2.74205
1.79674,-0.756635,-1.57035,1.53212,0.577146,1.63207,2.74356
1.79367,-0.756374,-1.56766,1.53004,0.579009,1.63169,2.74462
1.79066,-0.756066,-1.56501,1.52804,0.580648,1.63117,2.74591
1.78766,-0.755738,-1.56233,1.52603,0.582241,1.63066,2.74717
1.78465,-0.755375,-1.5596,1.52402,0.583786,1.63017,2.74839
1.78176,-0.755024,-1.55704,1.52215,0.585082,1.6294,2.74996
1.77863,-0.754839,-1.55435,1.51999,0.58705,1.62907,2.75097
1.77562,-0.754529,-1.55166,1.51796,0.588643,1.62853,2.75223
1.77261,-0.75415,-1.54889,1.51594,0.590138,1.62804,2.75341
1.76959,-0.753917,-1.54628,1.5139,0.591772,1.62746,2.7547
1.76658,-0.753637,-1.54361,1.51186,0.593378,1.62689,2.75597
1.76356,-0.753255,-1.54082,1.50982,0.594845,1.62638,2.75712
1.76055,-0.753047,-1.53822,1.50777,0.596487,1.62578,2.75842
1.75753,-0.752769,-1.53553,1.50572,0.598068,1.62519,2.75967
1.75457,-0.752645,-1.53318,1.50379,0.599344,1.6244,2.76094
1.7515,-0.752391,-1.53035,1.5016,0.601375,1.62392,2.76227
1.74848,-0.752086,-1.52761,1.49954,0.602893,1.62334,2.76346
1.74553,-0.751872,-1.52511,1.49758,0.604208,1.62256,2.76508
1.74245,-0.751758,-1.52245,1.49539,0.606217,1.62202,2.76607
1.73942,-0.751447,-1.51969,1.49331,0.607698,1.62144,2.76724
1.73647,-0.751272,-1.51719,1.49132,0.609124,1.62062,2.76871
1.73339,-0.751169,-1.51455,1.48914,0.611034,1.62006,2.76985
1.73036,-0.750877,-1.51179,1.48705,0.612511,1.61945,2.77101
1.72748,-0.75071,-1.50931,1.48507,0.614028,1.61846,2.77227
1.72433,-0.750654,-1.5067,1.48285,0.615852,1.61801,2.77362
1.7213,-0.750453,-1.50403,1.48074,0.61742,1.61733,2.77484
1.71827,-0.750157,-1.50124,1.47863,0.618865,1.61672,2.77597
1.7154,-0.749965,-1.49873,1.47666,0.62031,1.61567,2.77746
1.71224,-0.750005,-1.49618,1.47439,0.622213,1.61521,2.77858
1.70922,-0.749933,-1.49364,1.47226,0.623907,1.61444,2.77989
1.7062,-0.749821,-1.49106,1.47013,0.625534,1.61369,2.78115
1.70319,-0.749774,-1.48854,1.468,0.627225,1.6129,2.78246
1.70018,-0.749733,-1.48604,1.46586,0.628916,1.6121,2.78376
1.6972,-0.749984,-1.48389,1.46372,0.630938,1.61112,2.78531
1.69423,-0.750235,-1.48175,1.46157,0.632952,1.61013,2.78685
1.69125,-0.750437,-1.47953,1.45941,0.634904,1.60916,2.78834
1.68826,-0.750527,-1.47718,1.45725,0.636719,1.60826,2.78973
1.68525,-0.750522,-1.47469,1.45509,0.638413,1.60743,2.79102
1.68225,-0.750527,-1.47222,1.45292,0.640099,1.60658,2.79231
1.67942,-0.750403,-1.46977,1.45093,0.641529,1.60537,2.79381
1.67625,-0.750543,-1.46727,1.44857,0.643507,1.60484,2.79491
1.67324,-0.750569,-1.4648,1.44639,0.645207,1.60397,2.7962
1.6704,-0.750489,-1.46236,1.44435,0.646705,1.60277,2.79761
1.66724,-0.750637,-1.45989,1.442,0.648616,1.60219,2.79878
1.66434,-0.750587,-1.45743,1.43991,0.650109,1.60112,2.80036
1.66125,-0.750737,-1.455,1.43761,0.65203,1.60037,2.80136
1.65842,-0.750681,-1.45258,1.43557,0.65353,1.59912,2.80275
1.65526,-0.750869,-1.45013,1.43319,0.655442,1.59853,2.80392
1.66062,-0.845095,-1.56699,1.43097,0.766105,1.53286,2.88022
1.65793,-0.846419,-1.56653,1.42876,0.769417,1.53087,2.88233
1.65539,-0.846087,-1.56421,1.42669,0.770737,1.52968,2.88338
1.65261,-0.845938,-1.56195,1.42443,0.772215,1.52892,2.88429
1.64985,-0.845735,-1.5596,1.42215,0.773789,1.52817,2.88532
1.6472,-0.845439,-1.55717,1.41992,0.775384,1.52723,2.88638
1.64441,-0.845353,-1.555,1.41767,0.776775,1.52645,2.88725
1.6417,-0.845118,-1.55254,1.41533,0.778715,1.52556,2.88787
1.63902,-0.845588,-1.55104,1.41307,0.781028,1.52416,2.88928
1.6363,-0.845404,-1.54872,1.41081,0.782575,1.52325,2.89019
1.63366,-0.847089,-1.54874,1.40855,0.786285,1.52093,2.8925
1.63095,-0.846907,-1.54643,1.40628,0.78784,1.52,2.8934
1.6282,-0.845317,-1.54234,1.40401,0.787759,1.52012,2.89326
1.62548,-0.845156,-1.54004,1.40173,0.789312,1.51918,2.89416
1.62281,-0.84585,-1.53882,1.39944,0.791864,1.51758,2.8957
1.62,-0.84354,-1.53377,1.39715,0.790917,1.51823,2.89501
1.61737,-0.84333,-1.53149,1.39498,0.792205,1.51711,2.89625
1.61465,-0.843214,-1.52921,1.39266,0.793848,1.51611,2.89696
1.61187,-0.84314,-1.52697,1.39034,0.795324,1.51525,2.89797
1.60912,-0.843028,-1.52461,1.38795,0.797154,1.51432,2.89861
1.60625,-0.840519,-1.51921,1.38563,0.795938,1.5151,2.89775
1.6038,-0.844447,-1.52218,1.38331,0.802246,1.51106,2.90161
1.60102,-0.843435,-1.51872,1.38099,0.802746,1.51073,2.90161
1.59824,-0.842554,-1.51542,1.37866,0.80339,1.5103,2.90161
1.59537,-0.840515,-1.51057,1.37633,0.802652,1.51076,2.90161
1.59254,-0.839218,-1.50667,1.37399,0.802776,1.51064,2.90161
1.58974,-0.838402,-1.5034,1.37164,0.80346,1.51016,2.90161
1.58684,-0.836656,-1.49887,1.36929,0.803024,1.51039,2.90161
1.58397,-0.835382,-1.49495,1.36694,0.803136,1.51026,2.90161
1.5811,-0.83412,-1.49102,1.36458,0.803249,1.51012,2.90161
1.57821,-0.832867,-1.48708,1.36221,0.803359,1.50997,2.90161
1.57532,-0.831627,-1.48314,1.35984,0.80347,1.50981,2.90161
1.57241,-0.830391,-1.47919,1.35747,0.803573,1.50965,2.90161
1.56956,-0.829674,-1.47594,1.35509,0.804292,1.50909,2.90161
1.56657,-0.827945,-1.47126,1.3527,0.803769,1.5093,2.90161
1.56366,-0.826961,-1.46759,1.35031,0.804137,1.50895,2.90161
1.56068,-0.825533,-1.46329,1.34791,0.803949,1.50894,2.90161
1.5578,-0.82483,-1.45999,1.34551,0.804637,1.50837,2.90161
1.55475,-0.823161,-1.45529,1.3431,0.804122,1.50853,2.90161
1.55177,-0.821987,-1.45127,1.34069,0.804202,1.50832,2.90161
1.54878,-0.820823,-1.44725,1.33827,0.80428,1.50811,2.90161
1.54578,-0.819667,-1.44322,1.33585,0.804354,1.50788,2.90161
1.54277,-0.818521,-1.43918,1.33342,0.804424,1.50765,2.90161
1.53975,-0.817388,-1.43514,1.33099,0.804497,1.50741,2.90161
1.53681,-0.816711,-1.43174,1.32855,0.805129,1.50682,2.90161
1.53368,-0.815146,-1.42702,1.32611,0.804629,1.50691,2.90161
1.53063,-0.814039,-1.42295,1.32366,0.804691,1.50665,2.90161
