5.15499,2.44415,0.99826,1.70754e+16,8.65931,5.42902,0.0722148,0.117934,-0.126967,1.19427,0.781039
5.15499,2.44415,0.99826,1.70754e+16,8.65931,5.42902,0.0686035,0.117934,-0.126967,1.19427,0.781039
5.15499,2.44415,0.99826,1.70754e+16,8.65931,5.42902,0.0650427,0.117934,-0.126967,1.19427,0.781039
5.15499,2.44415,0.99826,1.70754e+16,8.65931,5.42902,0.0615412,0.117934,-0.126967,1.19427,0.781039
5.15499,2.44415,0.99826,1.70754e+16,8.65931,5.42902,0.0581096,0.117934,-0.126967,1.19427,0.781039
5.15499,2.44415,0.99826,1.70754e+16,8.65931,5.42902,0.0547612,0.117934,-0.126967,1.19427,0.781039
5.15499,2.44415,0.99826,1.70754e+16,8.65931,5.42902,0.0515121,0.117934,-0.126967,1.19427,0.781039
5.15499,2.44415,0.99826,1.70754e+16,8.65931,5.42902,0.0483824,0.117934,-0.126967,1.19427,0.781039
5.15499,2.44415,0.99826,1.70754e+16,8.65931,5.42902,0.0453968,0.117934,-0.126967,1.19427,0.781039
5.15499,2.44415,0.99826,1.70754e+16,8.65931,5.42902,0.0425856,0.117934,-0.126967,1.19427,0.781039
5.15499,2.44415,0.99826,1.70754e+16,8.65931,5.42902,0.0399855,0.117934,-0.126967,1.19427,0.781039
5.15499,2.44415,0.99826,1.70754e+16,8.65931,5.42902,0.0376404,0.117934,-0.126967,1.19427,0.781039
5.15499,2.44415,0.99826,1.70754e+16,8.65931,5.42902,0.0356007,0.117934,-0.126967,1.19427,0.781039
5.15499,2.44415,0.99826,1.70754e+16,8.65931,5.42902,0.0339215,0.117934,-0.126967,1.19427,0.781039
5.15499,2.44415,0.99826,1.70754e+16,8.65931,5.42902,0.0326585,0.117934,-0.126967,1.19427,0.781039
5.15499,2.44415,0.99826,1.70754e+16,8.65931,5.42902,0.0318612,0.117934,-0.126967,1.19427,0.781039
5.15499,2.44415,0.99826,1.70754e+16,8.65931,5.42902,0.0315649,0.117934,-0.126967,1.19427,0.781039
5.15499,2.44415,0.99826,1.70754e+16,8.65931,5.42902,0.0317837,0.117934,-0.126967,1.19427,0.781039
5.15499,2.44415,0.99826,1.70754e+16,8.65931,5.42902,0.0325071,0.117934,-0.126967,1.19427,0.781039
5.15499,2.44415,0.99826,1.70754e+16,8.65931,5.42902,0.0337026,0.117934,-0.126967,1.19427,0.781039
5.15499,2.44415,0.99826,1.70754e+16,8.65931,5.42902,0.0353224,0.117934,-0.126967,1.19427,0.781039
5.15499,2.44415,0.99826,1.70754e+16,8.65931,5.42902,0.0373113,0.117934,-0.126967,1.19427,0.781039
5.15499,2.44415,0.99826,1.70754e+16,8.65931,5.42902,0.0396136,0.117934,-0.126967,1.19427,0.781039
5.15499,2.44415,0.99826,1.70754e+16,8.65931,5.42902,0.0421781,0.117934,-0.126967,1.19427,0.781039
5.15499,2.44415,0.99826,1.70754e+16,8.65931,5.42902,0.04496,0.117934,-0.126967,1.19427,0.781039
5.15499,2.44415,0.99826,1.70754e+16,8.65931,5.42902,0.0479214,0.117934,-0.126967,1.19427,0.781039
5.15499,2.44415,0.99826,1.70754e+16,8.65931,5.42902,0.051031,0.117934,-0.126967,1.19427,0.781039
5.15499,2.44415,0.99826,1.70754e+16,8.65931,5.42902,0.0542634,0.117934,-0.126967,1.19427,0.781039
5.15499,2.44415,0.99826,1.70754e+16,8.65931,5.42902,0.057598,0.117934,-0.126967,1.19427,0.781039
5.15499,2.44415,0.99826,1.70754e+16,8.65931,5.42902,0.0610179,0.117934,-0.126967,1.19427,0.781039
5.15499,2.44415,0.99826,1.70754e+16,8.65931,5.42902,0.0645096,0.117934,-0.126967,1.19427,0.781039
5.15499,2.44415,0.99826,1.70754e+16,8.65931,5.42902,0.068062,0.117934,-0.126967,1.19427,0.781039
5.15499,2.44415,0.99826,1.70754e+16,8.65931,5.42902,0.0716662,0.117934,-0.126967,1.19427,0.781039
5.15499,2.44415,0.99826,1.70754e+16,8.65931,5.42902,0.0753146,0.117934,-0.126967,1.19427,0.781039
5.15499,2.44415,0.99826,1.70754e+16,8.65931,5.42902,0.0790013,0.117934,-0.126967,1.19427,0.781039
5.1968,2.44681,0.999995,0.663304,6.56871e+15,7.23465,0.0248006,0.022915,-0.0263778,1.20254,0.755146
5.1968,2.44681,0.999995,0.663304,6.56871e+15,7.23465,0.0208909,0.022915,-0.0263778,1.20254,0.755146
5.1968,2.44681,0.999995,0.663304,6.56871e+15,7.23465,0.0170422,0.022915,-0.0263778,1.20254,0.755146
5.1968,2.44681,0.999995,0.663304,6.56871e+15,7.23465,0.0133076,0.022915,-0.0263778,1.20254,0.755146
5.1968,2.44681,0.999995,0.663304,6.56871e+15,7.23465,0.00981834,0.022915,-0.0263778,1.20254,0.755146
5.1968,2.44681,0.999995,0.663304,6.56871e+15,7.23465,0.00695386,0.022915,-0.0263778,1.20254,0.755146
5.1968,2.44681,0.999995,0.663304,6.56871e+15,7.23465,0.00574129,0.022915,-0.0263778,1.20254,0.755146
5.1968,2.44681,0.999995,0.663304,6.56871e+15,7.23465,0.00708649,0.022915,-0.0263778,1.20254,0.755146
5.1968,2.44681,0.999995,0.663304,6.56871e+15,7.23465,0.0100062,0.022915,-0.0263778,1.20254,0.755146
5.1968,2.44681,0.999995,0.663304,6.56871e+15,7.23465,0.0135159,0.022915,-0.0263778,1.20254,0.755146
5.1968,2.44681,0.999995,0.663304,6.56871e+15,7.23465,0.0172593,0.022915,-0.0263778,1.20254,0.755146
5.19813,2.44789,0.999995,-0.749669,8.78595e+16,7.21944,0.00654825,0.00439253,-0.00321595,1.20328,0.754905
5.19813,2.44789,0.999995,-0.749669,8.78595e+16,7.21944,0.00601808,0.00439253,-0.00321595,1.20328,0.754905
2.45098,5.20226,0.999996,1.13097,-1.22199e+16,7.24855,0.00637422,0.00228116,0.00133641,1.20456,0.754397
2.45098,5.20226,0.999996,1.13097,-1.22199e+16,7.24855,0.0079045,0.00228116,0.00133641,1.20456,0.754397
5.20181,2.45024,0.999998,-3.88776,-3.31262e+16,7.24293,0.00784753,0.00415844,0.00562549,1.20425,0.754851
5.20181,2.45024,0.999998,-3.88776,-3.31262e+16,7.24293,0.0106806,0.00415844,0.00562549,1.20425,0.754851
5.20181,2.45024,0.999998,-3.88776,-3.31262e+16,7.24293,0.0141143,0.00415844,0.00562549,1.20425,0.754851
5.20181,2.45024,0.999998,-3.88776,-3.31262e+16,7.24293,0.0178046,0.00415844,0.00562549,1.20425,0.754851
5.20181,2.45024,0.999998,-3.88776,-3.31262e+16,7.24293,0.0216205,0.00415844,0.00562549,1.20425,0.754851
5.20181,2.45024,0.999998,-3.88776,-3.31262e+16,7.24293,0.0255056,0.00415844,0.00562549,1.20425,0.754851
5.19114,2.4342,0.999903,0.282345,8.39807e+15,7.16137,0.0198737,0.0201878,0.0206336,1.19736,0.764144
5.19114,2.4342,0.999903,0.282345,8.39807e+15,7.16137,0.022849,0.0201878,0.0206336,1.19736,0.764144
5.19114,2.4342,0.999903,0.282345,8.39807e+15,7.16137,0.026112,0.0201878,0.0206336,1.19736,0.764144
5.19238,2.43535,0.999908,0.307188,5.24537e+15,7.15595,0.0233388,0.0251347,0.0277689,1.1977,0.76378
5.19238,2.43535,0.999908,0.307188,5.24537e+15,7.15595,0.0266852,0.0251347,0.0277689,1.1977,0.76378
5.19658,2.44787,0.999984,4.44916,-1.06036e+17,7.43023,0.0252726,0.0243854,0.0297541,1.2029,0.75396
5.19658,2.44787,0.999984,4.44916,-1.06036e+17,7.43023,0.0292466,0.0243854,0.0297541,1.2029,0.75396
5.19658,2.44787,0.999984,4.44916,-1.06036e+17,7.43023,0.0332366,0.0243854,0.0297541,1.2029,0.75396
5.19658,2.44787,0.999984,4.44916,-1.06036e+17,7.43023,0.0372375,0.0243854,0.0297541,1.2029,0.75396
5.19658,2.44787,0.999984,4.44916,-1.06036e+17,7.43023,0.0412461,0.0243854,0.0297541,1.2029,0.75396
5.19658,2.44787,0.999984,4.44916,-1.06036e+17,7.43023,0.0452603,0.0243854,0.0297541,1.2029,0.75396
5.19658,2.44787,0.999984,4.44916,-1.06036e+17,7.43023,0.0492788,0.0243854,0.0297541,1.2029,0.75396
5.19658,2.44787,0.999984,4.44916,-1.06036e+17,7.43023,0.0533007,0.0243854,0.0297541,1.2029,0.75396
5.19658,2.44787,0.999984,4.44916,-1.06036e+17,7.43023,0.0573251,0.0243854,0.0297541,1.2029,0.75396
5.19658,2.44787,0.999984,4.44916,-1.06036e+17,7.43023,0.0613516,0.0243854,0.0297541,1.2029,0.75396
5.19658,2.44787,0.999984,4.44916,-1.06036e+17,7.43023,0.0653799,0.0243854,0.0297541,1.2029,0.75396
5.19658,2.44787,0.999984,4.44916,-1.06036e+17,7.43023,0.0694096,0.0243854,0.0297541,1.2029,0.75396
5.19658,2.44787,0.999984,4.44916,-1.06036e+17,7.43023,0.0734404,0.0243854,0.0297541,1.2029,0.75396
5.19658,2.44787,0.999984,4.44916,-1.06036e+17,7.43023,0.0774722,0.0243854,0.0297541,1.2029,0.75396
5.19658,2.44787,0.999984,4.44916,-1.06036e+17,7.43023,0.0815049,0.0243854,0.0297541,1.2029,0.75396
5.19658,2.44787,0.999984,4.44916,-1.06036e+17,7.43023,0.0855384,0.0243854,0.0297541,1.2029,0.75396
5.19658,2.44787,0.999984,4.44916,-1.06036e+17,7.43023,0.0895724,0.0243854,0.0297541,1.2029,0.75396
5.19658,2.44787,0.999984,4.44916,-1.06036e+17,7.43023,0.093607,0.0243854,0.0297541,1.2029,0.75396
5.19658,2.44787,0.999984,4.44916,-1.06036e+17,7.43023,0.0976421,0.0243854,0.0297541,1.2029,0.75396
5.19658,2.44787,0.999984,4.44916,-1.06036e+17,7.43023,0.101678,0.0243854,0.0297541,1.2029,0.75396
5.19658,2.44787,0.999984,4.44916,-1.06036e+17,7.43023,0.105713,0.0243854,0.0297541,1.2029,0.75396
5.19658,2.44787,0.999984,4.44916,-1.06036e+17,7.43023,0.10975,0.0243854,0.0297541,1.2029,0.75396
5.19658,2.44787,0.999984,4.44916,-1.06036e+17,7.43023,0.113786,0.0243854,0.0297541,1.2029,0.75396
5.19658,2.44787,0.999984,4.44916,-1.06036e+17,7.43023,0.117823,0.0243854,0.0297541,1.2029,0.75396
5.19658,2.44787,0.999984,4.44916,-1.06036e+17,7.43023,0.12186,0.0243854,0.0297541,1.2029,0.75396
5.1967,2.44699,-2.51189e-16,0.100263,-1.1535e+16,7.19778,0.0732726,0.0678346,0.0824482,1.20008,0.754918
5.1967,2.44699,-2.51189e-16,0.100263,-1.1535e+16,7.19778,0.0773044,0.0678346,0.0824482,1.20008,0.754918
5.1967,2.44699,-2.51189e-16,0.100263,-1.1535e+16,7.19778,0.081337,0.0678346,0.0824482,1.20008,0.754918
5.1967,2.44699,-2.51189e-16,0.100263,-1.1535e+16,7.19778,0.0853704,0.0678346,0.0824482,1.20008,0.754918
5.1967,2.44699,-2.51189e-16,0.100263,-1.1535e+16,7.19778,0.0894044,0.0678346,0.0824482,1.20008,0.754918
5.1967,2.44699,-2.51189e-16,0.100263,-1.1535e+16,7.19778,0.0934389,0.0678346,0.0824482,1.20008,0.754918
5.1967,2.44699,-2.51189e-16,0.100263,-1.1535e+16,7.19778,0.0974739,0.0678346,0.0824482,1.20008,0.754918
5.1967,2.44699,-2.51189e-16,0.100263,-1.1535e+16,7.19778,0.101509,0.0678346,0.0824482,1.20008,0.754918
5.1967,2.44699,-2.51189e-16,0.100263,-1.1535e+16,7.19778,0.105545,0.0678346,0.0824482,1.20008,0.754918
5.1967,2.44699,-2.51189e-16,0.100263,-1.1535e+16,7.19778,0.109581,0.0678346,0.0824482,1.20008,0.754918
5.1967,2.44699,-2.51189e-16,0.100263,-1.1535e+16,7.19778,0.113618,0.0678346,0.0824482,1.20008,0.754918
5.1967,2.44699,-2.51189e-16,0.100263,-1.1535e+16,7.19778,0.117655,0.0678346,0.0824482,1.20008,0.754918
5.1967,2.44699,-2.51189e-16,0.100263,-1.1535e+16,7.19778,0.117655,0.0678346,0.0824482,1.20008,0.754918
5.1967,2.44699,-2.51189e-16,0.100263,-1.1535e+16,7.19778,0.117576,0.0678346,0.0824482,1.20008,0.754918
5.1967,2.44699,-2.51189e-16,0.100263,-1.1535e+16,7.19778,0.117552,0.0678346,0.0824482,1.20008,0.754918
5.1967,2.44699,-2.51189e-16,0.100263,-1.1535e+16,7.19778,0.117582,0.0678346,0.0824482,1.20008,0.754918
5.1967,2.44699,-2.51189e-16,0.100263,-1.1535e+16,7.19778,0.117666,0.0678346,0.0824482,1.20008,0.754918
5.1967,2.44699,-2.51189e-16,0.100263,-1.1535e+16,7.19778,0.117804,0.0678346,0.0824482,1.20008,0.754918
5.1967,2.44699,-2.51189e-16,0.100263,-1.1535e+16,7.19778,0.117996,0.0678346,0.0824482,1.20008,0.754918
5.1967,2.44699,-2.51189e-16,0.100263,-1.1535e+16,7.19778,0.118242,0.0678346,0.0824482,1.20008,0.754918
5.1967,2.44699,-2.51189e-16,0.100263,-1.1535e+16,7.19778,0.118541,0.0678346,0.0824482,1.20008,0.754918
5.1967,2.44699,-2.51189e-16,0.100263,-1.1535e+16,7.19778,0.118893,0.0678346,0.0824482,1.20008,0.754918
5.1967,2.44699,-2.51189e-16,0.100263,-1.1535e+16,7.19778,0.119298,0.0678346,0.0824482,1.20008,0.754918
5.1967,2.44699,-2.51189e-16,0.100263,-1.1535e+16,7.19778,0.119754,0.0678346,0.0824482,1.20008,0.754918
5.1967,2.44699,-2.51189e-16,0.100263,-1.1535e+16,7.19778,0.120261,0.0678346,0.0824482,1.20008,0.754918
5.1967,2.44699,-2.51189e-16,0.100263,-1.1535e+16,7.19778,0.12082,0.0678346,0.0824482,1.20008,0.754918
5.1967,2.44699,-2.51189e-16,0.100263,-1.1535e+16,7.19778,0.121428,0.0678346,0.0824482,1.20008,0.754918
5.1967,2.44699,-2.51189e-16,0.100263,-1.1535e+16,7.19778,0.122085,0.0678346,0.0824482,1.20008,0.754918
5.1967,2.44699,-2.51189e-16,0.100263,-1.1535e+16,7.19778,0.122791,0.0678346,0.0824482,1.20008,0.754918
5.1967,2.44699,-2.51189e-16,0.100263,-1.1535e+16,7.19778,0.123545,0.0678346,0.0824482,1.20008,0.754918
5.1967,2.44699,-2.51189e-16,0.100263,-1.1535e+16,7.19778,0.124345,0.0678346,0.0824482,1.20008,0.754918
5.1967,2.44699,-2.51189e-16,0.100263,-1.1535e+16,7.19778,0.125191,0.0678346,0.0824482,1.20008,0.754918
5.1967,2.44699,-2.51189e-16,0.100263,-1.1535e+16,7.19778,0.126082,0.0678346,0.0824482,1.20008,0.754918
5.1967,2.44699,-2.51189e-16,0.100263,-1.1535e+16,7.19778,0.127017,0.0678346,0.0824482,1.20008,0.754918
5.1967,2.44699,-2.51189e-16,0.100263,-1.1535e+16,7.19778,0.127994,0.0678346,0.0824482,1.20008,0.754918
5.1967,2.44699,-2.51189e-16,0.100263,-1.1535e+16,7.19778,0.129014,0.0678346,0.0824482,1.20008,0.754918
5.1967,2.44699,-2.51189e-16,0.100263,-1.1535e+16,7.19778,0.130075,0.0678346,0.0824482,1.20008,0.754918
5.1967,2.44699,-2.51189e-16,0.100263,-1.1535e+16,7.19778,0.131176,0.0678346,0.0824482,1.20008,0.754918
5.1967,2.44699,-2.51189e-16,0.100263,-1.1535e+16,7.19778,0.132316,0.0678346,0.0824482,1.20008,0.754918
5.1967,2.44699,-2.51189e-16,0.100263,-1.1535e+16,7.19778,0.133494,0.0678346,0.0824482,1.20008,0.754918
5.1967,2.44699,-2.51189e-16,0.100263,-1.1535e+16,7.19778,0.134709,0.0678346,0.0824482,1.20008,0.754918
5.1967,2.44699,-2.51189e-16,0.100263,-1.1535e+16,7.19778,0.13596,0.0678346,0.0824482,1.20008,0.754918
5.1967,2.44699,-2.51189e-16,0.100263,-1.1535e+16,7.19778,0.137247,0.0678346,0.0824482,1.20008,0.754918
5.1967,2.44699,-2.51189e-16,0.100263,-1.1535e+16,7.19778,0.138567,0.0678346,0.0824482,1.20008,0.754918
5.1967,2.44699,-2.51189e-16,0.100263,-1.1535e+16,7.19778,0.13992,0.0678346,0.0824482,1.20008,0.754918
5.1967,2.44699,-2.51189e-16,0.100263,-1.1535e+16,7.19778,0.141306,0.0678346,0.0824482,1.20008,0.754918
5.1967,2.44699,-2.51189e-16,0.100263,-1.1535e+16,7.19778,0.142723,0.0678346,0.0824482,1.20008,0.754918
5.1967,2.44699,-2.51189e-16,0.100263,-1.1535e+16,7.19778,0.14417,0.0678346,0.0824482,1.20008,0.754918
5.1967,2.44699,-2.51189e-16,0.100263,-1.1535e+16,7.19778,0.145646,0.0678346,0.0824482,1.20008,0.754918
5.1967,2.44699,-2.51189e-16,0.100263,-1.1535e+16,7.19778,0.147151,0.0678346,0.0824482,1.20008,0.754918
5.1967,2.44699,-2.51189e-16,0.100263,-1.1535e+16,7.19778,0.148684,0.0678346,0.0824482,1.20008,0.754918
5.1967,2.44699,-2.51189e-16,0.100263,-1.1535e+16,7.19778,0.150244,0.0678346,0.0824482,1.20008,0.754918
5.1967,2.44699,-2.51189e-16,0.100263,-1.1535e+16,7.19778,0.151829,0.0678346,0.0824482,1.20008,0.754918
5.1967,2.44699,-2.51189e-16,0.100263,-1.1535e+16,7.19778,0.15344,0.0678346,0.0824482,1.20008,0.754918
5.1967,2.44699,-2.51189e-16,0.100263,-1.1535e+16,7.19778,0.155075,0.0678346,0.0824482,1.20008,0.754918
5.1967,2.44699,-2.51189e-16,0.100263,-1.1535e+16,7.19778,0.156734,0.0678346,0.0824482,1.20008,0.754918
5.1967,2.44699,-2.51189e-16,0.100263,-1.1535e+16,7.19778,0.158415,0.0678346,0.0824482,1.20008,0.754918
5.1967,2.44699,-2.51189e-16,0.100263,-1.1535e+16,7.19778,0.160119,0.0678346,0.0824482,1.20008,0.754918
5.1967,2.44699,-2.51189e-16,0.100263,-1.1535e+16,7.19778,0.161844,0.0678346,0.0824482,1.20008,0.754918
5.1967,2.44699,-2.51189e-16,0.100263,-1.1535e+16,7.19778,0.16359,0.0678346,0.0824482,1.20008,0.754918
5.1967,2.44699,-2.51189e-16,0.100263,-1.1535e+16,7.19778,0.165356,0.0678346,0.0824482,1.20008,0.754918
5.1967,2.44699,-2.51189e-16,0.100263,-1.1535e+16,7.19778,0.167142,0.0678346,0.0824482,1.20008,0.754918
5.1967,2.44699,-2.51189e-16,0.100263,-1.1535e+16,7.19778,0.168946,0.0678346,0.0824482,1.20008,0.754918
5.1967,2.44699,-2.51189e-16,0.100263,-1.1535e+16,7.19778,0.170769,0.0678346,0.0824482,1.20008,0.754918
5.19033,2.41973,1.44457e-17,1.03632,1.78026e+16,7.26981,0.139854,0.0861863,0.0933473,1.18745,0.791721
5.19033,2.41973,1.44457e-17,1.03632,1.78026e+16,7.26981,0.141485,0.0861863,0.0933473,1.18745,0.791721
5.19033,2.41973,1.44457e-17,1.03632,1.78026e+16,7.26981,0.143142,0.0861863,0.0933473,1.18745,0.791721
5.19033,2.41973,1.44457e-17,1.03632,1.78026e+16,7.26981,0.144824,0.0861863,0.0933473,1.18745,0.791721
5.19033,2.41973,1.44457e-17,1.03632,1.78026e+16,7.26981,0.14653,0.0861863,0.0933473,1.18745,0.791721
5.19033,2.41973,1.44457e-17,1.03632,1.78026e+16,7.26981,0.14826,0.0861863,0.0933473,1.18745,0.791721
5.19033,2.41973,1.44457e-17,1.03632,1.78026e+16,7.26981,0.150012,0.0861863,0.0933473,1.18745,0.791721
5.19033,2.41973,1.44457e-17,1.03632,1.78026e+16,7.26981,0.151786,0.0861863,0.0933473,1.18745,0.791721
5.19033,2.41973,1.44457e-17,1.03632,1.78026e+16,7.26981,0.153581,0.0861863,0.0933473,1.18745,0.791721
5.19033,2.41973,1.44457e-17,1.03632,1.78026e+16,7.26981,0.155397,0.0861863,0.0933473,1.18745,0.791721
5.19033,2.41973,1.44457e-17,1.03632,1.78026e+16,7.26981,0.157231,0.0861863,0.0933473,1.18745,0.791721
5.19033,2.41973,1.44457e-17,1.03632,1.78026e+16,7.26981,0.159085,0.0861863,0.0933473,1.18745,0.791721
5.19033,2.41973,1.44457e-17,1.03632,1.78026e+16,7.26981,0.160957,0.0861863,0.0933473,1.18745,0.791721
5.19033,2.41973,1.44457e-17,1.03632,1.78026e+16,7.26981,0.162847,0.0861863,0.0933473,1.18745,0.791721
5.19033,2.41973,1.44457e-17,1.03632,1.78026e+16,7.26981,0.164754,0.0861863,0.0933473,1.18745,0.791721
5.22668,2.42999,0.999478,0.472252,-9.3964e+15,8.06641,0.0850385,0.101192,0.117315,1.18983,0.93626
5.22668,2.42999,0.999478,0.472252,-9.3964e+15,8.06641,0.0845679,0.101192,0.117315,1.18983,0.93626
5.22668,2.42999,0.999478,0.472252,-9.3964e+15,8.06641,0.0841704,0.101192,0.117315,1.18983,0.93626
5.22668,2.42999,0.999478,0.472252,-9.3964e+15,8.06641,0.0838471,0.101192,0.117315,1.18983,0.93626
5.22668,2.42999,0.999478,0.472252,-9.3964e+15,8.06641,0.0835988,0.101192,0.117315,1.18983,0.93626
5.22668,2.42999,0.999478,0.472252,-9.3964e+15,8.06641,0.0834263,0.101192,0.117315,1.18983,0.93626
5.22668,2.42999,0.999478,0.472252,-9.3964e+15,8.06641,0.08333,0.101192,0.117315,1.18983,0.93626
5.22668,2.42999,0.999478,0.472252,-9.3964e+15,8.06641,0.0833102,0.101192,0.117315,1.18983,0.93626
5.22668,2.42999,0.999478,0.472252,-9.3964e+15,8.06641,0.0833669,0.101192,0.117315,1.18983,0.93626
5.22668,2.42999,0.999478,0.472252,-9.3964e+15,8.06641,0.0835,0.101192,0.117315,1.18983,0.93626
5.22668,2.42999,0.999478,0.472252,-9.3964e+15,8.06641,0.083709,0.101192,0.117315,1.18983,0.93626
5.22668,2.42999,0.999478,0.472252,-9.3964e+15,8.06641,0.0839935,0.101192,0.117315,1.18983,0.93626
5.22668,2.42999,0.999478,0.472252,-9.3964e+15,8.06641,0.0843527,0.101192,0.117315,1.18983,0.93626
5.22668,2.42999,0.999478,0.472252,-9.3964e+15,8.06641,0.0847856,0.101192,0.117315,1.18983,0.93626
5.22668,2.42999,0.999478,0.472252,-9.3964e+15,8.06641,0.0852911,0.101192,0.117315,1.18983,0.93626
5.22668,2.42999,0.999478,0.472252,-9.3964e+15,8.06641,0.0858679,0.101192,0.117315,1.18983,0.93626
5.22668,2.42999,0.999478,0.472252,-9.3964e+15,8.06641,0.0865146,0.101192,0.117315,1.18983,0.93626
5.22668,2.42999,0.999478,0.472252,-9.3964e+15,8.06641,0.0872296,0.101192,0.117315,1.18983,0.93626
5.22668,2.42999,0.999478,0.472252,-9.3964e+15,8.06641,0.0880113,0.101192,0.117315,1.18983,0.93626
5.22668,2.42999,0.999478,0.472252,-9.3964e+15,8.06641,0.088858,0.101192,0.117315,1.18983,0.93626
5.22668,2.42999,0.999478,0.472252,-9.3964e+15,8.06641,0.0897676,0.101192,0.117315,1.18983,0.93626
5.22668,2.42999,0.999478,0.472252,-9.3964e+15,8.06641,0.0907385,0.101192,0.117315,1.18983,0.93626
5.22668,2.42999,0.999478,0.472252,-9.3964e+15,8.06641,0.0917686,0.101192,0.117315,1.18983,0.93626
5.22668,2.42999,0.999478,0.472252,-9.3964e+15,8.06641,0.092856,0.101192,0.117315,1.18983,0.93626
5.22668,2.42999,0.999478,0.472252,-9.3964e+15,8.06641,0.0939987,0.101192,0.117315,1.18983,0.93626
5.22668,2.42999,0.999478,0.472252,-9.3964e+15,8.06641,0.0951946,0.101192,0.117315,1.18983,0.93626
5.22668,2.42999,0.999478,0.472252,-9.3964e+15,8.06641,0.0964419,0.101192,0.117315,1.18983,0.93626
5.22668,2.42999,0.999478,0.472252,-9.3964e+15,8.06641,0.0977384,0.101192,0.117315,1.18983,0.93626
5.22668,2.42999,0.999478,0.472252,-9.3964e+15,8.06641,0.0990824,0.101192,0.117315,1.18983,0.93626
5.22668,2.42999,0.999478,0.472252,-9.3964e+15,8.06641,0.100472,0.101192,0.117315,1.18983,0.93626
5.22668,2.42999,0.999478,0.472252,-9.3964e+15,8.06641,0.101905,0.101192,0.117315,1.18983,0.93626
5.22668,2.42999,0.999478,0.472252,-9.3964e+15,8.06641,0.10338,0.101192,0.117315,1.18983,0.93626
5.22668,2.42999,0.999478,0.472252,-9.3964e+15,8.06641,0.104895,0.101192,0.117315,1.18983,0.93626
5.22668,2.42999,0.999478,0.472252,-9.3964e+15,8.06641,0.104895,0.101192,0.117315,1.18983,0.93626
5.22668,2.42999,0.999478,0.472252,-9.3964e+15,8.06641,0.101741,0.101192,0.117315,1.18983,0.93626
5.22668,2.42999,0.999478,0.472252,-9.3964e+15,8.06641,0.0986506,0.101192,0.117315,1.18983,0.93626
5.22668,2.42999,0.999478,0.472252,-9.3964e+15,8.06641,0.0956316,0.101192,0.117315,1.18983,0.93626
5.22668,2.42999,0.999478,0.472252,-9.3964e+15,8.06641,0.0926904,0.101192,0.117315,1.18983,0.93626
5.22668,2.42999,0.999478,0.472252,-9.3964e+15,8.06641,0.0898347,0.101192,0.117315,1.18983,0.93626
5.22668,2.42999,0.999478,0.472252,-9.3964e+15,8.06641,0.0870729,0.101192,0.117315,1.18983,0.93626
5.22668,2.42999,0.999478,0.472252,-9.3964e+15,8.06641,0.0844141,0.101192,0.117315,1.18983,0.93626
5.22668,2.42999,0.999478,0.472252,-9.3964e+15,8.06641,0.0818685,0.101192,0.117315,1.18983,0.93626
5.22668,2.42999,0.999478,0.472252,-9.3964e+15,8.06641,0.0794469,0.101192,0.117315,1.18983,0.93626
5.22668,2.42999,0.999478,0.472252,-9.3964e+15,8.06641,0.077161,0.101192,0.117315,1.18983,0.93626
5.22668,2.42999,0.999478,0.472252,-9.3964e+15,8.06641,0.0750232,0.101192,0.117315,1.18983,0.93626
5.22668,2.42999,0.999478,0.472252,-9.3964e+15,8.06641,0.0730465,0.101192,0.117315,1.18983,0.93626
5.22668,2.42999,0.999478,0.472252,-9.3964e+15,8.06641,0.0712443,0.101192,0.117315,1.18983,0.93626
5.22668,2.42999,0.999478,0.472252,-9.3964e+15,8.06641,0.0696301,0.101192,0.117315,1.18983,0.93626
5.22668,2.42999,0.999478,0.472252,-9.3964e+15,8.06641,0.0682174,0.101192,0.117315,1.18983,0.93626
5.22668,2.42999,0.999478,0.472252,-9.3964e+15,8.06641,0.0670188,0.101192,0.117315,1.18983,0.93626
5.22668,2.42999,0.999478,0.472252,-9.3964e+15,8.06641,0.066046,0.101192,0.117315,1.18983,0.93626
5.22668,2.42999,0.999478,0.472252,-9.3964e+15,8.06641,0.0653091,0.101192,0.117315,1.18983,0.93626
5.22668,2.42999,0.999478,0.472252,-9.3964e+15,8.06641,0.0648162,0.101192,0.117315,1.18983,0.93626
5.22668,2.42999,0.999478,0.472252,-9.3964e+15,8.06641,0.0645728,0.101192,0.117315,1.18983,0.93626
5.22668,2.42999,0.999478,0.472252,-9.3964e+15,8.06641,0.0645817,0.101192,0.117315,1.18983,0.93626
5.22668,2.42999,0.999478,0.472252,-9.3964e+15,8.06641,0.0648429,0.101192,0.117315,1.18983,0.93626
5.22668,2.42999,0.999478,0.472252,-9.3964e+15,8.06641,0.0653534,0.101192,0.117315,1.18983,0.93626
5.22668,2.42999,0.999478,0.472252,-9.3964e+15,8.06641,0.0661072,0.101192,0.117315,1.18983,0.93626
5.22668,2.42999,0.999478,0.472252,-9.3964e+15,8.06641,0.0670964,0.101192,0.117315,1.18983,0.93626
5.22668,2.42999,0.999478,0.472252,-9.3964e+15,8.06641,0.0683105,0.101192,0.117315,1.18983,0.93626
5.22668,2.42999,0.999478,0.472252,-9.3964e+15,8.06641,0.0697379,0.101192,0.117315,1.18983,0.93626
5.22668,2.42999,0.999478,0.472252,-9.3964e+15,8.06641,0.0713658,0.101192,0.117315,1.18983,0.93626
5.22668,2.42999,0.999478,0.472252,-9.3964e+15,8.06641,0.0731809,0.101192,0.117315,1.18983,0.93626
5.22668,2.42999,0.999478,0.472252,-9.3964e+15,8.06641,0.0751694,0.101192,0.117315,1.18983,0.93626
5.22668,2.42999,0.999478,0.472252,-9.3964e+15,8.06641,0.0773181,0.101192,0.117315,1.18983,0.93626
5.22668,2.42999,0.999478,0.472252,-9.3964e+15,8.06641,0.0796141,0.101192,0.117315,1.18983,0.93626
5.22668,2.42999,0.999478,0.472252,-9.3964e+15,8.06641,0.0820448,0.101192,0.117315,1.18983,0.93626
5.22668,2.42999,0.999478,0.472252,-9.3964e+15,8.06641,0.0845988,0.101192,0.117315,1.18983,0.93626
5.22668,2.42999,0.999478,0.472252,-9.3964e+15,8.06641,0.0872651,0.101192,0.117315,1.18983,0.93626
5.31681,2.48215,0.9997,0.667637,1.30339e+16,9.10496,0.0312628,0.0324362,0.0309801,1.21692,0.988344
5.31681,2.48215,0.9997,0.667637,1.30339e+16,9.10496,0.0283418,0.0324362,0.0309801,1.21692,0.988344
5.31681,2.48215,0.9997,0.667637,1.30339e+16,9.10496,0.0257256,0.0324362,0.0309801,1.21692,0.988344
5.31681,2.48215,0.9997,0.667637,1.30339e+16,9.10496,0.023516,0.0324362,0.0309801,1.21692,0.988344
5.31681,2.48215,0.9997,0.667637,1.30339e+16,9.10496,0.0218369,0.0324362,0.0309801,1.21692,0.988344
5.31681,2.48215,0.9997,0.667637,1.30339e+16,9.10496,0.020817,0.0324362,0.0309801,1.21692,0.988344
5.31681,2.48215,0.9997,0.667637,1.30339e+16,9.10496,0.0205546,0.0324362,0.0309801,1.21692,0.988344
5.31681,2.48215,0.9997,0.667637,1.30339e+16,9.10496,0.0210782,0.0324362,0.0309801,1.21692,0.988344
5.31681,2.48215,0.9997,0.667637,1.30339e+16,9.10496,0.0223324,0.0324362,0.0309801,1.21692,0.988344
5.31681,2.48215,0.9997,0.667637,1.30339e+16,9.10496,0.0242039,0.0324362,0.0309801,1.21692,0.988344
5.31681,2.48215,0.9997,0.667637,1.30339e+16,9.10496,0.0265627,0.0324362,0.0309801,1.21692,0.988344
5.31681,2.48215,0.9997,0.667637,1.30339e+16,9.10496,0.0292911,0.0324362,0.0309801,1.21692,0.988344
5.31681,2.48215,0.9997,0.667637,1.30339e+16,9.10496,0.0322957,0.0324362,0.0309801,1.21692,0.988344
5.31763,2.48322,0.999718,0.445508,-4.85751e+16,9.16798,0.0217637,0.02088,0.00617352,1.21775,0.988105
5.31763,2.48322,0.999718,0.445508,-4.85751e+16,9.16798,0.0228811,0.02088,0.00617352,1.21775,0.988105
5.31763,2.48322,0.999718,0.445508,-4.85751e+16,9.16798,0.0246187,0.02088,0.00617352,1.21775,0.988105
5.31763,2.48322,0.999718,0.445508,-4.85751e+16,9.16798,0.0268564,0.02088,0.00617352,1.21775,0.988105
5.31763,2.48322,0.999718,0.445508,-4.85751e+16,9.16798,0.0294806,0.02088,0.00617352,1.21775,0.988105
5.31763,2.48322,0.999718,0.445508,-4.85751e+16,9.16798,0.0323974,0.02088,0.00617352,1.21775,0.988105
5.31819,2.48345,0.999718,2.21181,2.6291e+16,9.15715,0.0244099,0.0224064,-0.0101,1.21781,0.988525
5.31819,2.48345,0.999718,2.21181,2.6291e+16,9.15715,0.0266482,0.0224064,-0.0101,1.21781,0.988525
5.31819,2.48345,0.999718,2.21181,2.6291e+16,9.15715,0.0292756,0.0224064,-0.0101,1.21781,0.988525
5.31819,2.48345,0.999718,2.21181,2.6291e+16,9.15715,0.0321969,0.0224064,-0.0101,1.21781,0.988525
5.31889,2.48416,0.999728,0.496216,1.17974e+16,9.17615,0.0275372,0.0269814,-0.0209412,1.21797,0.988551
5.31889,2.48416,0.999728,0.496216,1.17974e+16,9.17615,0.0302584,0.0269814,-0.0209412,1.21797,0.988551
5.31953,2.48461,0.999732,-0,6.09105e+16,9.25942,0.0288436,0.0303858,-0.0269396,1.21804,0.988807
5.31953,2.48461,0.999732,-0,6.09105e+16,9.25942,0.0317183,0.0303858,-0.0269396,1.21804,0.988807
5.31953,2.48461,0.999732,-0,6.09105e+16,9.25942,0.0348254,0.0303858,-0.0269396,1.21804,0.988807
5.31953,2.48461,0.999732,-0,6.09105e+16,9.25942,0.0381079,0.0303858,-0.0269396,1.21804,0.988807
5.31953,2.48461,0.999732,-0,6.09105e+16,9.25942,0.0415242,0.0303858,-0.0269396,1.21804,0.988807
5.31953,2.48461,0.999732,-0,6.09105e+16,9.25942,0.045044,0.0303858,-0.0269396,1.21804,0.988807
5.31953,2.48461,0.999732,-0,6.09105e+16,9.25942,0.0486448,0.0303858,-0.0269396,1.21804,0.988807
5.31953,2.48461,0.999732,-0,6.09105e+16,9.25942,0.0523098,0.0303858,-0.0269396,1.21804,0.988807
5.31953,2.48461,0.999732,-0,6.09105e+16,9.25942,0.0560265,0.0303858,-0.0269396,1.21804,0.988807
5.31953,2.48461,0.999732,-0,6.09105e+16,9.25942,0.0597852,0.0303858,-0.0269396,1.21804,0.988807
5.31953,2.48461,0.999732,-0,6.09105e+16,9.25942,0.0635784,0.0303858,-0.0269396,1.21804,0.988807
5.31953,2.48461,0.999732,-0,6.09105e+16,9.25942,0.0674004,0.0303858,-0.0269396,1.21804,0.988807
5.31953,2.48461,0.999732,-0,6.09105e+16,9.25942,0.0712465,0.0303858,-0.0269396,1.21804,0.988807
5.31953,2.48461,0.999732,-0,6.09105e+16,9.25942,0.075113,0.0303858,-0.0269396,1.21804,0.988807
5.31953,2.48461,0.999732,-0,6.09105e+16,9.25942,0.0789969,0.0303858,-0.0269396,1.21804,0.988807
5.31953,2.48461,0.999732,-0,6.09105e+16,9.25942,0.0828958,0.0303858,-0.0269396,1.21804,0.988807
5.31953,2.48461,0.999732,-0,6.09105e+16,9.25942,0.0868076,0.0303858,-0.0269396,1.21804,0.988807
5.31953,2.48461,0.999732,-0,6.09105e+16,9.25942,0.0907307,0.0303858,-0.0269396,1.21804,0.988807
5.31953,2.48461,0.999732,-0,6.09105e+16,9.25942,0.0946637,0.0303858,-0.0269396,1.21804,0.988807
5.31953,2.48461,0.999732,-0,6.09105e+16,9.25942,0.0986053,0.0303858,-0.0269396,1.21804,0.988807
5.31953,2.48461,0.999732,-0,6.09105e+16,9.25942,0.102555,0.0303858,-0.0269396,1.21804,0.988807
5.31953,2.48461,0.999732,-0,6.09105e+16,9.25942,0.106511,0.0303858,-0.0269396,1.21804,0.988807
5.31953,2.48461,0.999732,-0,6.09105e+16,9.25942,0.110473,0.0303858,-0.0269396,1.21804,0.988807
5.31953,2.48461,0.999732,-0,6.09105e+16,9.25942,0.114441,0.0303858,-0.0269396,1.21804,0.988807
5.31953,2.48461,0.999732,-0,6.09105e+16,9.25942,0.118413,0.0303858,-0.0269396,1.21804,0.988807
5.31953,2.48461,0.999732,-0,6.09105e+16,9.25942,0.122391,0.0303858,-0.0269396,1.21804,0.988807
5.31953,2.48461,0.999732,-0,6.09105e+16,9.25942,0.126372,0.0303858,-0.0269396,1.21804,0.988807
5.32053,2.48619,0.99976,-4.31099,-1.52809e+17,9.27092,0.0756543,0.071181,-0.0826023,1.2162,0.988206
5.32053,2.48619,0.99976,-4.31099,-1.52809e+17,9.27092,0.0795577,0.071181,-0.0826023,1.2162,0.988206
5.32053,2.48619,0.99976,-4.31099,-1.52809e+17,9.27092,0.0834741,0.071181,-0.0826023,1.2162,0.988206
5.32053,2.48619,0.99976,-4.31099,-1.52809e+17,9.27092,0.0874017,0.071181,-0.0826023,1.2162,0.988206
5.32053,2.48619,0.99976,-4.31099,-1.52809e+17,9.27092,0.0913393,0.071181,-0.0826023,1.2162,0.988206
5.32053,2.48619,0.99976,-4.31099,-1.52809e+17,9.27092,0.0952854,0.071181,-0.0826023,1.2162,0.988206
5.32053,2.48619,0.99976,-4.31099,-1.52809e+17,9.27092,0.0992391,0.071181,-0.0826023,1.2162,0.988206
5.32053,2.48619,0.99976,-4.31099,-1.52809e+17,9.27092,0.1032,0.071181,-0.0826023,1.2162,0.988206
5.32053,2.48619,0.99976,-4.31099,-1.52809e+17,9.27092,0.107166,0.071181,-0.0826023,1.2162,0.988206
5.32053,2.48619,0.99976,-4.31099,-1.52809e+17,9.27092,0.111138,0.071181,-0.0826023,1.2162,0.988206
5.32053,2.48619,0.99976,-4.31099,-1.52809e+17,9.27092,0.115114,0.071181,-0.0826023,1.2162,0.988206
5.32053,2.48619,0.99976,-4.31099,-1.52809e+17,9.27092,0.119095,0.071181,-0.0826023,1.2162,0.988206
5.32053,2.48619,0.99976,-4.31099,-1.52809e+17,9.27092,0.119095,0.071181,-0.0826023,1.2162,0.988206
5.32053,2.48619,0.99976,-4.31099,-1.52809e+17,9.27092,0.119372,0.071181,-0.0826023,1.2162,0.988206
5.32053,2.48619,0.99976,-4.31099,-1.52809e+17,9.27092,0.119701,0.071181,-0.0826023,1.2162,0.988206
5.32053,2.48619,0.99976,-4.31099,-1.52809e+17,9.27092,0.120082,0.071181,-0.0826023,1.2162,0.988206
5.32053,2.48619,0.99976,-4.31099,-1.52809e+17,9.27092,0.120515,0.071181,-0.0826023,1.2162,0.988206
5.32053,2.48619,0.99976,-4.31099,-1.52809e+17,9.27092,0.120999,0.071181,-0.0826023,1.2162,0.988206
5.32053,2.48619,0.99976,-4.31099,-1.52809e+17,9.27092,0.121534,0.071181,-0.0826023,1.2162,0.988206
5.32053,2.48619,0.99976,-4.31099,-1.52809e+17,9.27092,0.122119,0.071181,-0.0826023,1.2162,0.988206
5.32053,2.48619,0.99976,-4.31099,-1.52809e+17,9.27092,0.122753,0.071181,-0.0826023,1.2162,0.988206
5.32053,2.48619,0.99976,-4.31099,-1.52809e+17,9.27092,0.123435,0.071181,-0.0826023,1.2162,0.988206
5.32053,2.48619,0.99976,-4.31099,-1.52809e+17,9.27092,0.124165,0.071181,-0.0826023,1.2162,0.988206
5.32053,2.48619,0.99976,-4.31099,-1.52809e+17,9.27092,0.124942,0.071181,-0.0826023,1.2162,0.988206
5.32053,2.48619,0.99976,-4.31099,-1.52809e+17,9.27092,0.125764,0.071181,-0.0826023,1.2162,0.988206
5.32053,2.48619,0.99976,-4.31099,-1.52809e+17,9.27092,0.126632,0.071181,-0.0826023,1.2162,0.988206
5.32053,2.48619,0.99976,-4.31099,-1.52809e+17,9.27092,0.127544,0.071181,-0.0826023,1.2162,0.988206
5.32053,2.48619,0.99976,-4.31099,-1.52809e+17,9.27092,0.128499,0.071181,-0.0826023,1.2162,0.988206
5.32053,2.48619,0.99976,-4.31099,-1.52809e+17,9.27092,0.129496,0.071181,-0.0826023,1.2162,0.988206
5.32053,2.48619,0.99976,-4.31099,-1.52809e+17,9.27092,0.130534,0.071181,-0.0826023,1.2162,0.988206
5.32053,2.48619,0.99976,-4.31099,-1.52809e+17,9.27092,0.131613,0.071181,-0.0826023,1.2162,0.988206
5.32053,2.48619,0.99976,-4.31099,-1.52809e+17,9.27092,0.132731,0.071181,-0.0826023,1.2162,0.988206
5.32053,2.48619,0.99976,-4.31099,-1.52809e+17,9.27092,0.133887,0.071181,-0.0826023,1.2162,0.988206
5.32053,2.48619,0.99976,-4.31099,-1.52809e+17,9.27092,0.135081,0.071181,-0.0826023,1.2162,0.988206
5.32053,2.48619,0.99976,-4.31099,-1.52809e+17,9.27092,0.13631,0.071181,-0.0826023,1.2162,0.988206
5.32053,2.48619,0.99976,-4.31099,-1.52809e+17,9.27092,0.137576,0.071181,-0.0826023,1.2162,0.988206
5.32053,2.48619,0.99976,-4.31099,-1.52809e+17,9.27092,0.138875,0.071181,-0.0826023,1.2162,0.988206
5.32053,2.48619,0.99976,-4.31099,-1.52809e+17,9.27092,0.140208,0.071181,-0.0826023,1.2162,0.988206
5.32053,2.48619,0.99976,-4.31099,-1.52809e+17,9.27092,0.141574,0.071181,-0.0826023,1.2162,0.988206
5.32053,2.48619,0.99976,-4.31099,-1.52809e+17,9.27092,0.142971,0.071181,-0.0826023,1.2162,0.988206
5.32053,2.48619,0.99976,-4.31099,-1.52809e+17,9.27092,0.144399,0.071181,-0.0826023,1.2162,0.988206
5.32053,2.48619,0.99976,-4.31099,-1.52809e+17,9.27092,0.145856,0.071181,-0.0826023,1.2162,0.988206
5.32053,2.48619,0.99976,-4.31099,-1.52809e+17,9.27092,0.147343,0.071181,-0.0826023,1.2162,0.988206
5.32053,2.48619,0.99976,-4.31099,-1.52809e+17,9.27092,0.148857,0.071181,-0.0826023,1.2162,0.988206
5.32053,2.48619,0.99976,-4.31099,-1.52809e+17,9.27092,0.150399,0.071181,-0.0826023,1.2162,0.988206
5.32053,2.48619,0.99976,-4.31099,-1.52809e+17,9.27092,0.151966,0.071181,-0.0826023,1.2162,0.988206
5.32053,2.48619,0.99976,-4.31099,-1.52809e+17,9.27092,0.15356,0.071181,-0.0826023,1.2162,0.988206
5.32053,2.48619,0.99976,-4.31099,-1.52809e+17,9.27092,0.155178,0.071181,-0.0826023,1.2162,0.988206
5.32053,2.48619,0.99976,-4.31099,-1.52809e+17,9.27092,0.15682,0.071181,-0.0826023,1.2162,0.988206
5.32053,2.48619,0.99976,-4.31099,-1.52809e+17,9.27092,0.158485,0.071181,-0.0826023,1.2162,0.988206
5.32053,2.48619,0.99976,-4.31099,-1.52809e+17,9.27092,0.160173,0.071181,-0.0826023,1.2162,0.988206
5.32053,2.48619,0.99976,-4.31099,-1.52809e+17,9.27092,0.161883,0.071181,-0.0826023,1.2162,0.988206
5.32053,2.48619,0.99976,-4.31099,-1.52809e+17,9.27092,0.163613,0.071181,-0.0826023,1.2162,0.988206
5.32053,2.48619,0.99976,-4.31099,-1.52809e+17,9.27092,0.165365,0.071181,-0.0826023,1.2162,0.988206
5.32053,2.48619,0.99976,-4.31099,-1.52809e+17,9.27092,0.167136,0.071181,-0.0826023,1.2162,0.988206
5.32053,2.48619,0.99976,-4.31099,-1.52809e+17,9.27092,0.168926,0.071181,-0.0826023,1.2162,0.988206
5.32053,2.48619,0.99976,-4.31099,-1.52809e+17,9.27092,0.170735,0.071181,-0.0826023,1.2162,0.988206
5.43054,2.43559,0.994853,0,1.17113e+16,10.8704,0.0917996,0.131167,-0.117231,1.19025,1.15212
5.43054,2.43559,0.994853,0,1.17113e+16,10.8704,0.0907698,0.131167,-0.117231,1.19025,1.15212
5.43054,2.43559,0.994853,0,1.17113e+16,10.8704,0.0897993,0.131167,-0.117231,1.19025,1.15212
5.43054,2.43559,0.994853,0,1.17113e+16,10.8704,0.0888899,0.131167,-0.117231,1.19025,1.15212
5.43054,2.43559,0.994853,0,1.17113e+16,10.8704,0.0880435,0.131167,-0.117231,1.19025,1.15212
5.43054,2.43559,0.994853,0,1.17113e+16,10.8704,0.0872621,0.131167,-0.117231,1.19025,1.15212
5.43054,2.43559,0.994853,0,1.17113e+16,10.8704,0.0865473,0.131167,-0.117231,1.19025,1.15212
5.43054,2.43559,0.994853,0,1.17113e+16,10.8704,0.0859008,0.131167,-0.117231,1.19025,1.15212
5.43054,2.43559,0.994853,0,1.17113e+16,10.8704,0.0853241,0.131167,-0.117231,1.19025,1.15212
5.43054,2.43559,0.994853,0,1.17113e+16,10.8704,0.0848188,0.131167,-0.117231,1.19025,1.15212
5.43054,2.43559,0.994853,0,1.17113e+16,10.8704,0.0843861,0.131167,-0.117231,1.19025,1.15212
5.43054,2.43559,0.994853,0,1.17113e+16,10.8704,0.084027,0.131167,-0.117231,1.19025,1.15212
5.43054,2.43559,0.994853,0,1.17113e+16,10.8704,0.0837426,0.131167,-0.117231,1.19025,1.15212
5.43054,2.43559,0.994853,0,1.17113e+16,10.8704,0.0835336,0.131167,-0.117231,1.19025,1.15212
5.43054,2.43559,0.994853,0,1.17113e+16,10.8704,0.0834005,0.131167,-0.117231,1.19025,1.15212
5.43054,2.43559,0.994853,0,1.17113e+16,10.8704,0.0833438,0.131167,-0.117231,1.19025,1.15212
5.43054,2.43559,0.994853,0,1.17113e+16,10.8704,0.0833636,0.131167,-0.117231,1.19025,1.15212
5.43054,2.43559,0.994853,0,1.17113e+16,10.8704,0.0834598,0.131167,-0.117231,1.19025,1.15212
5.43054,2.43559,0.994853,0,1.17113e+16,10.8704,0.0836322,0.131167,-0.117231,1.19025,1.15212
5.43054,2.43559,0.994853,0,1.17113e+16,10.8704,0.0838803,0.131167,-0.117231,1.19025,1.15212
5.43054,2.43559,0.994853,0,1.17113e+16,10.8704,0.0842034,0.131167,-0.117231,1.19025,1.15212
5.43054,2.43559,0.994853,0,1.17113e+16,10.8704,0.0846007,0.131167,-0.117231,1.19025,1.15212
5.43054,2.43559,0.994853,0,1.17113e+16,10.8704,0.0850712,0.131167,-0.117231,1.19025,1.15212
5.43054,2.43559,0.994853,0,1.17113e+16,10.8704,0.0856136,0.131167,-0.117231,1.19025,1.15212
5.43054,2.43559,0.994853,0,1.17113e+16,10.8704,0.0862265,0.131167,-0.117231,1.19025,1.15212
5.43054,2.43559,0.994853,0,1.17113e+16,10.8704,0.0869085,0.131167,-0.117231,1.19025,1.15212
5.43054,2.43559,0.994853,0,1.17113e+16,10.8704,0.087658,0.131167,-0.117231,1.19025,1.15212
5.43054,2.43559,0.994853,0,1.17113e+16,10.8704,0.0884733,0.131167,-0.117231,1.19025,1.15212
5.43054,2.43559,0.994853,0,1.17113e+16,10.8704,0.0893525,0.131167,-0.117231,1.19025,1.15212
5.43054,2.43559,0.994853,0,1.17113e+16,10.8704,0.0902937,0.131167,-0.117231,1.19025,1.15212
5.43054,2.43559,0.994853,0,1.17113e+16,10.8704,0.0912952,0.131167,-0.117231,1.19025,1.15212
5.43054,2.43559,0.994853,0,1.17113e+16,10.8704,0.0923548,0.131167,-0.117231,1.19025,1.15212
5.43054,2.43559,0.994853,0,1.17113e+16,10.8704,0.0934707,0.131167,-0.117231,1.19025,1.15212
5.43054,2.43559,0.994853,0,1.17113e+16,10.8704,0.0946408,0.131167,-0.117231,1.19025,1.15212
5.43054,2.43559,0.994853,0,1.17113e+16,10.8704,0.0958632,0.131167,-0.117231,1.19025,1.15212
5.43054,2.43559,0.994853,0,1.17113e+16,10.8704,0.0971359,0.131167,-0.117231,1.19025,1.15212
5.43054,2.43559,0.994853,0,1.17113e+16,10.8704,0.0984568,0.131167,-0.117231,1.19025,1.15212
5.43054,2.43559,0.994853,0,1.17113e+16,10.8704,0.0998242,0.131167,-0.117231,1.19025,1.15212
5.43054,2.43559,0.994853,0,1.17113e+16,10.8704,0.101236,0.131167,-0.117231,1.19025,1.15212
5.43054,2.43559,0.994853,0,1.17113e+16,10.8704,0.102691,0.131167,-0.117231,1.19025,1.15212
5.43054,2.43559,0.994853,0,1.17113e+16,10.8704,0.104186,0.131167,-0.117231,1.19025,1.15212
5.43054,2.43559,0.994853,0,1.17113e+16,10.8704,0.105721,0.131167,-0.117231,1.19025,1.15212
5.43054,2.43559,0.994853,0,1.17113e+16,10.8704,0.107293,0.131167,-0.117231,1.19025,1.15212
5.43054,2.43559,0.994853,0,1.17113e+16,10.8704,0.108901,0.131167,-0.117231,1.19025,1.15212
5.43054,2.43559,0.994853,0,1.17113e+16,10.8704,0.110544,0.131167,-0.117231,1.19025,1.15212
5.43054,2.43559,0.994853,0,1.17113e+16,10.8704,0.112219,0.131167,-0.117231,1.19025,1.15212
5.43054,2.43559,0.994853,0,1.17113e+16,10.8704,0.113925,0.131167,-0.117231,1.19025,1.15212
5.43054,2.43559,0.994853,0,1.17113e+16,10.8704,0.115662,0.131167,-0.117231,1.19025,1.15212
5.43054,2.43559,0.994853,0,1.17113e+16,10.8704,0.117427,0.131167,-0.117231,1.19025,1.15212
5.43054,2.43559,0.994853,0,1.17113e+16,10.8704,0.119219,0.131167,-0.117231,1.19025,1.15212
5.43054,2.43559,0.994853,0,1.17113e+16,10.8704,0.121038,0.131167,-0.117231,1.19025,1.15212
5.43054,2.43559,0.994853,0,1.17113e+16,10.8704,0.122881,0.131167,-0.117231,1.19025,1.15212
5.43054,2.43559,0.994853,0,1.17113e+16,10.8704,0.124749,0.131167,-0.117231,1.19025,1.15212
5.43054,2.43559,0.994853,0,1.17113e+16,10.8704,0.126639,0.131167,-0.117231,1.19025,1.15212
5.43054,2.43559,0.994853,0,1.17113e+16,10.8704,0.128551,0.131167,-0.117231,1.19025,1.15212
5.43054,2.43559,0.994853,0,1.17113e+16,10.8704,0.128551,0.131167,-0.117231,1.19025,1.15212
5.43054,2.43559,0.994853,0,1.17113e+16,10.8704,0.125988,0.131167,-0.117231,1.19025,1.15212
5.43054,2.43559,0.994853,0,1.17113e+16,10.8704,0.123503,0.131167,-0.117231,1.19025,1.15212
5.43054,2.43559,0.994853,0,1.17113e+16,10.8704,0.121102,0.131167,-0.117231,1.19025,1.15212
5.43054,2.43559,0.994853,0,1.17113e+16,10.8704,0.118791,0.131167,-0.117231,1.19025,1.15212
5.43054,2.43559,0.994853,0,1.17113e+16,10.8704,0.116573,0.131167,-0.117231,1.19025,1.15212
5.43054,2.43559,0.994853,0,1.17113e+16,10.8704,0.114455,0.131167,-0.117231,1.19025,1.15212
5.43054,2.43559,0.994853,0,1.17113e+16,10.8704,0.112443,0.131167,-0.117231,1.19025,1.15212
5.43054,2.43559,0.994853,0,1.17113e+16,10.8704,0.110542,0.131167,-0.117231,1.19025,1.15212
5.43054,2.43559,0.994853,0,1.17113e+16,10.8704,0.108757,0.131167,-0.117231,1.19025,1.15212
5.43054,2.43559,0.994853,0,1.17113e+16,10.8704,0.107095,0.131167,-0.117231,1.19025,1.15212
5.43054,2.43559,0.994853,0,1.17113e+16,10.8704,0.105562,0.131167,-0.117231,1.19025,1.15212
5.43054,2.43559,0.994853,0,1.17113e+16,10.8704,0.104164,0.131167,-0.117231,1.19025,1.15212
5.43054,2.43559,0.994853,0,1.17113e+16,10.8704,0.102904,0.131167,-0.117231,1.19025,1.15212
5.43054,2.43559,0.994853,0,1.17113e+16,10.8704,0.10179,0.131167,-0.117231,1.19025,1.15212
5.43054,2.43559,0.994853,0,1.17113e+16,10.8704,0.100826,0.131167,-0.117231,1.19025,1.15212
5.43054,2.43559,0.994853,0,1.17113e+16,10.8704,0.100015,0.131167,-0.117231,1.19025,1.15212
5.43054,2.43559,0.994853,0,1.17113e+16,10.8704,0.0993626,0.131167,-0.117231,1.19025,1.15212
5.43054,2.43559,0.994853,0,1.17113e+16,10.8704,0.0988709,0.131167,-0.117231,1.19025,1.15212
5.43054,2.43559,0.994853,0,1.17113e+16,10.8704,0.0985425,0.131167,-0.117231,1.19025,1.15212
5.43054,2.43559,0.994853,0,1.17113e+16,10.8704,0.0983791,0.131167,-0.117231,1.19025,1.15212
5.43054,2.43559,0.994853,0,1.17113e+16,10.8704,0.0983815,0.131167,-0.117231,1.19025,1.15212
5.43054,2.43559,0.994853,0,1.17113e+16,10.8704,0.0985497,0.131167,-0.117231,1.19025,1.15212
5.43054,2.43559,0.994853,0,1.17113e+16,10.8704,0.0988829,0.131167,-0.117231,1.19025,1.15212
5.43054,2.43559,0.994853,0,1.17113e+16,10.8704,0.0993793,0.131167,-0.117231,1.19025,1.15212
5.43054,2.43559,0.994853,0,1.17113e+16,10.8704,0.100037,0.131167,-0.117231,1.19025,1.15212
5.43054,2.43559,0.994853,0,1.17113e+16,10.8704,0.100852,0.131167,-0.117231,1.19025,1.15212
5.43054,2.43559,0.994853,0,1.17113e+16,10.8704,0.101821,0.131167,-0.117231,1.19025,1.15212
5.43054,2.43559,0.994853,0,1.17113e+16,10.8704,0.102939,0.131167,-0.117231,1.19025,1.15212
5.43054,2.43559,0.994853,0,1.17113e+16,10.8704,0.104202,0.131167,-0.117231,1.19025,1.15212
5.43054,2.43559,0.994853,0,1.17113e+16,10.8704,0.105605,0.131167,-0.117231,1.19025,1.15212
5.43054,2.43559,0.994853,0,1.17113e+16,10.8704,0.107142,0.131167,-0.117231,1.19025,1.15212
5.43054,2.43559,0.994853,0,1.17113e+16,10.8704,0.108807,0.131167,-0.117231,1.19025,1.15212
5.43054,2.43559,0.994853,0,1.17113e+16,10.8704,0.110595,0.131167,-0.117231,1.19025,1.15212
5.43054,2.43559,0.994853,0,1.17113e+16,10.8704,0.1125,0.131167,-0.117231,1.19025,1.15212
5.43054,2.43559,0.994853,0,1.17113e+16,10.8704,0.114516,0.131167,-0.117231,1.19025,1.15212
5.43054,2.43559,0.994853,0,1.17113e+16,10.8704,0.116636,0.131167,-0.117231,1.19025,1.15212
5.43054,2.43559,0.994853,0,1.17113e+16,10.8704,0.118857,0.131167,-0.117231,1.19025,1.15212
5.43054,2.43559,0.994853,0,1.17113e+16,10.8704,0.121171,0.131167,-0.117231,1.19025,1.15212
5.43054,2.43559,0.994853,0,1.17113e+16,10.8704,0.123574,0.131167,-0.117231,1.19025,1.15212
5.43054,2.43559,0.994853,0,1.17113e+16,10.8704,0.126061,0.131167,-0.117231,1.19025,1.15212
5.43054,2.43559,0.994853,0,1.17113e+16,10.8704,0.128627,0.131167,-0.117231,1.19025,1.15212
5.43054,2.43559,0.994853,0,1.17113e+16,10.8704,0.131267,0.131167,-0.117231,1.19025,1.15212
5.43054,2.43559,0.994853,0,1.17113e+16,10.8704,0.133977,0.131167,-0.117231,1.19025,1.15212
5.43054,2.43559,0.994853,0,1.17113e+16,10.8704,0.136752,0.131167,-0.117231,1.19025,1.15212
5.43054,2.43559,0.994853,0,1.17113e+16,10.8704,0.13959,0.131167,-0.117231,1.19025,1.15212
5.43054,2.43559,0.994853,0,1.17113e+16,10.8704,0.142485,0.131167,-0.117231,1.19025,1.15212
5.43054,2.43559,0.994853,0,1.17113e+16,10.8704,0.145435,0.131167,-0.117231,1.19025,1.15212
5.43054,2.43559,0.994853,0,1.17113e+16,10.8704,0.148436,0.131167,-0.117231,1.19025,1.15212
5.43054,2.43559,0.994853,0,1.17113e+16,10.8704,0.151486,0.131167,-0.117231,1.19025,1.15212
5.43054,2.43559,0.994853,0,1.17113e+16,10.8704,0.154581,0.131167,-0.117231,1.19025,1.15212
5.43054,2.43559,0.994853,0,1.17113e+16,10.8704,0.157719,0.131167,-0.117231,1.19025,1.15212
5.43687,2.43191,0.994462,22.5352,-2.46303e+17,10.9958,0.0910858,0.0895042,-0.00828994,1.19428,1.16097
5.43687,2.43191,0.994462,22.5352,-2.46303e+17,10.9958,0.0919867,0.0895042,-0.00828994,1.19428,1.16097
5.43687,2.43191,0.994462,22.5352,-2.46303e+17,10.9958,0.0930545,0.0895042,-0.00828994,1.19428,1.16097
5.43687,2.43191,0.994462,22.5352,-2.46303e+17,10.9958,0.0942835,0.0895042,-0.00828994,1.19428,1.16097
5.43687,2.43191,0.994462,22.5352,-2.46303e+17,10.9958,0.0956675,0.0895042,-0.00828994,1.19428,1.16097
5.43687,2.43191,0.994462,22.5352,-2.46303e+17,10.9958,0.0971998,0.0895042,-0.00828994,1.19428,1.16097
5.43687,2.43191,0.994462,22.5352,-2.46303e+17,10.9958,0.0988736,0.0895042,-0.00828994,1.19428,1.16097
5.43687,2.43191,0.994462,22.5352,-2.46303e+17,10.9958,0.100682,0.0895042,-0.00828994,1.19428,1.16097
5.43687,2.43191,0.994462,22.5352,-2.46303e+17,10.9958,0.102617,0.0895042,-0.00828994,1.19428,1.16097
5.43687,2.43191,0.994462,22.5352,-2.46303e+17,10.9958,0.104673,0.0895042,-0.00828994,1.19428,1.16097
5.43687,2.43191,0.994462,22.5352,-2.46303e+17,10.9958,0.106842,0.0895042,-0.00828994,1.19428,1.16097
5.43687,2.43191,0.994462,22.5352,-2.46303e+17,10.9958,0.109118,0.0895042,-0.00828994,1.19428,1.16097
5.43687,2.43191,0.994462,22.5352,-2.46303e+17,10.9958,0.111493,0.0895042,-0.00828994,1.19428,1.16097
5.43687,2.43191,0.994462,22.5352,-2.46303e+17,10.9958,0.113963,0.0895042,-0.00828994,1.19428,1.16097
5.43687,2.43191,0.994462,22.5352,-2.46303e+17,10.9958,0.11652,0.0895042,-0.00828994,1.19428,1.16097
5.43687,2.43191,0.994462,22.5352,-2.46303e+17,10.9958,0.119159,0.0895042,-0.00828994,1.19428,1.16097
5.43687,2.43191,0.994462,22.5352,-2.46303e+17,10.9958,0.121875,0.0895042,-0.00828994,1.19428,1.16097
5.43687,2.43191,0.994462,22.5352,-2.46303e+17,10.9958,0.124663,0.0895042,-0.00828994,1.19428,1.16097
5.43687,2.43191,0.994462,22.5352,-2.46303e+17,10.9958,0.127518,0.0895042,-0.00828994,1.19428,1.16097
5.43687,2.43191,0.994462,22.5352,-2.46303e+17,10.9958,0.130436,0.0895042,-0.00828994,1.19428,1.16097
5.43687,2.43191,0.994462,22.5352,-2.46303e+17,10.9958,0.133412,0.0895042,-0.00828994,1.19428,1.16097
5.43687,2.43191,0.994462,22.5352,-2.46303e+17,10.9958,0.136443,0.0895042,-0.00828994,1.19428,1.16097
5.43687,2.43191,0.994462,22.5352,-2.46303e+17,10.9958,0.139525,0.0895042,-0.00828994,1.19428,1.16097
5.43687,2.43191,0.994462,22.5352,-2.46303e+17,10.9958,0.142655,0.0895042,-0.00828994,1.19428,1.16097
5.43687,2.43191,0.994462,22.5352,-2.46303e+17,10.9958,0.14583,0.0895042,-0.00828994,1.19428,1.16097
5.43687,2.43191,0.994462,22.5352,-2.46303e+17,10.9958,0.149047,0.0895042,-0.00828994,1.19428,1.16097
5.43687,2.43191,0.994462,22.5352,-2.46303e+17,10.9958,0.152303,0.0895042,-0.00828994,1.19428,1.16097
5.44711,2.44484,0.995562,-6.16017,-6.12744e+16,11.2816,0.106454,0.0961058,0.0646082,1.19843,1.15862
5.44711,2.44484,0.995562,-6.16017,-6.12744e+16,11.2816,0.108582,0.0961058,0.0646082,1.19843,1.15862
5.44711,2.44484,0.995562,-6.16017,-6.12744e+16,11.2816,0.110815,0.0961058,0.0646082,1.19843,1.15862
5.44711,2.44484,0.995562,-6.16017,-6.12744e+16,11.2816,0.113149,0.0961058,0.0646082,1.19843,1.15862
5.44711,2.44484,0.995562,-6.16017,-6.12744e+16,11.2816,0.115577,0.0961058,0.0646082,1.19843,1.15862
5.44711,2.44484,0.995562,-6.16017,-6.12744e+16,11.2816,0.118093,0.0961058,0.0646082,1.19843,1.15862
5.44711,2.44484,0.995562,-6.16017,-6.12744e+16,11.2816,0.120693,0.0961058,0.0646082,1.19843,1.15862
5.44711,2.44484,0.995562,-6.16017,-6.12744e+16,11.2816,0.123369,0.0961058,0.0646082,1.19843,1.15862
5.44711,2.44484,0.995562,-6.16017,-6.12744e+16,11.2816,0.126119,0.0961058,0.0646082,1.19843,1.15862
5.44711,2.44484,0.995562,-6.16017,-6.12744e+16,11.2816,0.128936,0.0961058,0.0646082,1.19843,1.15862
5.44711,2.44484,0.995562,-6.16017,-6.12744e+16,11.2816,0.131817,0.0961058,0.0646082,1.19843,1.15862
5.44711,2.44484,0.995562,-6.16017,-6.12744e+16,11.2816,0.134758,0.0961058,0.0646082,1.19843,1.15862
5.44711,2.44484,0.995562,-6.16017,-6.12744e+16,11.2816,0.137754,0.0961058,0.0646082,1.19843,1.15862
5.44711,2.44484,0.995562,-6.16017,-6.12744e+16,11.2816,0.140803,0.0961058,0.0646082,1.19843,1.15862
5.44711,2.44484,0.995562,-6.16017,-6.12744e+16,11.2816,0.1439,0.0961058,0.0646082,1.19843,1.15862
5.44711,2.44484,0.995562,-6.16017,-6.12744e+16,11.2816,0.147044,0.0961058,0.0646082,1.19843,1.15862
5.44711,2.44484,0.995562,-6.16017,-6.12744e+16,11.2816,0.15023,0.0961058,0.0646082,1.19843,1.15862
5.44711,2.44484,0.995562,-6.16017,-6.12744e+16,11.2816,0.153456,0.0961058,0.0646082,1.19843,1.15862
5.45601,2.44816,0.9958,1.24306,-1.23171e+16,11.4301,0.1148,0.123914,0.116519,1.19599,1.16353
5.45601,2.44816,0.9958,1.24306,-1.23171e+16,11.4301,0.117493,0.123914,0.116519,1.19599,1.16353
5.45601,2.44816,0.9958,1.24306,-1.23171e+16,11.4301,0.120262,0.123914,0.116519,1.19599,1.16353
