4.43379,3.53591,1.81427,58.0148,8.17467,6.22251,6.68169e-05,9.59642e-05,-0.191854,1.19999,0.750014
4.43379,3.53591,1.81427,58.0148,8.17467,6.22251,0.00397534,9.59642e-05,-0.191854,1.19999,0.750014
4.4598,3.54715,1.79628,61.3867,8.0746,6.30027,0.000165676,0.000197111,-0.183685,1.2,0.750064
4.4598,3.54715,1.79628,61.3867,8.0746,6.30027,0.00388804,0.000197111,-0.183685,1.2,0.750064
4.48782,3.55913,1.77732,65.1542,7.96718,6.37989,0.000183552,0.000207779,-0.175593,1.2,0.75008
4.48782,3.55913,1.77732,65.1542,7.96718,6.37989,0.00387622,0.000207779,-0.175593,1.2,0.75008
4.51767,3.57175,1.75753,69.3616,7.85389,6.46075,0.000200674,0.000218122,-0.167501,1.20001,0.750097
4.51767,3.57175,1.75753,69.3616,7.85389,6.46075,0.003866,0.000218122,-0.167501,1.20001,0.750097
4.54947,3.58498,1.7369,74.0726,7.73518,6.54246,0.0002202,0.000230062,-0.159409,1.20001,0.750116
4.54947,3.58498,1.7369,74.0726,7.73518,6.54246,0.00385511,0.000230062,-0.159409,1.20001,0.750116
4.58338,3.5988,1.71544,79.3612,7.61177,6.6243,0.000242613,0.00024398,-0.151316,1.20002,0.750137
4.58338,3.5988,1.71544,79.3612,7.61177,6.6243,0.00384348,0.00024398,-0.151316,1.20002,0.750137
4.61953,3.61317,1.69314,85.3141,6.70481,7.48513,0.000268366,0.000260271,-0.143222,1.20002,0.750162
4.61953,3.61317,1.69314,85.3141,6.70481,7.48513,0.00383113,0.000260271,-0.143222,1.20002,0.750162
4.65807,3.62806,1.67002,92.0325,6.78042,7.3588,0.000297977,0.000279392,-0.135126,1.20003,0.750191
4.65807,3.62806,1.67002,92.0325,6.78042,7.3588,0.00381812,0.000279392,-0.135126,1.20003,0.750191
4.69913,3.6434,1.64611,99.6333,6.84068,0.607494,0.000332042,0.000301861,-0.12703,1.20003,0.750225
4.69913,3.6434,1.64611,99.6333,6.84068,0.607494,0.00380458,0.000301861,-0.12703,1.20003,0.750225
4.74285,3.65914,1.62143,108.251,6.85327,7.17072,0.000371232,0.000328252,-0.118933,1.20004,0.750263
4.74285,3.65914,1.62143,108.251,6.85327,7.17072,0.00379072,0.000328252,-0.118933,1.20004,0.750263
4.78931,3.67519,1.59605,118.037,7.1789,6.78058,0.000416291,0.000359177,-0.110835,1.20004,0.750308
4.78931,3.67519,1.59605,118.037,7.1789,6.78058,0.00377692,0.000359177,-0.110835,1.20004,0.750308
4.83856,3.69146,1.57006,129.159,7.23745,6.653,0.000468015,0.000395256,-0.102736,1.20005,0.75036
4.83856,3.69146,1.57006,129.159,7.23745,6.653,0.00376372,0.000395256,-0.102736,1.20005,0.75036
4.89055,3.70784,1.54356,141.792,7.31239,6.50466,0.00052722,0.000437066,-0.0946369,1.20006,0.75042
4.89055,3.70784,1.54356,141.792,7.31239,6.50466,0.00375196,0.000437066,-0.0946369,1.20006,0.75042
4.94514,3.72418,1.51674,156.109,7.39181,6.34775,0.000594669,0.000485055,-0.0865383,1.20007,0.75049
4.94514,3.72418,1.51674,156.109,7.39181,6.34775,0.00374281,0.000485055,-0.0865383,1.20007,0.75049
5.00199,3.74032,1.48981,172.256,7.47112,6.18737,0.000670961,0.000539426,-0.078441,1.20008,0.750569
5.00199,3.74032,1.48981,172.256,7.47112,6.18737,0.00373788,0.000539426,-0.078441,1.20008,0.750569
5.06056,3.75606,1.46307,190.312,7.54779,6.02689,0.000756359,0.000599966,-0.0703464,1.20009,0.750659
5.06056,3.75606,1.46307,190.312,7.54779,6.02689,0.00373929,0.000599966,-0.0703464,1.20009,0.750659
5.11999,3.77117,1.4369,210.232,7.61996,5.86941,0.000850541,0.000665848,-0.0622564,1.2001,0.750759
5.11999,3.77117,1.4369,210.232,7.61996,5.86941,0.00374965,0.000665848,-0.0622564,1.2001,0.750759
5.17903,3.78538,1.41181,231.761,7.68606,5.71831,0.000952277,0.000735414,-0.0541737,1.20011,0.750869
5.17903,3.78538,1.41181,231.761,7.68606,5.71831,0.00377191,0.000735414,-0.0541737,1.20011,0.750869
5.23599,3.79839,1.38839,254.336,7.74471,5.57743,0.00105906,0.000806029,-0.0461011,1.20012,0.750987
5.23599,3.79839,1.38839,254.336,7.74471,5.57743,0.00380901,0.000806029,-0.0461011,1.20012,0.750987
5.28873,3.80986,1.36736,276.983,7.79473,5.4511,0.00116678,0.000874125,-0.038042,1.20013,0.751107
5.28873,3.80986,1.36736,276.983,7.79473,5.4511,0.00386316,0.000874125,-0.038042,1.20013,0.751107
3.81947,5.33469,1.34951,298.278,7.8352,5.34397,0.00126957,0.000935555,-0.0299995,1.20014,0.751224
3.81947,5.33469,1.34951,298.278,7.8352,5.34397,0.00393495,0.000935555,-0.0299995,1.20014,0.751224
3.82688,5.37115,1.33566,316.414,7.86545,5.26072,0.00136005,0.000986289,-0.0219753,1.20015,0.751329
3.82688,5.37115,1.33566,316.414,7.86545,5.26072,0.00402235,0.000986289,-0.0219753,1.20015,0.751329
3.8318,5.39553,1.32654,329.463,7.88504,5.20556,0.00143012,0.00102323,-0.0139689,1.20016,0.751411
3.8318,5.39553,1.32654,329.463,7.88504,5.20556,0.00412021,0.00102323,-0.0139689,1.20016,0.751411
3.83402,1.32273,5.40587,335.797,7.89375,0.756012,0.00147239,0.00104464,-0.00597656,1.20016,0.751461
3.83402,1.32273,5.40587,335.797,7.89375,0.756012,0.00422062,0.00104464,-0.00597656,1.20016,0.751461
3.83436,5.4061,1.32221,334.678,7.89378,0.756309,0.00302939,0.00499685,-0.000249631,1.20019,0.751997
3.83009,5.40542,1.32512,320.733,5.18932,0.754648,0.00354486,0.00462584,0.00287037,1.20097,0.748794
3.82096,5.39914,1.3261,298.611,5.21369,0.754093,0.0050666,0.00748959,0.00552987,1.19897,0.748073
3.82096,5.39914,1.3261,298.611,5.21369,0.754093,0.00888447,0.00748959,0.00552987,1.19897,0.748073
3.82096,5.39914,1.3261,298.611,5.21369,0.754093,0.0128393,0.00748959,0.00552987,1.19897,0.748073
3.82096,5.39914,1.3261,298.611,5.21369,0.754093,0.0168348,0.00748959,0.00552987,1.19897,0.748073
3.82096,5.39914,1.3261,298.611,5.21369,0.754093,0.0208476,0.00748959,0.00552987,1.19897,0.748073
3.82096,5.39914,1.3261,298.611,5.21369,0.754093,0.0248694,0.00748959,0.00552987,1.19897,0.748073
3.82025,5.39874,1.32715,300.442,7.84608,0.753496,0.0196214,0.0143232,0.0149917,1.19886,0.746967
3.82025,5.39874,1.32715,300.442,7.84608,0.753496,0.0236157,0.0143232,0.0149917,1.19886,0.746967
3.82058,5.39885,1.32707,301.326,7.8471,0.753541,0.0212168,0.0195962,0.0214471,1.19878,0.747064
3.82093,5.399,1.32698,302.314,7.84833,0.753591,0.0212565,0.0228063,0.025437,1.19872,0.747163
3.82136,5.39921,1.32687,303.479,7.84984,0.753655,0.0220272,0.0253796,0.0286864,1.19868,0.747278
3.84272,5.41198,1.32096,355.888,7.92392,0.757026,0.0251645,0.0255868,0.0296185,1.20169,0.753008
3.84272,5.41198,1.32096,355.888,7.92392,0.757026,0.029172,0.0255868,0.0296185,1.20169,0.753008
3.84272,5.41198,1.32096,355.888,7.92392,0.757026,0.0331875,0.0255868,0.0296185,1.20169,0.753008
3.84272,5.41198,1.32096,355.888,7.92392,0.757026,0.0372084,0.0255868,0.0296185,1.20169,0.753008
3.84272,5.41198,1.32096,355.888,7.92392,0.757026,0.0412331,0.0255868,0.0296185,1.20169,0.753008
3.84272,5.41198,1.32096,355.888,7.92392,0.757026,0.0452606,0.0255868,0.0296185,1.20169,0.753008
3.84272,5.41198,1.32096,355.888,7.92392,0.757026,0.0492902,0.0255868,0.0296185,1.20169,0.753008
3.84272,5.41198,1.32096,355.888,7.92392,0.757026,0.0533214,0.0255868,0.0296185,1.20169,0.753008
3.84272,5.41198,1.32096,355.888,7.92392,0.757026,0.057354,0.0255868,0.0296185,1.20169,0.753008
3.84272,5.41198,1.32096,355.888,7.92392,0.757026,0.0613875,0.0255868,0.0296185,1.20169,0.753008
3.84272,5.41198,1.32096,355.888,7.92392,0.757026,0.065422,0.0255868,0.0296185,1.20169,0.753008
3.84272,5.41198,1.32096,355.888,7.92392,0.757026,0.0694571,0.0255868,0.0296185,1.20169,0.753008
3.84272,5.41198,1.32096,355.888,7.92392,0.757026,0.0734928,0.0255868,0.0296185,1.20169,0.753008
3.84272,5.41198,1.32096,355.888,7.92392,0.757026,0.0775289,0.0255868,0.0296185,1.20169,0.753008
3.84272,5.41198,1.32096,355.888,7.92392,0.757026,0.0815655,0.0255868,0.0296185,1.20169,0.753008
3.84272,5.41198,1.32096,355.888,7.92392,0.757026,0.0856025,0.0255868,0.0296185,1.20169,0.753008
3.84272,5.41198,1.32096,355.888,7.92392,0.757026,0.0896398,0.0255868,0.0296185,1.20169,0.753008
3.84272,5.41198,1.32096,355.888,7.92392,0.757026,0.0936773,0.0255868,0.0296185,1.20169,0.753008
3.84272,5.41198,1.32096,355.888,7.92392,0.757026,0.0977151,0.0255868,0.0296185,1.20169,0.753008
3.84272,5.41198,1.32096,355.888,7.92392,0.757026,0.101753,0.0255868,0.0296185,1.20169,0.753008
3.84272,5.41198,1.32096,355.888,7.92392,0.757026,0.105791,0.0255868,0.0296185,1.20169,0.753008
3.84272,5.41198,1.32096,355.888,7.92392,0.757026,0.10983,0.0255868,0.0296185,1.20169,0.753008
3.84272,5.41198,1.32096,355.888,7.92392,0.757026,0.113868,0.0255868,0.0296185,1.20169,0.753008
3.84272,5.41198,1.32096,355.888,7.92392,0.757026,0.117907,0.0255868,0.0296185,1.20169,0.753008
3.84272,5.41198,1.32096,355.888,7.92392,0.757026,0.121945,0.0255868,0.0296185,1.20169,0.753008
3.84134,5.41059,1.32285,357.528,7.92122,5.16259,0.0847699,0.0605538,0.0707952,1.19997,0.751273
3.84134,5.41059,1.32285,357.528,7.92122,5.16259,0.0888099,0.0605538,0.0707952,1.19997,0.751273
3.84134,5.41059,1.32285,357.528,7.92122,5.16259,0.0928499,0.0605538,0.0707952,1.19997,0.751273
3.84134,5.41059,1.32285,357.528,7.92122,5.16259,0.0968899,0.0605538,0.0707952,1.19997,0.751273
3.84134,5.41059,1.32285,357.528,7.92122,5.16259,0.10093,0.0605538,0.0707952,1.19997,0.751273
3.84134,5.41059,1.32285,357.528,7.92122,5.16259,0.10497,0.0605538,0.0707952,1.19997,0.751273
3.84134,5.41059,1.32285,357.528,7.92122,5.16259,0.10901,0.0605538,0.0707952,1.19997,0.751273
3.84134,5.41059,1.32285,357.528,7.92122,5.16259,0.11305,0.0605538,0.0707952,1.19997,0.751273
3.84134,5.41059,1.32285,357.528,7.92122,5.16259,0.117091,0.0605538,0.0707952,1.19997,0.751273
3.84134,5.41059,1.32285,357.528,7.92122,5.16259,0.121131,0.0605538,0.0707952,1.19997,0.751273
3.84166,5.41,1.32324,357.946,7.92172,5.16357,0.0958702,0.085363,0.100117,1.19807,0.751225
3.84166,5.41,1.32324,357.946,7.92172,5.16357,0.0999095,0.085363,0.100117,1.19807,0.751225
3.84166,5.41,1.32324,357.946,7.92172,5.16357,0.0999095,0.085363,0.100117,1.19807,0.751225
3.84166,5.41,1.32324,357.946,7.92172,5.16357,0.0999104,0.085363,0.100117,1.19807,0.751225
3.84166,5.41,1.32324,357.946,7.92172,5.16357,0.0999751,0.085363,0.100117,1.19807,0.751225
3.84166,5.41,1.32324,357.946,7.92172,5.16357,0.100104,0.085363,0.100117,1.19807,0.751225
3.84166,5.41,1.32324,357.946,7.92172,5.16357,0.100295,0.085363,0.100117,1.19807,0.751225
3.84166,5.41,1.32324,357.946,7.92172,5.16357,0.10055,0.085363,0.100117,1.19807,0.751225
3.84166,5.41,1.32324,357.946,7.92172,5.16357,0.100868,0.085363,0.100117,1.19807,0.751225
3.84166,5.41,1.32324,357.946,7.92172,5.16357,0.101247,0.085363,0.100117,1.19807,0.751225
3.84166,5.41,1.32324,357.946,7.92172,5.16357,0.101688,0.085363,0.100117,1.19807,0.751225
3.84166,5.41,1.32324,357.946,7.92172,5.16357,0.10219,0.085363,0.100117,1.19807,0.751225
3.84166,5.41,1.32324,357.946,7.92172,5.16357,0.102751,0.085363,0.100117,1.19807,0.751225
3.84166,5.41,1.32324,357.946,7.92172,5.16357,0.10337,0.085363,0.100117,1.19807,0.751225
3.84166,5.41,1.32324,357.946,7.92172,5.16357,0.104048,0.085363,0.100117,1.19807,0.751225
3.84166,5.41,1.32324,357.946,7.92172,5.16357,0.104781,0.085363,0.100117,1.19807,0.751225
3.84166,5.41,1.32324,357.946,7.92172,5.16357,0.10557,0.085363,0.100117,1.19807,0.751225
3.84166,5.41,1.32324,357.946,7.92172,5.16357,0.106414,0.085363,0.100117,1.19807,0.751225
3.84166,5.41,1.32324,357.946,7.92172,5.16357,0.10731,0.085363,0.100117,1.19807,0.751225
3.84166,5.41,1.32324,357.946,7.92172,5.16357,0.108257,0.085363,0.100117,1.19807,0.751225
3.84166,5.41,1.32324,357.946,7.92172,5.16357,0.109255,0.085363,0.100117,1.19807,0.751225
3.84166,5.41,1.32324,357.946,7.92172,5.16357,0.110301,0.085363,0.100117,1.19807,0.751225
3.84166,5.41,1.32324,357.946,7.92172,5.16357,0.111395,0.085363,0.100117,1.19807,0.751225
3.84166,5.41,1.32324,357.946,7.92172,5.16357,0.112535,0.085363,0.100117,1.19807,0.751225
3.84166,5.41,1.32324,357.946,7.92172,5.16357,0.11372,0.085363,0.100117,1.19807,0.751225
3.84166,5.41,1.32324,357.946,7.92172,5.16357,0.114948,0.085363,0.100117,1.19807,0.751225
3.84166,5.41,1.32324,357.946,7.92172,5.16357,0.116217,0.085363,0.100117,1.19807,0.751225
3.84166,5.41,1.32324,357.946,7.92172,5.16357,0.117528,0.085363,0.100117,1.19807,0.751225
3.84166,5.41,1.32324,357.946,7.92172,5.16357,0.118877,0.085363,0.100117,1.19807,0.751225
3.84166,5.41,1.32324,357.946,7.92172,5.16357,0.120265,0.085363,0.100117,1.19807,0.751225
3.84166,5.41,1.32324,357.946,7.92172,5.16357,0.121689,0.085363,0.100117,1.19807,0.751225
3.84166,5.41,1.32324,357.946,7.92172,5.16357,0.123148,0.085363,0.100117,1.19807,0.751225
3.84166,5.41,1.32324,357.946,7.92172,5.16357,0.124641,0.085363,0.100117,1.19807,0.751225
3.84166,5.41,1.32324,357.946,7.92172,5.16357,0.126168,0.085363,0.100117,1.19807,0.751225
3.84166,5.41,1.32324,357.946,7.92172,5.16357,0.127725,0.085363,0.100117,1.19807,0.751225
3.84166,5.41,1.32324,357.946,7.92172,5.16357,0.129314,0.085363,0.100117,1.19807,0.751225
3.84166,5.41,1.32324,357.946,7.92172,5.16357,0.130932,0.085363,0.100117,1.19807,0.751225
3.84166,5.41,1.32324,357.946,7.92172,5.16357,0.132578,0.085363,0.100117,1.19807,0.751225
3.84166,5.41,1.32324,357.946,7.92172,5.16357,0.134252,0.085363,0.100117,1.19807,0.751225
3.84166,5.41,1.32324,357.946,7.92172,5.16357,0.135952,0.085363,0.100117,1.19807,0.751225
3.84166,5.41,1.32324,357.946,7.92172,5.16357,0.137677,0.085363,0.100117,1.19807,0.751225
3.84166,5.41,1.32324,357.946,7.92172,5.16357,0.139427,0.085363,0.100117,1.19807,0.751225
3.84166,5.41,1.32324,357.946,7.92172,5.16357,0.1412,0.085363,0.100117,1.19807,0.751225
3.84166,5.41,1.32324,357.946,7.92172,5.16357,0.142996,0.085363,0.100117,1.19807,0.751225
3.84166,5.41,1.32324,357.946,7.92172,5.16357,0.144813,0.085363,0.100117,1.19807,0.751225
3.84166,5.41,1.32324,357.946,7.92172,5.16357,0.146651,0.085363,0.100117,1.19807,0.751225
3.84166,5.41,1.32324,357.946,7.92172,5.16357,0.14851,0.085363,0.100117,1.19807,0.751225
3.84166,5.41,1.32324,357.946,7.92172,5.16357,0.150388,0.085363,0.100117,1.19807,0.751225
3.84166,5.41,1.32324,357.946,7.92172,5.16357,0.152285,0.085363,0.100117,1.19807,0.751225
3.84166,5.41,1.32324,357.946,7.92172,5.16357,0.1542,0.085363,0.100117,1.19807,0.751225
3.84166,5.41,1.32324,357.946,7.92172,5.16357,0.156132,0.085363,0.100117,1.19807,0.751225
3.84166,5.41,1.32324,357.946,7.92172,5.16357,0.158081,0.085363,0.100117,1.19807,0.751225
3.87413,5.426,1.28787,333.617,7.97441,5.12491,0.127091,0.0988759,0.107127,1.19791,0.789531
3.87413,5.426,1.28787,333.617,7.97441,5.12491,0.128828,0.0988759,0.107127,1.19791,0.789531
3.87413,5.426,1.28787,333.617,7.97441,5.12491,0.13059,0.0988759,0.107127,1.19791,0.789531
3.87413,5.426,1.28787,333.617,7.97441,5.12491,0.132377,0.0988759,0.107127,1.19791,0.789531
3.87413,5.426,1.28787,333.617,7.97441,5.12491,0.134188,0.0988759,0.107127,1.19791,0.789531
3.87413,5.426,1.28787,333.617,7.97441,5.12491,0.136021,0.0988759,0.107127,1.19791,0.789531
3.87413,5.426,1.28787,333.617,7.97441,5.12491,0.137877,0.0988759,0.107127,1.19791,0.789531
3.87413,5.426,1.28787,333.617,7.97441,5.12491,0.139753,0.0988759,0.107127,1.19791,0.789531
3.87413,5.426,1.28787,333.617,7.97441,5.12491,0.14165,0.0988759,0.107127,1.19791,0.789531
3.87413,5.426,1.28787,333.617,7.97441,5.12491,0.143566,0.0988759,0.107127,1.19791,0.789531
3.87413,5.426,1.28787,333.617,7.97441,5.12491,0.1455,0.0988759,0.107127,1.19791,0.789531
3.87413,5.426,1.28787,333.617,7.97441,5.12491,0.147453,0.0988759,0.107127,1.19791,0.789531
3.87413,5.426,1.28787,333.617,7.97441,5.12491,0.149422,0.0988759,0.107127,1.19791,0.789531
3.87413,5.426,1.28787,333.617,7.97441,5.12491,0.151408,0.0988759,0.107127,1.19791,0.789531
3.87413,5.426,1.28787,333.617,7.97441,5.12491,0.15341,0.0988759,0.107127,1.19791,0.789531
3.87413,5.426,1.28787,333.617,7.97441,5.12491,0.155427,0.0988759,0.107127,1.19791,0.789531
3.89864,5.43888,1.26031,325.523,8.02516,5.09057,0.131642,0.115778,0.111325,1.19682,0.819423
3.89864,5.43888,1.26031,325.523,8.02516,5.09057,0.133519,0.115778,0.111325,1.19682,0.819423
3.89864,5.43888,1.26031,325.523,8.02516,5.09057,0.135416,0.115778,0.111325,1.19682,0.819423
3.89864,5.43888,1.26031,325.523,8.02516,5.09057,0.137333,0.115778,0.111325,1.19682,0.819423
3.89864,5.43888,1.26031,325.523,8.02516,5.09057,0.13927,0.115778,0.111325,1.19682,0.819423
3.89864,5.43888,1.26031,325.523,8.02516,5.09057,0.141226,0.115778,0.111325,1.19682,0.819423
3.89864,5.43888,1.26031,325.523,8.02516,5.09057,0.143199,0.115778,0.111325,1.19682,0.819423
3.89864,5.43888,1.26031,325.523,8.02516,5.09057,0.14519,0.115778,0.111325,1.19682,0.819423
3.89864,5.43888,1.26031,325.523,8.02516,5.09057,0.147197,0.115778,0.111325,1.19682,0.819423
3.89864,5.43888,1.26031,325.523,8.02516,5.09057,0.149219,0.115778,0.111325,1.19682,0.819423
3.89864,5.43888,1.26031,325.523,8.02516,5.09057,0.151257,0.115778,0.111325,1.19682,0.819423
3.92066,5.45102,1.23608,331.205,8.08245,5.05411,0.130823,0.131735,0.11409,1.1951,0.845904
4.00909,3.42929,2.00816,6539.85,11.4881,5.35453,0.0348622,0.0248957,0.20237,1.22496,0.971188
4.00909,3.42929,2.00816,6539.85,11.4881,5.35453,0.0331577,0.0248957,0.20237,1.22496,0.971188
4.00909,3.42929,2.00816,6539.85,11.4881,5.35453,0.0315634,0.0248957,0.20237,1.22496,0.971188
4.00909,3.42929,2.00816,6539.85,11.4881,5.35453,0.0300968,0.0248957,0.20237,1.22496,0.971188
4.00909,3.42929,2.00816,6539.85,11.4881,5.35453,0.0287775,0.0248957,0.20237,1.22496,0.971188
4.00909,3.42929,2.00816,6539.85,11.4881,5.35453,0.0276264,0.0248957,0.20237,1.22496,0.971188
4.00909,3.42929,2.00816,6539.85,11.4881,5.35453,0.0266655,0.0248957,0.20237,1.22496,0.971188
4.00909,3.42929,2.00816,6539.85,11.4881,5.35453,0.0259159,0.0248957,0.20237,1.22496,0.971188
4.00909,3.42929,2.00816,6539.85,11.4881,5.35453,0.0253963,0.0248957,0.20237,1.22496,0.971188
4.00909,3.42929,2.00816,6539.85,11.4881,5.35453,0.025121,0.0248957,0.20237,1.22496,0.971188
4.00909,3.42929,2.00816,6539.85,11.4881,5.35453,0.025098,0.0248957,0.20237,1.22496,0.971188
4.00909,3.42929,2.00816,6539.85,11.4881,5.35453,0.0253281,0.0248957,0.20237,1.22496,0.971188
4.00909,3.42929,2.00816,6539.85,11.4881,5.35453,0.0258044,0.0248957,0.20237,1.22496,0.971188
4.00909,3.42929,2.00816,6539.85,11.4881,5.35453,0.0265136,0.0248957,0.20237,1.22496,0.971188
4.00909,3.42929,2.00816,6539.85,11.4881,5.35453,0.0274378,0.0248957,0.20237,1.22496,0.971188
4.00909,3.42929,2.00816,6539.85,11.4881,5.35453,0.0285561,0.0248957,0.20237,1.22496,0.971188
4.00909,3.42929,2.00816,6539.85,11.4881,5.35453,0.0298466,0.0248957,0.20237,1.22496,0.971188
4.00909,3.42929,2.00816,6539.85,11.4881,5.35453,0.031288,0.0248957,0.20237,1.22496,0.971188
4.00909,3.42929,2.00816,6539.85,11.4881,5.35453,0.0328606,0.0248957,0.20237,1.22496,0.971188
4.00909,3.42929,2.00816,6539.85,11.4881,5.35453,0.0345463,0.0248957,0.20237,1.22496,0.971188
4.03789,3.40533,2.00305,5424.36,11.6472,5.37941,0.0250306,0.0123014,0.196228,1.22345,0.989561
4.03789,3.40533,2.00305,5424.36,11.6472,5.37941,0.0259398,0.0123014,0.196228,1.22345,0.989561
4.03789,3.40533,2.00305,5424.36,11.6472,5.37941,0.0259398,0.0123014,0.196228,1.22345,0.989561
4.03789,3.40533,2.00305,5424.36,11.6472,5.37941,0.0256655,0.0123014,0.196228,1.22345,0.989561
4.03789,3.40533,2.00305,5424.36,11.6472,5.37941,0.0260233,0.0123014,0.196228,1.22345,0.989561
4.03789,3.40533,2.00305,5424.36,11.6472,5.37941,0.026988,0.0123014,0.196228,1.22345,0.989561
4.03789,3.40533,2.00305,5424.36,11.6472,5.37941,0.0284982,0.0123014,0.196228,1.22345,0.989561
4.03789,3.40533,2.00305,5424.36,11.6472,5.37941,0.0304728,0.0123014,0.196228,1.22345,0.989561
4.03789,3.40533,2.00305,5424.36,11.6472,5.37941,0.0328281,0.0123014,0.196228,1.22345,0.989561
4.03789,3.40533,2.00305,5424.36,11.6472,5.37941,0.0354884,0.0123014,0.196228,1.22345,0.989561
4.04961,3.39172,2.00107,5310.73,11.7272,5.38311,0.028859,0.0107629,0.184111,1.22365,0.998194
4.04961,3.39172,2.00107,5310.73,11.7272,5.38311,0.0313364,0.0107629,0.184111,1.22365,0.998194
4.04961,3.39172,2.00107,5310.73,11.7272,5.38311,0.0341138,0.0107629,0.184111,1.22365,0.998194
4.05477,3.38387,2.00054,5168.61,11.7804,5.38345,0.030785,0.0156563,0.17479,1.22386,1.00287
4.05477,3.38387,2.00054,5168.61,11.7804,5.38345,0.0334584,0.0156563,0.17479,1.22386,1.00287
4.05634,3.37774,2.00092,4742.06,11.8436,5.38649,0.0295247,0.0222116,0.163444,1.22396,1.00654
4.05634,3.37774,2.00092,4742.06,11.8436,5.38649,0.0318916,0.0222116,0.163444,1.22396,1.00654
4.05634,3.37774,2.00092,4742.06,11.8436,5.38649,0.03457,0.0222116,0.163444,1.22396,1.00654
4.04878,3.38102,2.00162,3824.57,11.8904,5.41271,0.0303494,0.0228591,0.153822,1.2233,1.00608
4.1937,3.58897,1.75271,50737.3,9.81303,7.09799,0.00685094,0.00561933,0.130805,1.20483,1.00483
4.1937,3.58897,1.75271,50737.3,9.81303,7.09799,0.00769122,0.00561933,0.130805,1.20483,1.00483
4.18693,3.59464,1.75583,199940,9.82169,7.10895,0.00610045,0.00432004,0.122539,1.20499,1.00344
4.18693,3.59464,1.75583,199940,9.82169,7.10895,0.00692357,0.00432004,0.122539,1.20499,1.00344
4.18202,3.59629,1.75776,1.05449e+07,9.83978,7.12733,0.00600493,0.00257412,0.114154,1.20449,1.00386
4.18202,3.59629,1.75776,1.05449e+07,9.83978,7.12733,0.00665731,0.00257412,0.114154,1.20449,1.00386
4.18236,3.59509,1.75762,1.01492e+07,9.84393,7.1296,0.00788929,0.00335639,0.111796,1.20451,1.00442
4.17857,3.59694,1.75861,1.5925e+07,9.84175,7.13355,0.00694649,0.00558566,0.107193,1.20443,1.00336
4.17628,3.59744,1.75975,393125,9.8604,7.1444,0.00703929,0.00499007,0.103067,1.20395,1.00417
4.16544,3.60645,1.76285,27296,9.89045,7.17678,0.00445259,0.00328796,0.0972008,1.20196,1.00331
4.16328,3.60597,1.76398,29254.3,9.89003,7.16776,0.00484078,0.00104323,0.0944878,1.20223,1.00238
4.22342,3.67909,1.69369,4.27123e+06,9.39426,7.59346,0.00277879,0.0024126,0.0887145,1.1999,1.00207
4.22236,3.67852,1.69409,1.25271e+07,9.39262,7.59087,0.00366391,0.00193578,0.0861029,1.20005,1.00164
4.22215,3.67774,1.69406,2.55094e+07,9.39315,7.5926,0.00523142,0.0036699,0.0837034,1.20009,1.00179
4.21596,3.68298,1.69511,174690,9.377,7.61924,0.00165626,0.0056115,0.0760045,1.19906,1.00052
4.21369,3.68289,1.69665,163793,9.37873,7.60954,0.00469328,0.00512479,0.0753212,1.19923,0.999626
4.19706,3.69027,1.70351,19610,9.38348,7.61509,0.00497422,0.00274062,0.0662069,1.19734,0.995823
4.19706,3.69027,1.70351,19610,9.38348,7.61509,0.00611165,0.00274062,0.0662069,1.19734,0.995823
4.02936,3.51356,1.89078,1071.04,11.3403,6.41804,0.00343702,0.00265221,0.059779,1.19755,1.00209
4.0279,3.51404,1.89104,1090.53,11.3318,6.41549,0.00387616,0.00231793,0.0574384,1.19771,1.00118
3.97611,3.46804,1.95821,600.594,12.1476,6.00675,0.00165161,0.00156077,0.0520196,1.20009,1.00065
3.97292,3.47022,1.95962,564.335,12.1722,6.00441,1.74058e-05,3.52664e-06,0.0464654,1.19998,1
3.97292,3.47022,1.95962,564.335,12.1722,6.00441,0.00404117,3.52664e-06,0.0464654,1.19998,1
3.9539,3.4572,1.98141,451.024,12.5007,5.88105,0.000151939,0.000236483,0.0385341,1.19998,0.999998
3.9539,3.4572,1.98141,451.024,12.5007,5.88105,0.00419068,0.000236483,0.0385341,1.19998,0.999998
3.93854,3.44751,1.99913,374.769,12.7816,5.78335,0.000106456,0.000187954,0.0304031,1.19997,0.99998
3.93854,3.44751,1.99913,374.769,12.7816,5.78335,0.00414068,0.000187954,0.0304031,1.19997,0.99998
3.92478,3.43899,2.0153,317.708,13.048,5.69516,9.56643e-05,0.000175083,0.0223088,1.19997,0.999974
3.92478,3.43899,2.0153,317.708,13.048,5.69516,0.00412719,0.000175083,0.0223088,1.19997,0.999974
3.91249,3.43156,2.03,273.819,13.2986,5.61569,8.65281e-05,0.000162547,0.0142157,1.19997,0.99997
3.91249,3.43156,2.03,273.819,13.2986,5.61569,0.00411488,0.000162547,0.0142157,1.19997,0.99997
3.90145,3.42503,2.04349,239.115,13.5355,5.54322,8.02134e-05,0.000152812,0.00612558,1.19997,0.999967
3.90145,3.42503,2.04349,239.115,13.5355,5.54322,0.00410565,0.000152812,0.00612558,1.19997,0.999967
3.8915,3.41924,2.05592,211.082,13.7596,5.47654,7.55639e-05,0.000144818,-0.00196257,1.19997,0.999965
3.8915,3.41924,2.05592,211.082,13.7596,5.47654,0.00409833,0.000144818,-0.00196257,1.19997,0.999965
3.88253,3.4141,2.06744,188.036,13.9718,5.41475,7.20412e-05,0.000138136,-0.0100493,1.19996,0.999964
3.88253,3.4141,2.06744,188.036,13.9718,5.41475,0.00409239,0.000138136,-0.0100493,1.19996,0.999964
3.87444,3.40952,2.07813,168.813,14.1726,5.35712,6.92976e-05,0.000132454,-0.0181351,1.19996,0.999963
3.87444,3.40952,2.07813,168.813,14.1726,5.35712,0.00408747,0.000132454,-0.0181351,1.19996,0.999963
3.86717,3.40543,2.08809,152.58,14.3625,5.30307,6.7111e-05,0.000127556,-0.0262201,1.19996,0.999963
3.86717,3.40543,2.08809,152.58,14.3625,5.30307,0.0040833,0.000127556,-0.0262201,1.19996,0.999963
3.86065,3.40178,2.09737,138.729,14.5416,5.25214,6.53351e-05,0.000123286,-0.0343045,1.19996,0.999962
3.86065,3.40178,2.09737,138.729,14.5416,5.25214,0.00407973,0.000123286,-0.0343045,1.19996,0.999962
3.85482,3.39854,2.10603,126.802,14.7103,5.20393,6.38713e-05,0.000119527,-0.0423884,1.19996,0.999962
3.85482,3.39854,2.10603,126.802,14.7103,5.20393,0.0040766,0.000119527,-0.0423884,1.19996,0.999962
3.84967,3.39565,2.11412,116.451,14.8685,5.15811,6.26519e-05,0.000116193,-0.050472,1.19996,0.999962
3.84967,3.39565,2.11412,116.451,14.8685,5.15811,0.00407382,0.000116193,-0.050472,1.19996,0.999962
3.84514,3.3931,2.12168,107.407,15.0165,5.11442,6.16295e-05,0.000113215,-0.0585553,1.19996,0.999961
3.84514,3.3931,2.12168,107.407,15.0165,5.11442,0.00407133,0.000113215,-0.0585553,1.19996,0.999961
3.84121,3.39085,2.12872,99.4563,15.1543,5.07262,6.07703e-05,0.000110542,-0.0666384,1.19996,0.999961
3.84121,3.39085,2.12872,99.4563,15.1543,5.07262,0.00406907,0.000110542,-0.0666384,1.19996,0.999961
3.83785,3.38889,2.1353,92.4298,15.2817,5.0325,6.00501e-05,0.000108131,-0.0747212,1.19996,0.999961
3.83785,3.38889,2.1353,92.4298,15.2817,5.0325,0.004067,0.000108131,-0.0747212,1.19996,0.999961
3.83505,3.3872,2.14141,86.1909,15.3989,4.99389,5.94516e-05,0.000105949,-0.082804,1.19996,0.999961
3.83505,3.3872,2.14141,86.1909,15.3989,4.99389,0.00406507,0.000105949,-0.082804,1.19996,0.999961
3.83279,3.38576,2.14709,80.6284,15.5056,4.95663,5.89619e-05,0.00010397,-0.0908866,1.19996,0.999961
3.83279,3.38576,2.14709,80.6284,15.5056,4.95663,0.00406327,0.00010397,-0.0908866,1.19996,0.999961
3.83106,3.38456,2.15236,75.6507,15.6017,4.92059,5.8572e-05,0.000102171,-0.0989691,1.19996,0.99996
3.83106,3.38456,2.15236,75.6507,15.6017,4.92059,0.00406158,0.000102171,-0.0989691,1.19996,0.99996
3.82983,3.38359,0.204681,71.1823,15.6872,4.88565,5.82751e-05,0.000100535,-0.107052,1.19996,0.99996
3.82983,3.38359,0.204681,71.1823,15.6872,4.88565,0.00405997,0.000100535,-0.107052,1.19996,0.99996
3.8291,3.38282,2.1617,67.16,15.7617,4.85169,5.80665e-05,9.90482e-05,-0.115134,1.19996,0.99996
3.8291,3.38282,2.1617,67.16,15.7617,4.85169,0.00405844,9.90482e-05,-0.115134,1.19996,0.99996
3.82885,3.38226,2.1658,63.5308,15.8251,4.81863,5.79428e-05,9.76972e-05,-0.123216,1.19996,0.99996
3.82885,3.38226,2.1658,63.5308,15.8251,4.81863,0.00405697,9.76972e-05,-0.123216,1.19996,0.99996
3.82909,3.38189,2.16953,60.2501,15.877,4.78636,5.79016e-05,9.64728e-05,-0.131298,1.19996,0.999959
3.82909,3.38189,2.16953,60.2501,15.877,4.78636,0.00405556,9.64728e-05,-0.131298,1.19996,0.999959
3.82761,3.38185,0.208996,60.005,15.8901,4.78478,0.00335029,0.00342877,-0.136168,1.19914,0.999726
3.83016,3.38166,2.17453,55.8807,15.9356,4.73865,0.000105823,0.000207326,-0.143405,1.19996,0.999908
3.83016,3.38166,2.17453,55.8807,15.9356,4.73865,0.00407091,0.000207326,-0.143405,1.19996,0.999908
3.83175,3.38176,2.17731,53.3379,15.9546,4.70873,5.76422e-05,9.15053e-05,-0.151505,1.19996,0.999959
3.83175,3.38176,2.17731,53.3379,15.9546,4.70873,0.00405141,9.15053e-05,-0.151505,1.19996,0.999959
3.83362,3.382,2.17983,51.0126,4.67868,15.9638,5.8401e-05,9.31425e-05,-0.159586,1.19996,0.999958
3.83362,3.382,2.17983,51.0126,4.67868,15.9638,0.00405098,9.31425e-05,-0.159586,1.19996,0.999958
3.83594,3.38241,2.18202,48.9041,4.64913,15.9596,5.87075e-05,9.23413e-05,-0.167668,1.19996,0.999957
3.83594,3.38241,2.18202,48.9041,4.64913,15.9596,0.00404973,9.23413e-05,-0.167668,1.19996,0.999957
3.83872,3.38296,2.18388,46.9933,15.9418,4.62003,5.9105e-05,9.17041e-05,-0.17575,1.19996,0.999957
3.83872,3.38296,2.18388,46.9933,15.9418,4.62003,0.00404852,9.17041e-05,-0.17575,1.19996,0.999957
3.84195,3.38365,2.18542,45.264,15.9097,4.59132,5.95815e-05,9.11598e-05,-0.183832,1.19996,0.999956
3.84195,3.38365,2.18542,45.264,15.9097,4.59132,0.00404735,9.11598e-05,-0.183832,1.19996,0.999956
3.84563,3.38449,2.18664,43.7021,15.863,4.56294,6.01378e-05,9.07085e-05,-0.191914,1.19996,0.999955
3.84563,3.38449,2.18664,43.7021,15.863,4.56294,0.0040462,9.07085e-05,-0.191914,1.19996,0.999955
3.84976,3.38545,2.18756,42.2955,15.8011,4.53487,6.07742e-05,9.03493e-05,-0.199996,1.19996,0.999955
3.84976,3.38545,2.18756,42.2955,15.8011,4.53487,6.07742e-05,9.03493e-05,-0.199996,1.19996,0.999955
3.84976,3.38545,2.18756,42.2955,15.8011,4.53487,0.00257086,9.03493e-05,-0.199996,1.19996,0.999955
3.85275,3.38297,2.18734,42.3397,15.8225,4.53604,0.00325604,0.00165796,-0.20027,1.19962,1.00183
3.86371,3.36966,0.223311,41.756,16.1711,4.47806,0.000170765,9.17707e-05,-0.199837,1.20004,1.0076
3.86371,3.36966,0.223311,41.756,16.1711,4.47806,0.00250204,9.17707e-05,-0.199837,1.20004,1.0076
3.87337,3.35943,0.225199,41.3885,16.4244,4.44051,7.7719e-05,4.38318e-05,-0.199925,1.20002,1.01264
3.87337,3.35943,0.225199,41.3885,16.4244,4.44051,0.00251652,4.38318e-05,-0.199925,1.20002,1.01264
3.88362,3.34942,0.227099,41.0345,16.6822,4.40336,7.78978e-05,4.38814e-05,-0.199924,1.20002,1.01769
3.88362,3.34942,0.227099,41.0345,16.6822,4.40336,0.00251796,4.38814e-05,-0.199924,1.20002,1.01769
3.89437,3.33967,0.22901,40.6889,16.9443,4.36662,7.78163e-05,4.37127e-05,-0.199924,1.20002,1.02273
3.89437,3.33967,0.22901,40.6889,16.9443,4.36662,0.00251964,4.37127e-05,-0.199924,1.20002,1.02273
3.9056,3.33022,0.230931,40.3521,17.2109,4.33029,7.77302e-05,4.35716e-05,-0.199924,1.20002,1.02778
3.9056,3.33022,0.230931,40.3521,17.2109,4.33029,0.00252132,4.35716e-05,-0.199924,1.20002,1.02778
3.9173,3.32107,0.232861,40.0244,17.4818,4.2944,7.76501e-05,4.34627e-05,-0.199924,1.20002,1.03283
3.9173,3.32107,0.232861,40.0244,17.4818,4.2944,0.002523,4.34627e-05,-0.199924,1.20002,1.03283
3.92945,3.31223,0.234799,39.7063,17.7572,4.25895,7.75772e-05,4.33869e-05,-0.199924,1.20002,1.03788
3.92945,3.31223,0.234799,39.7063,17.7572,4.25895,0.00252468,4.33869e-05,-0.199924,1.20002,1.03788
3.94204,3.30373,0.236745,39.3979,18.0369,4.22395,7.75123e-05,4.33446e-05,-0.199924,1.20002,1.04293
3.94204,3.30373,0.236745,39.3979,18.0369,4.22395,0.00252635,4.33446e-05,-0.199924,1.20002,1.04293
3.94504,3.30101,0.236699,39.4544,18.0624,4.22478,0.00325422,0.00169336,-0.200207,1.19963,1.04475
3.96176,3.29165,0.239677,38.9576,18.4648,4.17229,0.000168206,8.79948e-05,-0.199838,1.20004,1.0505
3.96176,3.29165,0.239677,38.9576,18.4648,4.17229,0.00253521,8.79948e-05,-0.199838,1.20004,1.0505
3.97536,3.28402,0.241635,38.6721,18.7552,4.13847,7.71327e-05,4.3279e-05,-0.199925,1.20002,1.05555
3.97536,3.28402,0.241635,38.6721,18.7552,4.13847,0.00253069,4.3279e-05,-0.199925,1.20002,1.05555
3.98941,3.27678,0.2436,38.4008,19.05,4.10509,7.73556e-05,4.34644e-05,-0.199925,1.20002,1.0606
3.98941,3.27678,0.2436,38.4008,19.05,4.10509,0.00253217,4.34644e-05,-0.199925,1.20002,1.0606
4.00384,3.26991,0.245568,38.1407,19.349,4.07218,7.73414e-05,4.35782e-05,-0.199925,1.20002,1.06565
4.00384,3.26991,0.245568,38.1407,19.349,4.07218,0.00253382,4.35782e-05,-0.199925,1.20002,1.06565
4.01867,3.26342,2.18842,37.8922,19.6521,4.03975,7.73337e-05,4.3724e-05,-0.199925,1.20002,1.0707
4.01867,3.26342,2.18842,37.8922,19.6521,4.03975,0.00253547,4.3724e-05,-0.199925,1.20002,1.0707
4.03387,3.25733,2.1858,37.6557,19.9592,4.00779,7.73379e-05,4.39033e-05,-0.199925,1.20002,1.07575
4.03387,3.25733,2.1858,37.6557,19.9592,4.00779,0.0025371,4.39033e-05,-0.199925,1.20002,1.07575
4.04945,3.25162,2.18283,37.4316,20.2703,3.97631,7.73541e-05,4.41156e-05,-0.199925,1.20002,1.0808
4.04945,3.25162,2.18283,37.4316,20.2703,3.97631,0.00253873,4.41156e-05,-0.199925,1.20002,1.0808
4.06539,3.24631,2.17952,37.2202,20.585,3.94529,7.73824e-05,4.43601e-05,-0.199926,1.20002,1.08584
4.06539,3.24631,2.17952,37.2202,20.585,3.94529,0.00254035,4.43601e-05,-0.199926,1.20002,1.08584
4.08169,3.2414,2.17587,37.0221,20.9034,3.91474,7.74227e-05,4.46361e-05,-0.199926,1.20002,1.09089
4.08169,3.2414,2.17587,37.0221,20.9034,3.91474,0.00254196,4.46361e-05,-0.199926,1.20002,1.09089
4.09834,3.23688,2.17189,36.8375,21.225,3.88466,7.74751e-05,4.49429e-05,-0.199926,1.20002,1.09594
4.09834,3.23688,2.17189,36.8375,21.225,3.88466,0.00254356,4.49429e-05,-0.199926,1.20002,1.09594
4.11534,3.23276,2.16758,36.6671,21.5498,3.85505,7.75392e-05,4.52795e-05,-0.199926,1.20002,1.10099
4.11534,3.23276,2.16758,36.6671,21.5498,3.85505,0.00254515,4.52795e-05,-0.199926,1.20002,1.10099
4.13267,3.22904,2.16295,36.5115,21.8774,3.82589,7.76148e-05,4.56449e-05,-0.199927,1.20002,1.10604
4.13267,3.22904,2.16295,36.5115,21.8774,3.82589,0.00254673,4.56449e-05,-0.199927,1.20002,1.10604
4.15035,3.22571,0.263353,36.3711,22.2075,3.79718,7.77017e-05,4.60383e-05,-0.199927,1.20002,1.11109
4.15035,3.22571,0.263353,36.3711,22.2075,3.79718,0.0025483,4.60383e-05,-0.199927,1.20002,1.11109
4.16835,3.22277,2.15276,36.2467,22.5396,3.76892,7.77993e-05,4.64586e-05,-0.199927,1.20002,1.11614
4.16835,3.22277,2.15276,36.2467,22.5396,3.76892,0.00254986,4.64586e-05,-0.199927,1.20002,1.11614
4.18668,3.22022,2.14721,36.1391,22.8733,3.7411,7.79073e-05,4.69049e-05,-0.199928,1.20002,1.12119
4.18668,3.22022,2.14721,36.1391,22.8733,3.7411,0.00255141,4.69049e-05,-0.199928,1.20002,1.12119
4.20533,3.21805,2.14138,36.049,23.2081,3.71371,7.8025e-05,4.73762e-05,-0.199928,1.20002,1.12624
4.20533,3.21805,2.14138,36.049,23.2081,3.71371,0.00255295,4.73762e-05,-0.199928,1.20002,1.12624
4.2243,3.21626,2.13527,35.9775,23.5433,3.68675,7.81519e-05,4.78715e-05,-0.199929,1.20002,1.13128
4.2243,3.21626,2.13527,35.9775,23.5433,3.68675,0.00255447,4.78715e-05,-0.199929,1.20002,1.13128
4.22712,3.21327,2.13587,36.0594,23.5737,3.68716,0.00334744,0.00163889,-0.200156,1.19952,1.13305
4.2533,3.21435,2.12557,35.9062,24.0462,3.64708,0.00017126,0.000104307,-0.19985,1.20004,1.13882
4.2533,3.21435,2.12557,35.9062,24.0462,3.64708,0.00259966,0.000104307,-0.19985,1.20004,1.13882
4.25611,3.21131,2.12622,35.9922,24.0769,3.64749,0.00337625,0.00161607,-0.200113,1.19953,1.1406
4.28302,3.21317,2.11532,35.8837,24.545,3.60834,0.000171981,0.000107268,-0.199852,1.20004,1.14639
4.28302,3.21317,2.11532,35.8837,24.545,3.60834,0.00260515,0.000107268,-0.199852,1.20004,1.14639
4.30327,3.21273,2.10822,35.8997,24.8727,3.58304,7.86532e-05,5.0249e-05,-0.199931,1.20001,1.15148
4.30327,3.21273,2.10822,35.8997,24.8727,3.58304,0.00256055,5.0249e-05,-0.199931,1.20001,1.15148
4.32378,3.21271,2.10086,35.9392,25.1973,3.5581,7.88991e-05,5.06796e-05,-0.199931,1.20001,1.15653
4.32378,3.21271,2.10086,35.9392,25.1973,3.5581,0.00256194,5.06796e-05,-0.199931,1.20001,1.15653
4.34457,3.21303,2.09328,36.0054,25.5166,3.53354,7.90673e-05,5.12994e-05,-0.199932,1.20001,1.16158
4.34457,3.21303,2.09328,36.0054,25.5166,3.53354,0.0025634,5.12994e-05,-0.199932,1.20001,1.16158
4.36567,3.21367,2.0855,36.1001,25.8294,3.50935,7.92384e-05,5.19402e-05,-0.199932,1.20001,1.16663
4.36567,3.21367,2.0855,36.1001,25.8294,3.50935,0.00256485,5.19402e-05,-0.199932,1.20001,1.16663
4.38705,3.21461,2.07751,36.2253,26.1342,3.48552,7.94125e-05,5.25996e-05,-0.199933,1.20001,1.17168
4.38705,3.21461,2.07751,36.2253,26.1342,3.48552,0.00256629,5.25996e-05,-0.199933,1.20001,1.17168
4.40872,3.21585,2.06935,36.3829,26.4299,3.46205,7.9589e-05,5.32773e-05,-0.199934,1.20001,1.17673
4.40872,3.21585,2.06935,36.3829,26.4299,3.46205,0.00256771,5.32773e-05,-0.199934,1.20001,1.17673
4.43068,3.21738,2.06101,36.5749,26.7151,3.43892,7.9767e-05,5.39732e-05,-0.199934,1.20001,1.18178
4.43068,3.21738,2.06101,36.5749,26.7151,3.43892,0.00256913,5.39732e-05,-0.199934,1.20001,1.18178
4.43327,3.21435,2.06181,36.6805,26.7385,3.43922,0.0034334,0.00158878,-0.20013,1.19946,1.18348
4.43582,3.21169,2.06239,36.777,26.7594,3.43916,0.00446833,0.00300429,-0.200133,1.199,1.18504
4.47521,3.22152,2.04378,37.0569,27.2566,3.39363,0.000308075,0.000214558,-0.199768,1.20008,1.19173
4.47521,3.22152,2.04378,37.0569,27.2566,3.39363,0.002722,0.000214558,-0.199768,1.20008,1.19173
4.49823,3.22356,2.03509,37.3763,27.4974,3.3715,8.02859e-05,5.68353e-05,-0.199937,1.20001,1.19692
4.49823,3.22356,2.03509,37.3763,27.4974,3.3715,0.00257349,5.68353e-05,-0.199937,1.20001,1.19692
4.50074,3.22051,2.03592,37.4907,27.5175,3.37179,0.0034624,0.00157051,-0.200123,1.19944,1.19861
4.53284,3.22758,2.02164,37.9081,27.846,3.33885,0.000178791,0.000128867,-0.199869,1.20004,1.20443
4.53284,3.22758,2.02164,37.9081,27.846,3.33885,0.00264257,0.000128867,-0.199869,1.20004,1.20443
4.55643,3.23032,2.01261,38.329,28.0544,3.31746,8.07351e-05,5.84539e-05,-0.199939,1.20001,1.20955
4.55643,3.23032,2.01261,38.329,28.0544,3.31746,0.00257679,5.84539e-05,-0.199939,1.20001,1.20955
4.58018,3.23339,2.00344,38.7884,28.2521,3.29636,8.09136e-05,5.89753e-05,-0.19994,1.20001,1.21459
4.58018,3.23339,2.00344,38.7884,28.2521,3.29636,0.00257805,5.89753e-05,-0.19994,1.20001,1.21459
4.6042,3.23664,1.99419,39.2947,28.4357,3.27553,8.10851e-05,5.98223e-05,-0.19994,1.20001,1.21964
4.6042,3.23664,1.99419,39.2947,28.4357,3.27553,0.00257938,5.98223e-05,-0.19994,1.20001,1.21964
4.62848,3.24005,1.98487,39.8494,28.6057,3.25498,8.12537e-05,6.07023e-05,-0.199941,1.20001,1.22469
4.62848,3.24005,1.98487,39.8494,28.6057,3.25498,0.00258071,6.07023e-05,-0.199941,1.20001,1.22469
4.65301,3.24361,1.97548,40.4541,28.7626,3.23469,8.14207e-05,6.16126e-05,-0.199942,1.20001,1.22974
4.65301,3.24361,1.97548,40.4541,28.7626,3.23469,0.00258203,6.16126e-05,-0.199942,1.20001,1.22974
4.65533,3.24056,1.97639,40.5881,28.7771,3.23496,0.00352757,0.00153009,-0.200111,1.1994,1.23137
4.65765,3.23787,1.97709,40.7168,28.7879,3.23494,0.00463086,0.002919,-0.200093,1.19888,1.23288
4.70249,3.25147,1.95645,41.7935,29.0523,3.19486,0.000320695,0.000254032,-0.199802,1.20008,1.23966
4.70249,3.25147,1.95645,41.7935,29.0523,3.19486,0.00277325,0.000254032,-0.199802,1.20008,1.23966
4.72813,3.25503,1.9471,42.5887,29.1602,3.17532,8.19796e-05,6.56173e-05,-0.199946,1.20001,1.24489
4.72813,3.25503,1.9471,42.5887,29.1602,3.17532,0.00258625,6.56173e-05,-0.199946,1.20001,1.24489
4.75366,3.25902,1.93761,43.4166,29.2696,3.15601,8.2093e-05,6.56554e-05,-0.199947,1.20001,1.24994
4.75366,3.25902,1.93761,43.4166,29.2696,3.15601,8.2093e-05,6.56554e-05,-0.199947,1.20001,1.24994
4.75366,3.25902,1.93761,43.4166,29.2696,3.15601,0.00398784,6.56554e-05,-0.199947,1.20001,1.24994
4.74825,3.26278,1.93341,42.2195,30.8189,3.15803,6.82594e-05,5.94099e-05,-0.191942,1.19994,1.24999
4.74825,3.26278,1.93341,42.2195,30.8189,3.15803,0.00406392,5.94099e-05,-0.191942,1.19994,1.24999
4.7438,3.26728,1.92847,41.1229,32.5024,3.15943,6.51458e-05,6.54674e-05,-0.183856,1.19994,1.24999
4.7438,3.26728,1.92847,41.1229,32.5024,3.15943,0.00405897,6.54674e-05,-0.183856,1.19994,1.24999
4.74006,3.27222,1.92296,40.1173,34.3268,3.16047,6.25362e-05,6.96496e-05,-0.175772,1.19994,1.25
4.74006,3.27222,1.92296,40.1173,34.3268,3.16047,0.00405554,6.96496e-05,-0.175772,1.19994,1.25
4.73704,3.27764,1.91687,39.2038,36.2986,3.16116,6.02563e-05,7.42275e-05,-0.167688,1.19994,1.25
4.73704,3.27764,1.91687,39.2038,36.2986,3.16116,0.00405199,7.42275e-05,-0.167688,1.19994,1.25
4.73476,3.28358,1.91016,38.7925,38.0202,3.16153,5.82821e-05,7.91872e-05,-0.159603,1.19994,1.25
4.73476,3.28358,1.91016,38.7925,38.0202,3.16153,0.00404826,7.91872e-05,-0.159603,1.19994,1.25
4.73323,3.29009,1.90282,40.9578,37.4347,3.1616,5.66228e-05,8.44976e-05,-0.151519,1.19994,1.25
4.73323,3.29009,1.90282,40.9578,37.4347,3.1616,0.00404431,8.44976e-05,-0.151519,1.19994,1.25
4.73248,3.29721,1.89481,43.574,36.6921,3.16139,5.53008e-05,9.01445e-05,-0.143434,1.19994,1.25
4.73248,3.29721,1.89481,43.574,36.6921,3.16139,0.0040401,9.01445e-05,-0.143434,1.19994,1.25
4.73255,3.305,1.88609,46.4827,35.9819,3.16093,5.43556e-05,9.61303e-05,-0.135348,1.19995,1.25
4.73255,3.305,1.88609,46.4827,35.9819,3.16093,0.00403559,9.61303e-05,-0.135348,1.19995,1.25
4.73346,3.31352,1.87664,49.7205,35.3074,3.16025,5.3851e-05,0.000102474,-0.127263,1.19995,1.25001
4.73346,3.31352,1.87664,49.7205,35.3074,3.16025,0.0040307,0.000102474,-0.127263,1.19995,1.25001
4.73527,3.32282,1.8664,53.3419,34.6657,3.15935,5.38833e-05,0.000109211,-0.119177,1.19995,1.25001
4.73527,3.32282,1.8664,53.3419,34.6657,3.15935,0.00402536,0.000109211,-0.119177,1.19995,1.25001
4.73802,3.33298,1.85533,57.416,34.053,3.15829,5.45933e-05,0.000116399,-0.11109,1.19995,1.25
4.73802,3.33298,1.85533,57.416,34.053,3.15829,0.00401948,0.000116399,-0.11109,1.19995,1.25
4.74178,3.34408,1.84337,62.0306,33.4657,3.15707,5.61798e-05,0.000124121,-0.103003,1.19995,1.25
4.74178,3.34408,1.84337,62.0306,33.4657,3.15707,0.00401296,0.000124121,-0.103003,1.19995,1.25
4.74663,3.35622,1.83047,67.2979,32.9003,3.15574,5.89154e-05,0.000132497,-0.0949144,1.19995,1.25
4.74663,3.35622,1.83047,67.2979,32.9003,3.15574,0.00400563,0.000132497,-0.0949144,1.19995,1.25
4.75266,3.36949,1.81654,73.364,32.3537,3.15432,6.31642e-05,0.000141696,-0.0868253,1.19995,1.25
4.75266,3.36949,1.81654,73.364,32.3537,3.15432,0.00399732,0.000141696,-0.0868253,1.19995,1.25
4.75802,3.36891,1.8166,73.8199,32.4266,3.15413,0.00310812,0.00456025,-0.0813483,1.20038,1.25172
4.76356,3.39122,1.79409,84.2944,31.5665,3.15257,0.000107744,0.00029929,-0.0746647,1.19993,1.24998
4.76356,3.39122,1.79409,84.2944,31.5665,3.15257,0.00395827,0.00029929,-0.0746647,1.19993,1.24998
4.76875,3.39097,1.79405,84.8579,31.6262,3.15238,0.00302089,0.00461465,-0.0692223,1.20036,1.25157
4.76864,3.39813,1.79128,85.9807,31.4297,3.15349,0.00454912,0.00437126,-0.0666438,1.20202,1.24931
4.77337,3.40767,1.78738,90.3821,31.1054,3.15909,0.00537783,0.00440731,-0.0612775,1.20436,1.24835
4.7724,3.41212,0.316351,92.9648,30.902,3.16105,0.00602289,0.00517198,-0.0572265,1.20471,1.24737
4.77407,3.41426,1.78231,95.5599,30.7794,3.16386,0.00653716,0.00637938,-0.0540925,1.20499,1.24778
4.77407,3.41426,1.78231,95.5599,30.7794,3.16386,0.00938343,0.00637938,-0.0540925,1.20499,1.24778
4.77407,3.41426,1.78231,95.5599,30.7794,3.16386,0.0128846,0.00637938,-0.0540925,1.20499,1.24778
4.77407,3.41426,1.78231,95.5599,30.7794,3.16386,0.0166321,0.00637938,-0.0540925,1.20499,1.24778
4.77407,3.41426,1.78231,95.5599,30.7794,3.16386,0.0204912,0.00637938,-0.0540925,1.20499,1.24778
4.77407,3.41426,1.78231,95.5599,30.7794,3.16386,0.0244091,0.00637938,-0.0540925,1.20499,1.24778
4.77841,3.41903,1.77976,95.2966,30.7784,3.16061,0.0201644,0.0126139,-0.0452124,1.20629,1.24719
4.77841,3.41903,1.77976,95.2966,30.7784,3.16061,0.0240012,0.0126139,-0.0452124,1.20629,1.24719
4.45728,5.86809,1.00838,151.786,18.2938,3.07577,0.00361511,0.00584318,-0.014866,1.19988,1.24856
4.45728,5.86809,1.00838,151.786,18.2938,3.07577,0.00161229,0.00584318,-0.014866,1.19988,1.24856
4.45728,5.86809,1.00838,151.786,18.2938,3.07577,0.00497792,0.00584318,-0.014866,1.19988,1.24856
4.45798,5.87044,1.00802,151.531,18.3753,0.992048,6.68883e-05,0.000901062,-0.00606352,1.19994,1.25003
4.45798,5.87044,1.00802,151.531,18.3753,0.992048,0.00404387,0.000901062,-0.00606352,1.19994,1.25003
4.45682,5.86727,1.0082,151.548,18.3989,3.07377,0.000243052,0.00015063,0.00201722,1.19981,1.25015
4.45682,5.86727,1.0082,151.548,18.3989,3.07377,0.00405068,0.00015063,0.00201722,1.19981,1.25015
4.45684,5.86782,1.00815,151.63,18.4012,3.07366,0.00355064,0.00405284,0.00658094,1.19977,1.25041
5.84971,4.45172,1.00948,149.803,18.5801,3.08784,0.000543496,0.000355631,0.0141615,1.1996,1.25036
5.84971,4.45172,1.00948,149.803,18.5801,3.08784,0.00405686,0.000355631,0.0141615,1.1996,1.25036
5.8305,4.44692,1.01101,146.902,18.8107,3.10296,0.000243761,0.000148389,0.0222568,1.19981,1.25015
5.8305,4.44692,1.01101,146.902,18.8107,3.10296,0.00401306,0.000148389,0.0222568,1.19981,1.25015
5.80555,4.43978,1.013,143.553,19.1144,3.12305,0.000240523,0.000145066,0.0303362,1.19981,1.25015
5.80555,4.43978,1.013,143.553,19.1144,3.12305,0.00401435,0.000145066,0.0303362,1.19981,1.25015
5.77584,4.43072,1.01543,139.495,19.4998,3.14757,0.000238962,0.000141577,0.0384241,1.19981,1.25014
5.77584,4.43072,1.01543,139.495,19.4998,3.14757,0.00400705,0.000141577,0.0384241,1.19981,1.25014
5.74237,4.41968,1.01826,134.85,19.9687,3.1761,0.00023608,0.00013679,0.0465111,1.19981,1.25014
5.74237,4.41968,1.01826,134.85,19.9687,3.1761,0.00400069,0.00013679,0.0465111,1.19981,1.25014
5.70616,4.4066,1.02145,129.743,20.5236,3.20819,0.000232434,0.00013115,0.0545969,1.19981,1.25013
5.70616,4.4066,1.02145,129.743,20.5236,3.20819,0.00399539,0.00013115,0.0545969,1.19981,1.25013
5.66823,4.39144,1.02493,124.3,21.1675,3.24334,0.000228018,0.000124742,0.0626816,1.19982,1.25012
5.66823,4.39144,1.02493,124.3,21.1675,3.24334,0.00399119,0.000124742,0.0626816,1.19982,1.25012
5.62955,4.37419,1.02866,118.641,21.9044,3.28102,0.000222857,0.000117676,0.0707652,1.19982,1.25011
5.62955,4.37419,1.02866,118.641,21.9044,3.28102,0.00398808,0.000117676,0.0707652,1.19982,1.25011
5.63322,4.37503,1.02832,118.908,21.9079,3.27974,0.00342403,0.00471262,0.0756284,1.19954,1.25124
5.57087,4.34345,1.03469,110.111,23.2022,3.34266,0.000493236,0.000280206,0.0829589,1.19961,1.25027
5.57087,4.34345,1.03469,110.111,23.2022,3.34266,0.00393864,0.000280206,0.0829589,1.19961,1.25027
5.53509,4.32221,1.03872,104.211,24.189,3.38269,0.00020307,9.38057e-05,0.0909739,1.19983,1.25008
5.53509,4.32221,1.03872,104.211,24.189,3.38269,0.00398021,9.38057e-05,0.0909739,1.19983,1.25008
5.49996,4.29817,1.0429,98.5544,25.2973,3.42487,0.000200023,8.98556e-05,0.0990497,1.19982,1.25007
5.49996,4.29817,1.0429,98.5544,25.2973,3.42487,0.00398519,8.98556e-05,0.0990497,1.19982,1.25007
5.46703,4.27252,1.0471,93.0455,26.5317,3.46712,0.000193183,8.2013e-05,0.107129,1.19983,1.25006
5.46703,4.27252,1.0471,93.0455,26.5317,3.46712,0.00398604,8.2013e-05,0.107129,1.19983,1.25006
5.43658,4.24549,1.05129,87.7324,27.9039,3.50892,0.000186112,7.45437e-05,0.115208,1.19983,1.25005
5.43658,4.24549,1.05129,87.7324,27.9039,3.50892,0.00398772,7.45437e-05,0.115208,1.19983,1.25005
5.40875,4.21735,1.05542,82.6451,29.4287,3.54978,0.000179325,6.79238e-05,0.123286,1.19983,1.25004
5.40875,4.21735,1.05542,82.6451,29.4287,3.54978,0.00398996,6.79238e-05,0.123286,1.19983,1.25004
5.3836,4.18837,1.05946,77.8027,31.1245,3.58927,0.00017304,6.25725e-05,0.131364,1.19984,1.25002
5.3836,4.18837,1.05946,77.8027,31.1245,3.58927,0.00399268,6.25725e-05,0.131364,1.19984,1.25002
5.36107,4.15882,1.06339,73.2159,33.0139,3.62697,0.000167488,5.89489e-05,0.139442,1.19984,1.25001
5.36107,4.15882,1.06339,73.2159,33.0139,3.62697,0.0039958,5.89489e-05,0.139442,1.19984,1.25001
5.34107,4.12897,1.06718,68.8885,35.1244,3.66253,0.000162898,5.74525e-05,0.147519,1.19984,1.25
5.34107,4.12897,1.06718,68.8885,35.1244,3.66253,0.00399926,5.74525e-05,0.147519,1.19984,1.25
5.32348,4.09905,1.0708,64.82,37.4901,3.69561,0.000159491,5.82914e-05,0.155596,1.19985,1.24998
5.32348,4.09905,1.0708,64.82,37.4901,3.69561,0.00400299,5.82914e-05,0.155596,1.19985,1.24998
5.30811,4.0693,1.07425,61.0084,40.1517,3.72594,0.000157476,6.14042e-05,0.163673,1.19985,1.24997
5.30811,4.0693,1.07425,61.0084,40.1517,3.72594,0.00400698,6.14042e-05,0.163673,1.19985,1.24997
5.29481,4.03991,1.0775,57.458,43.1531,3.75328,0.000157042,6.65155e-05,0.171749,1.19985,1.24995
5.29481,4.03991,1.0775,57.458,43.1531,3.75328,0.00401118,6.65155e-05,0.171749,1.19985,1.24995
5.2834,4.01102,1.08054,54.2248,46.5021,3.77743,0.000158359,7.32767e-05,0.179826,1.19986,1.24994
5.2834,4.01102,1.08054,54.2248,46.5021,3.77743,0.00401559,7.32767e-05,0.179826,1.19986,1.24994
5.2737,3.98276,1.08338,49.3058,52.2881,3.79822,0.000161586,8.13867e-05,0.187902,1.19986,1.24992
5.2737,3.98276,1.08338,49.3058,52.2881,3.79822,0.00402023,8.13867e-05,0.187902,1.19986,1.24992
5.26555,3.95522,1.08601,55.8149,47.5167,3.81551,0.000166884,9.06506e-05,0.195978,1.19986,1.24991
5.26555,3.95522,1.08601,55.8149,47.5167,3.81551,0.00402511,9.06506e-05,0.195978,1.19986,1.24991
