4.19161,2.20373,0.548964,13.3661,8.29722,5.23973,5.35557e-10,2.34313e-10,-0.191919,0.5,0.75
4.18602,2.20283,0.553165,13.4749,8.26327,5.23265,5.44767e-10,2.34295e-10,-0.187879,0.5,0.75
4.18038,2.20195,0.557474,13.5833,8.23005,5.22574,5.55028e-10,2.34277e-10,-0.183838,0.5,0.75
4.17468,2.20109,0.56189,13.6915,8.19755,5.21899,5.65271e-10,2.34259e-10,-0.179798,0.5,0.75
4.16893,2.20025,0.566413,13.7992,8.16575,5.21242,5.75477e-10,2.34241e-10,-0.175758,0.5,0.75
4.16312,2.19942,0.571043,13.9064,8.13464,1.75118,5.85625e-10,2.34223e-10,-0.171717,0.5,0.75
4.15727,2.19862,0.575779,14.0131,8.1042,5.19976,5.95691e-10,2.34204e-10,-0.167677,0.5,0.75
4.15136,2.19783,0.580622,14.1191,8.07443,5.19367,6.05651e-10,2.34186e-10,-0.163636,0.5,0.75
4.14539,2.19706,0.58557,14.2243,8.0453,5.18773,6.15482e-10,2.34167e-10,-0.159596,0.5,0.75
4.13938,2.19631,0.590622,14.3287,8.01681,5.18194,6.25158e-10,2.34148e-10,-0.155556,0.5,0.75
4.13331,2.19558,0.595778,14.4321,7.98895,5.1763,6.34651e-10,2.3413e-10,-0.151515,0.5,0.75
4.12719,2.19486,0.601036,14.5346,7.96169,5.1708,6.43937e-10,2.34111e-10,-0.147475,0.5,0.75
4.12102,2.19417,0.606396,14.6359,7.93502,5.16543,6.52986e-10,2.34092e-10,-0.143434,0.5,0.75
4.1148,2.19349,0.611855,14.736,7.90894,5.1602,6.61771e-10,2.34074e-10,-0.139394,0.5,0.75
4.10853,2.19283,0.617414,14.8348,7.88342,5.1551,6.70262e-10,2.34055e-10,-0.135354,0.5,0.75
4.10221,2.19219,0.623069,14.9322,7.85846,5.15011,6.78431e-10,2.34036e-10,-0.131313,0.5,0.75
4.09584,2.19157,0.62882,15.0281,7.83404,5.14525,6.86248e-10,2.34017e-10,-0.127273,0.5,0.75
4.08943,2.19097,0.634663,15.1224,7.81016,5.14049,6.93685e-10,2.33998e-10,-0.123232,0.5,0.75
4.08297,2.19038,0.640599,15.2151,7.78679,5.13585,7.0071e-10,2.33978e-10,-0.119192,0.5,0.75
4.07647,2.18982,0.646623,15.3059,7.76393,5.1313,7.07295e-10,2.33959e-10,-0.115152,0.5,0.75
4.06993,2.18927,0.652733,15.3948,7.74156,5.12686,7.13411e-10,2.3394e-10,-0.111111,0.5,0.75
4.06335,2.18874,0.658928,15.4818,7.71967,5.12251,7.1903e-10,2.33921e-10,-0.107071,0.5,0.75
4.05673,2.18823,0.665204,15.5666,7.69826,5.11824,7.24123e-10,2.33902e-10,-0.10303,0.5,0.75
4.05008,2.18774,0.671559,15.6493,7.6773,5.11406,7.28663e-10,2.33883e-10,-0.0989899,0.5,0.75
4.04339,2.18726,0.677988,15.7297,7.65679,5.10995,7.32625e-10,2.33864e-10,-0.0949495,0.5,0.75
4.03667,2.18681,0.684489,15.8078,7.63672,5.10592,7.35983e-10,2.33844e-10,-0.0909091,0.5,0.75
4.02993,2.18637,0.691059,15.8833,7.61707,5.10195,7.38714e-10,2.33825e-10,-0.0868687,0.5,0.75
4.02316,2.18595,0.697694,15.9564,7.59784,5.09804,7.40796e-10,2.33806e-10,-0.0828283,0.5,0.75
4.01637,2.18555,0.704389,16.0268,7.57902,5.0942,7.42209e-10,2.33787e-10,-0.0787879,0.5,0.75
4.00957,2.18517,0.711141,16.0944,7.56058,5.0904,7.42934e-10,2.33768e-10,-0.0747475,0.5,0.75
4.00275,2.18481,0.717946,16.1593,7.54254,5.08666,7.42955e-10,2.33749e-10,-0.0707071,0.5,0.75
3.99591,2.18446,0.724798,16.2212,7.52487,5.08296,7.42258e-10,2.3373e-10,-0.0666667,0.5,0.75
3.98907,2.18414,0.731694,16.2802,7.50756,5.07929,7.40833e-10,2.33711e-10,-0.0626263,0.5,0.75
3.98223,2.18383,0.738628,16.3361,7.49062,5.07566,7.3867e-10,2.33692e-10,-0.0585859,0.5,0.75
3.97539,2.18354,0.745596,16.3889,7.47402,5.07206,7.35764e-10,2.33673e-10,-0.0545455,0.5,0.75
3.96856,2.18327,0.752592,16.4385,7.45776,5.06849,7.32111e-10,2.33654e-10,-0.050505,0.5,0.75
3.96173,2.18302,0.759611,16.4849,7.44183,5.06493,7.27713e-10,2.33636e-10,-0.0464646,0.5,0.75
3.95492,2.18279,0.766648,16.5279,7.42622,5.0614,7.22572e-10,2.33618e-10,-0.0424242,0.5,0.75
3.94814,2.18258,0.773696,16.5676,7.41093,5.05787,7.16696e-10,2.33599e-10,-0.0383838,0.5,0.75
3.94137,2.18238,0.780749,16.6038,7.39595,5.05435,7.10095e-10,2.33581e-10,-0.0343434,0.5,0.75
3.93464,2.18221,0.787802,16.6365,7.38127,5.05084,7.02784e-10,2.33563e-10,-0.030303,0.5,0.75
3.92794,2.18205,0.794848,16.6657,7.36689,5.04733,6.9478e-10,2.33545e-10,-0.0262626,0.5,0.75
3.92129,2.18191,0.801881,16.6914,7.35279,5.04381,6.86107e-10,2.33527e-10,-0.0222222,0.5,0.75
3.91468,2.18179,0.808894,16.7134,7.33897,5.04029,6.76788e-10,2.33509e-10,-0.0181818,0.5,0.75
3.90813,2.18169,0.815881,16.7318,7.32542,5.03676,6.66855e-10,2.33491e-10,-0.0141414,0.5,0.75
3.90163,2.18161,0.822835,16.7466,7.31215,5.03321,6.5634e-10,2.33474e-10,-0.010101,0.5,0.75
3.89521,2.18155,0.829749,16.7577,7.29913,5.02964,6.45283e-10,2.33457e-10,-0.00606061,0.5,0.75
3.88885,2.18151,0.836616,16.7651,7.28638,5.02605,6.33724e-10,2.33439e-10,-0.0020202,0.5,0.75
3.88257,2.18148,0.843428,16.7688,7.27388,5.02244,6.2171e-10,2.33422e-10,0.0020202,0.5,0.75
3.87638,2.18148,0.85018,16.7688,7.26162,5.0188,6.0929e-10,2.33405e-10,0.00606061,0.5,0.75
3.87028,2.18149,0.0596478,16.7651,7.24961,5.01512,5.9652e-10,2.33389e-10,0.010101,0.5,0.75
3.86427,2.18153,0.0596742,16.7577,7.23783,5.01141,5.83455e-10,2.33373e-10,0.0141414,0.5,0.75
3.85837,2.18158,0.0597136,16.7466,7.22629,5.00766,5.7016e-10,2.33356e-10,0.0181818,0.5,0.75
3.85258,2.18165,0.0597662,16.7319,7.21498,5.00387,5.567e-10,2.3334e-10,0.0222222,0.5,0.75
3.84691,2.18175,0.0598319,16.7135,7.2039,5.00004,5.43143e-10,2.33324e-10,0.0262626,0.5,0.75
3.84137,2.18186,0.0599108,16.6915,7.19304,4.99616,5.29565e-10,2.33309e-10,0.030303,0.5,0.75
3.83595,2.18199,0.0600027,16.6659,7.18241,4.99223,5.16039e-10,2.33293e-10,0.0343434,0.5,0.75
3.83067,2.18214,0.0601076,16.6368,7.17199,4.98825,5.02647e-10,2.33278e-10,0.0383838,0.5,0.75
3.82553,2.18231,0.0602257,16.6042,7.16178,4.98421,4.8947e-10,2.33263e-10,0.0424242,0.5,0.75
3.82055,2.1825,0.0603567,16.5682,7.15179,4.98011,4.76591e-10,2.33248e-10,0.0464646,0.5,0.75
3.81572,2.18271,0.0605008,16.5287,7.14201,4.97595,4.64097e-10,2.33234e-10,0.0505051,0.5,0.75
3.81105,2.18293,0.0606578,16.4859,7.13243,4.97173,4.52073e-10,2.33219e-10,0.0545455,0.5,0.75
3.80655,2.18318,0.0608278,16.4398,7.12307,4.96744,4.40603e-10,2.33205e-10,0.0585859,0.5,0.75
3.80223,2.18345,0.0610108,16.3905,7.1139,4.96309,4.29772e-10,2.33191e-10,0.0626263,0.5,0.75
3.79808,2.18374,0.0612066,16.3381,7.10495,4.95867,4.19658e-10,2.33178e-10,0.0666667,0.5,0.75
3.79412,2.18404,0.0614153,16.2826,7.09619,4.95417,4.10335e-10,2.33164e-10,0.0707071,0.5,0.75
3.79034,2.18437,0.0616368,16.2241,7.08763,4.9496,4.01871e-10,2.33151e-10,0.0747475,0.5,0.75
3.78677,2.18472,0.0618711,16.1626,7.07928,4.94495,3.94324e-10,2.33138e-10,0.0787879,0.5,0.75
3.78339,2.18508,0.0621182,16.0983,7.07112,4.94022,3.87741e-10,2.33125e-10,0.0828283,0.5,0.75
3.78021,2.18547,0.062378,16.0313,7.06316,4.93542,3.82155e-10,2.33113e-10,0.0868687,0.5,0.75
3.77724,2.18587,0.0626504,15.9616,7.0554,4.93053,3.77587e-10,2.33101e-10,0.0909091,0.5,0.75
3.77449,2.1863,0.0629355,15.8893,7.04784,4.92556,3.74041e-10,2.33088e-10,0.0949495,0.5,0.75
3.77194,2.18674,0.0632332,15.8145,7.04047,4.9205,3.71505e-10,2.33077e-10,0.0989899,0.5,0.75
3.76962,2.1872,0.0635434,15.7373,7.0333,4.91536,3.69955e-10,2.33065e-10,0.10303,0.5,0.75
3.76752,2.18769,0.063866,15.6578,4.91013,0.457104,3.69349e-10,2.33054e-10,0.107071,0.5,0.75
3.76564,2.18819,0.0642011,15.5761,4.9048,0.456999,3.69635e-10,2.33043e-10,0.111111,0.5,0.75
3.76398,2.18871,0.0645486,15.4922,7.01297,4.89939,3.70748e-10,2.33032e-10,0.115152,0.5,0.75
3.76255,2.18925,0.0649083,15.4063,7.00659,4.89389,3.72616e-10,2.33021e-10,0.119192,0.5,0.75
3.76135,2.18982,0.0652803,15.3185,4.88829,7.0004,3.75163e-10,2.33011e-10,0.123232,0.5,0.75
3.76038,2.1904,0.0656645,15.2289,4.88261,6.99441,3.78306e-10,2.33e-10,0.127273,0.5,0.75
3.75963,2.191,0.0660608,15.1376,6.98862,4.87682,3.81964e-10,2.3299e-10,0.131313,0.5,0.75
3.75912,2.19162,0.0664691,15.0446,6.98302,4.87095,3.86053e-10,2.32981e-10,0.135354,0.5,0.75
3.75884,2.19226,0.0668894,14.9501,6.97762,4.86497,3.90495e-10,2.32971e-10,0.139394,0.5,0.75
3.75878,2.19291,0.0673215,14.8541,6.97241,4.8589,3.95214e-10,2.32962e-10,0.143434,0.5,0.75
3.75896,2.19359,0.0677654,14.7568,6.9674,4.85274,4.00138e-10,2.32953e-10,0.147475,0.5,0.75
3.75936,2.19429,0.0682211,14.6582,6.96259,4.84648,4.052e-10,2.32944e-10,0.151515,0.5,0.75
3.75999,2.19501,0.0686883,14.5585,6.95797,4.84013,4.10339e-10,2.32935e-10,0.155556,0.5,0.75
3.76084,2.19574,0.069167,14.4578,6.95355,4.83368,4.155e-10,2.32926e-10,0.159596,0.5,0.75
3.76191,2.1965,0.0696572,14.356,4.82713,6.94932,4.20633e-10,2.32918e-10,0.163636,0.5,0.75
3.76321,2.19727,0.0701586,14.2534,6.94528,4.82049,4.25694e-10,2.3291e-10,0.167677,0.5,0.75
3.76472,2.19806,0.0706713,14.15,6.94144,4.81376,4.30642e-10,2.32902e-10,0.171717,0.5,0.75
3.76644,2.19887,0.071195,14.0459,6.93778,4.80693,4.35444e-10,2.32894e-10,0.175758,0.5,0.75
3.76838,2.19971,0.0717296,13.9412,6.93432,4.80001,4.40071e-10,2.32886e-10,0.179798,0.5,0.75
3.77052,2.20056,0.0722751,13.836,6.93105,4.793,4.44497e-10,2.32879e-10,0.183838,0.5,0.75
3.77287,2.20143,0.0728313,13.7304,4.7859,6.92796,4.487e-10,2.32872e-10,0.187879,0.5,0.75
3.77542,2.20231,0.0733979,13.6244,6.92505,4.77871,4.52664e-10,2.32864e-10,0.191919,0.5,0.75
3.77816,2.20322,0.073975,13.5181,6.92233,4.77144,4.56374e-10,2.32858e-10,0.19596,0.5,0.75
3.78109,2.20415,0.0745623,13.4116,6.91978,4.76408,4.59819e-10,2.32851e-10,0.2,0.5,0.75
3.78109,2.20415,0.0745623,13.4116,6.91978,4.76408,4.59819e-10,2.32851e-10,0.2,0.5,0.75
3.78447,2.20412,0.0745754,13.4092,6.91946,4.75421,6.1038e-06,2.32851e-10,0.199999,0.499994,0.752526
3.78786,2.2041,0.0745902,13.4066,6.91971,4.74406,6.07633e-06,2.32851e-10,0.199999,0.499994,0.755051
3.79126,2.20408,0.0746049,13.4039,4.73366,6.92053,6.05843e-06,2.32851e-10,0.199999,0.499994,0.757577
3.79466,2.20406,0.0746193,13.4014,6.92192,4.72302,6.04065e-06,2.32851e-10,0.199999,0.499994,0.760102
3.79808,2.20404,0.0746335,13.3988,6.92387,4.71214,6.02301e-06,2.32851e-10,0.199999,0.499994,0.762627
3.8015,2.20402,0.0746476,13.3963,6.92636,4.70104,6.0055e-06,2.32851e-10,0.199999,0.499994,0.765152
3.80494,2.204,0.0746614,13.3938,6.92941,4.68971,5.98813e-06,2.32851e-10,0.199999,0.499994,0.767677
3.80838,2.20398,0.074675,13.3914,6.93299,4.67816,5.9709e-06,2.32851e-10,0.199999,0.499994,0.770203
3.81183,2.20396,0.0746884,13.389,6.93711,4.66641,5.95381e-06,2.32851e-10,0.199999,0.499994,0.772728
3.81529,2.20394,0.0747016,13.3866,4.65446,6.94175,5.93687e-06,2.32851e-10,0.199999,0.499994,0.775253
3.81876,2.20392,0.0747145,13.3843,6.94691,4.64232,5.92008e-06,2.32851e-10,0.199999,0.499994,0.777778
3.82223,2.2039,0.0747272,13.382,6.95259,4.62999,5.90344e-06,2.32851e-10,0.199999,0.499994,0.780304
3.82572,2.20388,0.0747397,13.3798,6.95877,4.61749,5.88695e-06,2.32851e-10,0.199999,0.499994,0.782829
3.82922,2.20386,0.0747519,13.3776,6.96545,4.60482,5.87062e-06,2.32851e-10,0.199999,0.499994,0.785354
3.83272,2.20384,0.0747639,13.3754,6.97262,4.592,5.85445e-06,2.32851e-10,0.199999,0.499994,0.787879
3.83624,2.20382,0.0747756,13.3734,6.98028,4.57901,5.83844e-06,2.32851e-10,0.199999,0.499994,0.790404
3.83976,2.2038,0.074787,13.3713,6.98842,4.56589,5.8226e-06,2.32851e-10,0.199999,0.499994,0.79293
3.84329,2.20378,0.0747982,13.3693,6.99703,4.55263,5.80693e-06,2.32851e-10,0.199999,0.499994,0.795455
3.84683,2.20376,0.0748092,13.3673,7.00611,4.53923,5.79142e-06,2.32851e-10,0.199999,0.499994,0.79798
3.85038,2.20374,0.0748198,13.3654,7.01565,4.52572,5.77609e-06,2.32851e-10,0.2,0.499994,0.800505
3.85394,2.20372,0.0748302,13.3636,7.02565,4.51208,5.76094e-06,2.32851e-10,0.2,0.499994,0.803031
3.85751,2.2037,0.0748403,13.3618,7.0361,4.49834,5.74597e-06,2.32851e-10,0.2,0.499994,0.805556
3.86109,2.20368,0.0748501,13.36,7.04699,4.4845,5.73118e-06,2.32851e-10,0.2,0.499994,0.808081
3.86468,2.20365,0.0748596,13.3583,7.05831,4.47056,5.71657e-06,2.32851e-10,0.2,0.499994,0.810606
3.86828,2.20363,0.0748688,13.3567,7.07008,4.45654,5.70215e-06,2.32851e-10,0.2,0.499994,0.813132
3.87189,2.20361,0.0748777,13.3551,7.08227,4.44243,5.68792e-06,2.32851e-10,0.2,0.499994,0.815657
3.8755,2.20359,0.0748863,13.3536,7.09489,4.42825,5.67389e-06,2.32851e-10,0.2,0.499994,0.818182
3.87913,2.20357,0.0748945,13.3521,4.41399,7.10792,5.66005e-06,2.32851e-10,0.2,0.499994,0.820707
3.88276,2.20355,0.0749025,13.3507,7.12137,4.39967,5.64641e-06,2.32851e-10,0.2,0.499994,0.823232
3.88641,2.20353,0.07491,13.3493,7.13524,4.38529,5.63297e-06,2.32851e-10,0.2,0.499994,0.825758
3.89006,2.20351,0.0749173,13.3481,7.14951,4.37086,5.61974e-06,2.32851e-10,0.2,0.499994,0.828283
3.89373,2.20349,0.229548,13.3468,7.16418,4.35638,5.60671e-06,2.32851e-10,0.2,0.499994,0.830808
3.8974,2.20347,0.0749308,13.3457,7.17926,4.34186,5.59389e-06,2.32851e-10,0.2,0.499994,0.833333
3.90108,2.20344,0.074937,13.3445,4.3273,7.19473,5.58129e-06,2.32851e-10,0.2,0.499994,0.835859
3.90478,2.20342,0.0749428,13.3435,7.2106,4.31271,5.56891e-06,2.32851e-10,0.2,0.499994,0.838384
3.90848,2.2034,0.0749483,13.3425,7.22685,4.29809,5.55674e-06,2.32851e-10,0.2,0.499994,0.840909
3.91219,2.20338,0.0749533,13.3416,7.2435,4.28344,5.5448e-06,2.32851e-10,0.2,0.499994,0.843434
3.91592,2.20336,0.074958,13.3408,7.26054,4.26877,5.53308e-06,2.32851e-10,0.2,0.499994,0.84596
3.91965,2.20334,0.0749623,13.34,7.27795,4.25409,5.52159e-06,2.32851e-10,0.2,0.499995,0.848485
3.92339,2.20332,0.0749662,13.3394,7.29575,4.2394,5.51033e-06,2.32851e-10,0.2,0.499995,0.85101
3.92714,2.2033,0.0749696,13.3387,4.2247,7.31393,5.49931e-06,2.32851e-10,0.2,0.499995,0.853535
3.9309,2.20327,0.0749726,13.3382,7.33249,4.20999,5.48852e-06,2.32851e-10,0.2,0.499995,0.85606
3.93468,2.20325,0.0749752,13.3377,7.35143,4.19528,5.47798e-06,2.32851e-10,0.2,0.499995,0.858586
3.93846,2.20323,0.0749774,13.3374,7.37074,4.18058,5.46768e-06,2.32851e-10,0.2,0.499995,0.861111
3.94225,2.20321,0.0749791,13.3371,7.39043,4.16588,5.45763e-06,2.32851e-10,0.2,0.499995,0.863636
3.94605,2.20319,0.0749803,13.3368,7.41049,4.15119,5.44782e-06,2.32851e-10,0.2,0.499995,0.866161
3.94986,2.20317,0.0749811,13.3367,7.43093,4.13651,5.43828e-06,2.32851e-10,0.2,0.499995,0.868687
3.95369,2.20315,0.0749813,13.3367,4.12184,7.45174,5.42899e-06,2.32851e-10,0.2,0.499995,0.871212
3.95752,2.20312,0.0749811,13.3367,7.47292,4.10719,5.41996e-06,2.32851e-10,0.2,0.499995,0.873737
3.96136,2.2031,0.0749804,13.3368,7.49447,4.09257,5.4112e-06,2.32851e-10,0.2,0.499995,0.876262
3.96521,2.20308,0.0749791,13.337,7.51639,4.07796,5.4027e-06,2.32851e-10,0.2,0.499995,0.878787
3.96907,2.20306,0.0749773,13.3374,7.53869,4.06338,5.39448e-06,2.32851e-10,0.2,0.499995,0.881313
3.97295,2.20304,0.074975,13.3378,7.56135,4.04882,5.38653e-06,2.32851e-10,0.2,0.499995,0.883838
3.97683,2.20302,0.0749721,13.3383,7.58439,4.0343,5.37886e-06,2.32851e-10,0.2,0.499995,0.886363
3.98072,2.20299,0.0749686,13.3389,7.60781,4.0198,5.37147e-06,2.32851e-10,0.2,0.499995,0.888888
3.98463,2.20297,0.0749646,13.3396,7.63159,4.00534,5.36438e-06,2.32851e-10,0.2,0.499995,0.891414
3.98854,2.20295,0.0749599,13.3405,7.65575,3.99092,5.35757e-06,2.32851e-10,0.2,0.499995,0.893939
3.99246,2.20293,0.0749547,13.3414,7.68028,3.97653,5.35105e-06,2.32851e-10,0.2,0.499995,0.896464
3.9964,2.20291,0.0749488,13.3425,7.70519,3.96217,5.34484e-06,2.32851e-10,0.2,0.499995,0.898989
4.00034,2.20289,0.0749422,13.3436,7.73048,3.94786,5.33893e-06,2.32851e-10,0.2,0.499995,0.901515
4.0043,2.20286,0.074935,13.3449,7.75614,3.93359,5.33332e-06,2.32851e-10,0.2,0.499995,0.90404
4.00827,2.20284,0.0749271,13.3463,7.78218,3.91936,5.32803e-06,2.32851e-10,0.2,0.499995,0.906565
4.01224,2.20282,0.0749185,13.3478,7.8086,3.90518,5.32305e-06,2.32851e-10,0.2,0.499995,0.90909
4.01623,2.2028,0.0749091,13.3495,7.83541,3.89104,5.3184e-06,2.32851e-10,0.2,0.499995,0.911615
4.02023,2.20278,0.074899,13.3513,7.86259,3.87695,5.31406e-06,2.3285e-10,0.2,0.499995,0.914141
4.02423,2.20276,0.0748882,13.3532,7.89017,3.86291,5.31006e-06,2.3285e-10,0.2,0.499995,0.916666
4.02825,2.20273,0.0748766,13.3553,7.91812,3.84892,5.30639e-06,2.32851e-10,0.2,0.499995,0.919191
4.03228,2.20271,0.0748641,13.3575,7.94647,3.83497,5.30306e-06,2.3285e-10,0.2,0.499995,0.921716
4.03632,2.20269,0.0748508,13.3599,7.9752,3.82108,5.30007e-06,2.3285e-10,0.2,0.499995,0.924242
4.04037,2.20267,0.0748367,13.3624,8.00433,3.80724,5.29743e-06,2.3285e-10,0.2,0.499995,0.926767
4.04443,2.20265,0.0748217,13.3651,8.03385,3.79345,5.29514e-06,2.3285e-10,0.2,0.499995,0.929292
4.04851,2.20262,0.0748058,13.368,8.06376,0.454004,5.29321e-06,2.3285e-10,0.2,0.499995,0.931817
4.05259,2.2026,0.0747889,13.371,8.09407,3.76604,5.29165e-06,2.3285e-10,0.2,0.499995,0.934342
4.05668,2.20258,0.0747711,13.3742,8.12478,0.454013,5.29046e-06,2.32851e-10,0.2,0.499995,0.936868
4.06079,2.20256,0.0747522,13.3775,8.15589,3.73885,5.28964e-06,2.3285e-10,0.2,0.499995,0.939393
4.0649,2.20254,0.0747323,13.3811,8.18741,3.72534,5.2892e-06,2.3285e-10,0.2,0.499995,0.941918
4.06903,2.20251,0.0747114,13.3848,8.21932,3.71189,5.28914e-06,2.3285e-10,0.2,0.499995,0.944443
4.07316,2.20249,0.0746894,13.3888,8.25165,3.69849,5.28948e-06,2.32851e-10,0.2,0.499995,0.946969
4.07731,2.20247,0.0746662,13.3929,8.28438,3.68516,5.29022e-06,2.32851e-10,0.2,0.499995,0.949494
4.08147,2.20245,0.0746418,13.3973,8.31752,3.67188,5.29136e-06,2.32851e-10,0.2,0.499995,0.952019
4.08564,2.20243,0.0746163,13.4019,8.35108,3.65866,5.29291e-06,2.3285e-10,0.2,0.499995,0.954544
4.08982,2.2024,0.0745895,13.4067,8.38505,3.64551,5.29487e-06,2.3285e-10,0.2,0.499995,0.957069
4.09401,2.20238,0.0745613,13.4118,8.41943,3.63241,5.29726e-06,2.3285e-10,0.2,0.499995,0.959595
4.09822,2.20236,0.0745318,13.4171,8.45423,3.61937,5.30008e-06,2.3285e-10,0.2,0.499995,0.96212
4.10243,2.20234,0.074501,13.4226,8.48945,3.6064,5.30334e-06,2.3285e-10,0.2,0.499995,0.964645
4.10666,2.20231,0.0744687,13.4285,8.52509,3.59348,5.30704e-06,2.3285e-10,0.2,0.499995,0.96717
4.11089,2.20229,0.0744348,13.4346,8.56115,0.454072,5.31119e-06,2.3285e-10,0.2,0.499995,0.969696
4.11514,2.20227,0.0743994,13.441,8.59763,3.56784,5.3158e-06,2.32851e-10,0.2,0.499995,0.972221
4.1194,2.20225,0.0743624,13.4476,8.63454,3.55511,5.32088e-06,2.3285e-10,0.2,0.499995,0.974746
4.12367,2.20223,0.0743238,13.4546,8.67186,3.54244,5.32643e-06,2.3285e-10,0.2,0.499995,0.977271
4.12795,2.2022,0.0742834,13.462,8.70961,3.52984,5.33246e-06,2.3285e-10,0.2,0.499995,0.979796
4.13224,2.20218,0.0742411,13.4696,8.74779,3.51729,5.33898e-06,2.3285e-10,0.2,0.499995,0.982322
4.13654,2.20216,0.074197,13.4776,8.78639,3.50481,5.34599e-06,2.3285e-10,0.2,0.499995,0.984847
4.14086,2.20214,0.074151,13.486,8.8254,3.4924,5.35352e-06,2.3285e-10,0.2,0.499995,0.987372
4.14518,2.20211,0.0741029,13.4948,8.86485,3.48004,5.36156e-06,2.3285e-10,0.2,0.499995,0.989897
4.14952,2.20209,0.0740527,13.5039,8.90471,3.46775,5.37012e-06,2.3285e-10,0.2,0.499995,0.992422
4.15387,2.20207,0.0740002,13.5135,8.94499,3.45553,5.37921e-06,2.3285e-10,0.2,0.499995,0.994948
4.15823,2.20205,0.0739455,13.5235,8.98568,3.44336,5.38885e-06,2.3285e-10,0.2,0.499995,0.997473
4.1626,2.20202,0.0738885,13.5339,9.02679,3.43126,5.39904e-06,2.3285e-10,0.2,0.499995,0.999998
4.1626,2.20202,0.0738885,13.5339,9.02679,3.43126,5.39904e-06,2.3285e-10,0.2,0.499995,0.999998
4.15977,2.20105,0.0734181,13.6206,9.02493,3.43474,4.62796e-10,2.32844e-10,0.19596,0.5,1
4.15709,2.2001,0.0729486,13.7083,9.02256,3.43837,4.60101e-10,2.32837e-10,0.191919,0.5,1
4.1546,2.19916,0.072482,13.7965,9.01978,3.44214,4.5551e-10,2.3283e-10,0.187879,0.5,1
4.15228,2.19824,0.0720189,13.8852,9.01664,3.44605,4.50546e-10,2.32823e-10,0.183838,0.5,1
4.15014,2.19734,0.07156,13.9743,9.01318,3.45009,4.45214e-10,2.32816e-10,0.179798,0.5,1
4.14819,2.19645,0.0711058,14.0635,9.00947,3.45427,4.39524e-10,2.32809e-10,0.175758,0.5,1
4.14642,2.19559,0.0706571,14.1529,9.00555,3.45859,4.33487e-10,2.32801e-10,0.171717,0.5,1
4.14484,2.19475,0.0702142,14.2421,9.00145,3.46305,4.2712e-10,2.32793e-10,0.167677,0.5,1
4.14346,2.19392,0.0697777,14.3312,8.99721,3.46764,4.20444e-10,2.32785e-10,0.163636,0.5,1
4.14227,2.19311,0.0693481,14.42,8.99287,3.47238,4.13483e-10,2.32778e-10,0.159596,0.5,1
4.14129,2.19233,0.0689257,14.5084,8.98847,3.47725,4.06269e-10,2.32769e-10,0.155556,0.5,1
4.14049,2.19156,0.287169,14.5962,8.98403,3.48227,3.98838e-10,2.32761e-10,0.151515,0.5,1
4.1399,2.19081,0.286744,14.6834,8.97958,3.48743,3.91232e-10,2.32752e-10,0.147475,0.5,1
4.13952,2.19008,0.286308,14.7697,8.97515,3.49274,3.83502e-10,2.32743e-10,0.143434,0.5,1
4.13933,2.18937,0.285862,14.8552,8.97076,3.49819,3.75705e-10,2.32734e-10,0.139394,0.5,1
4.13935,2.18868,0.285405,14.9397,8.96644,3.5038,3.67909e-10,2.32725e-10,0.135354,0.5,1
4.13957,2.18801,0.284937,15.0231,8.96221,3.50955,3.60186e-10,2.32715e-10,0.131313,0.5,1
4.14,2.18736,0.284458,15.1052,8.95808,3.51546,3.52622e-10,2.32706e-10,0.127273,0.5,1
4.14064,2.18673,0.283968,15.1859,8.95407,3.52152,3.4531e-10,2.32696e-10,0.123232,0.5,1
4.14147,2.18612,0.283468,15.2652,8.95021,0.457432,3.38353e-10,2.32686e-10,0.119192,0.5,1
4.14252,2.18553,0.282956,15.3429,8.9465,3.53412,3.31862e-10,2.32676e-10,0.115152,0.5,1
4.14376,2.18496,0.282433,15.419,8.94297,3.54067,3.25956e-10,2.32665e-10,0.111111,0.5,1
4.14521,2.18441,0.281898,15.4932,8.93962,3.54738,3.20757e-10,2.32654e-10,0.107071,0.5,1
4.14685,2.18388,0.281353,15.5656,8.93646,3.55426,3.16391e-10,2.32643e-10,0.10303,0.5,1
4.1487,2.18337,0.280795,15.636,8.93352,3.56132,3.12982e-10,2.32632e-10,0.0989899,0.5,1
4.15074,2.18288,0.280226,15.7042,8.9308,3.56855,3.10646e-10,2.32621e-10,0.0949495,0.5,1
4.15297,2.18241,0.279645,15.7703,8.92831,3.57596,3.09487e-10,2.32609e-10,0.0909091,0.5,1
4.1554,2.18196,0.279052,15.8341,8.92607,3.58356,3.09594e-10,2.32597e-10,0.0868687,0.5,1
4.15802,2.18154,0.278447,15.8955,8.92407,3.59134,3.11032e-10,2.32585e-10,0.0828283,0.5,1
4.16082,2.18113,0.27783,15.9545,8.92233,3.59932,3.1384e-10,2.32573e-10,0.0787879,0.5,1
4.1638,2.18075,0.2772,16.0108,8.92087,3.6075,3.18031e-10,2.3256e-10,0.0747475,0.5,1
4.16696,2.18038,0.276558,16.0646,8.91967,3.61588,3.23589e-10,2.32547e-10,0.0707071,0.5,1
4.1703,2.18004,0.275902,16.1156,8.91876,3.62447,3.30471e-10,2.32534e-10,0.0666667,0.5,1
4.1738,2.17971,0.275234,16.1638,8.91814,3.63327,3.38613e-10,2.32521e-10,0.0626263,0.5,1
4.17747,2.17941,0.274552,16.2091,8.91781,3.64229,3.47931e-10,2.32507e-10,0.0585859,0.5,1
4.1813,2.17913,0.273857,16.2515,8.91778,3.65154,3.58325e-10,2.32494e-10,0.0545455,0.5,1
4.18529,2.17887,0.273149,16.2908,8.91807,3.66101,3.69688e-10,2.3248e-10,0.0505051,0.5,1
4.18943,2.17863,0.272426,16.3271,8.91866,3.67072,3.81905e-10,2.32466e-10,0.0464646,0.5,1
4.19372,2.17841,0.27169,16.3602,8.91958,3.68067,3.94859e-10,2.32451e-10,0.0424242,0.5,1
4.19815,2.17821,0.270939,16.3902,8.92081,3.69087,4.08435e-10,2.32437e-10,0.0383838,0.5,1
4.20272,2.17804,0.270173,16.4169,8.92238,3.70133,4.22518e-10,2.32422e-10,0.0343434,0.5,1
4.20741,2.17788,0.269393,16.4403,8.92427,3.71204,4.36998e-10,2.32407e-10,0.030303,0.5,1
4.21224,2.17775,0.905259,16.4604,8.92651,3.72303,4.51769e-10,2.32392e-10,0.0262626,0.5,1
4.21718,2.17763,0.900148,16.4771,8.92908,3.7343,4.66732e-10,2.32376e-10,0.0222222,0.5,1
4.22223,2.17754,0.894963,16.4905,3.74584,8.932,4.8179e-10,2.32361e-10,0.0181818,0.5,1
4.2274,2.17746,0.889709,16.5004,8.93526,3.75768,4.96857e-10,2.32345e-10,0.0141414,0.5,1
4.23267,2.17741,0.884393,16.507,8.93888,3.76982,5.11848e-10,2.32329e-10,0.010101,0.5,1
4.23803,0.879022,2.17738,16.51,8.94285,3.78227,5.26685e-10,2.32313e-10,0.00606061,0.5,1
4.24349,2.17736,0.873601,16.5097,8.94718,3.79503,5.41297e-10,2.32296e-10,0.0020202,0.5,1
4.24903,2.17737,0.868138,16.5058,8.95188,3.80812,5.55615e-10,2.3228e-10,-0.0020202,0.5,1
4.25466,0.862638,2.1774,16.4986,8.95693,3.82154,5.69579e-10,2.32263e-10,-0.00606061,0.5,1
4.26036,2.17745,0.857108,16.4879,8.96236,3.83531,5.8313e-10,2.32246e-10,-0.010101,0.5,1
4.26613,2.17752,0.851554,16.4737,8.96815,3.84942,5.96218e-10,2.32229e-10,-0.0141414,0.5,1
4.27196,2.17761,0.845982,16.4562,8.97432,3.8639,6.08794e-10,2.32212e-10,-0.0181818,0.5,1
4.27785,2.17772,0.840399,16.4353,8.98086,3.87874,6.20815e-10,2.32195e-10,-0.0222222,0.5,1
4.2838,2.17785,0.834809,16.411,8.98778,3.89396,6.32244e-10,2.32177e-10,-0.0262626,0.5,1
4.28979,0.82922,2.17799,16.3834,8.99507,3.90958,6.43044e-10,2.3216e-10,-0.030303,0.5,1
4.29583,2.17816,0.823636,16.3526,9.00275,3.92559,6.53188e-10,2.32142e-10,-0.0343434,0.5,1
4.3019,2.17835,0.818064,16.3185,9.01081,3.94201,6.62647e-10,2.32124e-10,-0.0383838,0.5,1
4.30801,2.17856,0.812509,16.2812,9.01925,3.95884,6.71402e-10,2.32106e-10,-0.0424242,0.5,1
4.31415,2.17879,0.806976,16.2408,9.02808,3.97611,6.79432e-10,2.32088e-10,-0.0464646,0.5,1
4.32031,2.17903,0.80147,16.1973,9.03729,3.99381,6.86725e-10,2.3207e-10,-0.050505,0.5,1
4.32649,2.1793,0.795996,16.1508,9.0469,4.01196,6.93269e-10,2.32052e-10,-0.0545455,0.5,1
4.33268,2.17958,0.790559,16.1014,9.05689,4.03057,6.99057e-10,2.32033e-10,-0.0585859,0.5,1
4.33889,2.17989,0.785164,16.0491,4.04964,9.06726,7.04085e-10,2.32015e-10,-0.0626263,0.5,1
4.34511,2.18021,0.779815,15.994,4.0692,9.07803,7.08353e-10,2.31997e-10,-0.0666667,0.5,1
4.35132,2.18056,0.774516,15.9361,9.08919,4.08924,7.11863e-10,2.31978e-10,-0.0707071,0.5,1
4.35754,2.18092,0.769272,15.8757,9.10073,4.10977,7.1462e-10,2.31959e-10,-0.0747475,0.5,1
4.36376,2.1813,0.764086,15.8127,9.11266,4.13082,7.16632e-10,2.31941e-10,-0.0787879,0.5,1
4.36997,2.1817,0.758961,15.7472,9.12498,4.15238,7.1791e-10,2.31922e-10,-0.0828283,0.5,1
4.37617,0.753901,2.18212,15.6793,9.13768,4.17446,7.18468e-10,2.31903e-10,-0.0868687,0.5,1
4.38235,2.18256,0.74891,15.6092,9.15077,4.19708,7.1832e-10,2.31885e-10,-0.0909091,0.5,1
4.38852,2.18302,0.743991,15.5369,9.16423,4.22025,7.17483e-10,2.31866e-10,-0.0949495,0.5,1
4.39467,0.739145,2.18349,15.4625,9.17807,4.24397,7.15977e-10,2.31847e-10,-0.0989899,0.5,1
4.40081,0.734377,2.18399,15.3861,9.19229,4.26824,7.13824e-10,2.31828e-10,-0.10303,0.5,1
4.40691,2.1845,0.729688,15.3078,9.20687,4.29309,7.11045e-10,2.3181e-10,-0.107071,0.5,1
4.413,2.18504,0.72508,15.2278,9.22182,4.31851,7.07664e-10,2.31791e-10,-0.111111,0.5,1
4.41905,2.18559,0.720557,15.1461,9.23712,4.34452,7.03706e-10,2.31772e-10,-0.115152,0.5,1
4.42508,2.18616,0.716118,15.0628,9.25277,4.37112,6.99198e-10,2.31754e-10,-0.119192,0.5,1
4.43107,2.18674,0.711767,14.9781,9.26877,4.39831,6.94166e-10,2.31735e-10,-0.123232,0.5,1
4.43703,2.18735,0.707504,14.892,9.28509,4.42611,6.88637e-10,2.31716e-10,-0.127273,0.5,1
4.44296,2.18798,0.703332,14.8047,9.30174,4.45452,6.82639e-10,2.31697e-10,-0.131313,0.5,1
4.44885,2.18862,0.69925,14.7162,9.3187,4.48354,6.76201e-10,2.31679e-10,-0.135354,0.5,1
4.45471,2.18928,0.69526,14.6268,9.33595,4.51319,6.69352e-10,2.31661e-10,-0.139394,0.5,1
4.46053,2.18996,0.691364,14.5365,9.35349,4.54345,6.62119e-10,2.31642e-10,-0.143434,0.5,1
4.46631,2.19066,0.687561,14.4454,9.37128,4.57435,6.54532e-10,2.31624e-10,-0.147475,0.5,1
4.47205,2.19138,0.683851,14.3537,9.38932,4.60587,6.46619e-10,2.31605e-10,-0.151515,0.5,1
4.47775,0.680237,2.19212,14.2614,9.40757,4.63803,6.38407e-10,2.31587e-10,-0.155556,0.5,1
4.4834,2.19287,0.676716,14.1688,9.42602,4.67081,6.29925e-10,2.31569e-10,-0.159596,0.5,1
4.48902,2.19365,0.673291,14.0759,9.44464,4.70424,6.212e-10,2.31551e-10,-0.163636,0.5,1
4.4946,2.19444,0.66996,13.9828,9.46338,4.73829,6.12258e-10,2.31533e-10,-0.167677,0.5,1
4.50013,2.19525,0.666724,13.8898,9.48223,4.77298,6.03126e-10,2.31515e-10,-0.171717,0.5,1
4.50562,2.19608,0.663582,13.7968,9.50112,4.8083,5.93828e-10,2.31497e-10,-0.175758,0.5,1
4.51107,2.19692,0.660533,13.7042,9.52003,4.84424,5.8439e-10,2.31479e-10,-0.179798,0.5,1
4.51647,2.19779,0.657579,13.6119,9.53889,4.88081,5.74835e-10,2.31461e-10,-0.183838,0.5,1
4.52183,2.19867,0.654717,13.5202,9.55766,4.91801,5.65185e-10,2.31444e-10,-0.187879,0.5,1
4.52715,2.19958,0.651947,13.4292,9.57626,4.95581,5.55463e-10,2.31426e-10,-0.191919,0.5,1
4.53243,2.2005,0.649268,13.3391,9.59461,4.99422,5.45691e-10,2.31409e-10,-0.19596,0.5,1
4.53766,0.646681,2.20144,13.2501,9.61265,5.03323,5.35887e-10,2.31392e-10,-0.2,0.5,1
4.53766,0.646681,2.20144,13.2501,9.61265,5.03323,5.35887e-10,2.31392e-10,-0.2,0.5,1
4.54157,2.20139,0.647937,13.262,9.64872,5.02811,5.4056e-06,2.31392e-10,-0.199996,0.499997,1.00252
4.5455,0.649198,2.20134,13.2742,9.68521,5.02298,5.42109e-06,2.31392e-10,-0.199996,0.499997,1.00505
4.54945,2.2013,0.650463,13.287,9.72209,5.01785,5.43303e-06,2.31391e-10,-0.199996,0.499997,1.00757
4.5534,2.20125,0.651731,13.3004,9.75934,5.01271,5.44553e-06,2.31392e-10,-0.199996,0.499997,1.0101
4.55736,2.20121,0.653003,13.3145,9.79695,5.00757,5.45864e-06,2.31392e-10,-0.199996,0.499997,1.01262
4.56134,2.20116,0.654277,13.3293,9.83492,5.00244,5.47236e-06,2.31391e-10,-0.199996,0.499997,1.01515
4.56533,2.20112,0.655556,13.3448,9.87322,4.9973,5.48671e-06,2.31392e-10,-0.199996,0.499997,1.01767
4.56933,2.20107,0.656837,13.3611,9.91183,4.99217,5.5017e-06,2.31392e-10,-0.199996,0.499997,1.0202
4.57334,2.20103,0.658122,13.3781,9.95075,4.98704,5.51734e-06,2.31392e-10,-0.199996,0.499997,1.02273
4.57736,2.20098,0.65941,13.396,9.98995,4.98192,5.53365e-06,2.31392e-10,-0.199996,0.499997,1.02525
4.5814,2.20094,0.660702,13.4147,10.0294,4.9768,5.55063e-06,2.31392e-10,-0.199996,0.499997,1.02778
4.58544,2.20089,0.661996,13.4344,10.0691,4.97169,5.56831e-06,2.31392e-10,-0.199996,0.499997,1.0303
4.5895,2.20085,0.201346,13.4551,10.109,4.96659,5.58669e-06,2.31392e-10,-0.199996,0.499997,1.03283
4.59357,2.2008,0.664595,13.4768,10.1491,1.50467,5.60579e-06,2.31392e-10,-0.199996,0.499997,1.03535
4.59766,2.20075,0.6659,13.4995,10.1894,4.9564,5.62563e-06,2.31392e-10,-0.199996,0.499997,1.03788
4.60175,2.20071,0.667207,13.5234,10.2298,4.95132,5.64621e-06,2.31392e-10,-0.199996,0.499997,1.0404
4.60586,2.20066,0.668518,13.5485,10.2703,4.94625,5.66757e-06,2.31392e-10,-0.199996,0.499997,1.04293
4.60998,2.20062,0.669832,13.5748,10.3109,4.9412,5.6897e-06,2.31392e-10,-0.199996,0.499997,1.04545
4.61411,2.20057,0.671148,13.6024,10.3516,4.93615,5.71263e-06,2.31392e-10,-0.199996,0.499997,1.04798
4.61825,2.20052,0.672468,13.6314,10.3922,4.93111,5.73638e-06,2.31392e-10,-0.199996,0.499997,1.0505
4.62241,2.20048,0.673791,13.6618,10.4328,4.92609,5.76096e-06,2.31391e-10,-0.199996,0.499997,1.05303
4.62657,2.20043,0.675117,13.6937,10.4734,4.92108,5.78639e-06,2.31392e-10,-0.199996,0.499997,1.05555
4.63075,2.20038,0.676446,13.7273,10.5138,4.91609,5.8127e-06,2.31391e-10,-0.199996,0.499997,1.05808
4.63494,2.20034,0.677778,13.7625,10.5541,4.91111,5.83989e-06,2.31392e-10,-0.199996,0.499997,1.0606
4.63915,2.20029,0.679113,13.7994,10.5943,4.90614,5.868e-06,2.31392e-10,-0.199996,0.499997,1.06313
4.64336,2.20025,0.680451,13.8381,10.6342,4.90119,5.89703e-06,2.31391e-10,-0.199996,0.499997,1.06565
4.64759,2.2002,0.681792,13.8788,10.6738,4.89626,5.92703e-06,2.31392e-10,-0.199996,0.499997,1.06818
4.65183,2.20015,0.683136,13.9214,10.7131,4.89134,5.95799e-06,2.31392e-10,-0.199996,0.499997,1.0707
4.65608,2.2001,0.684483,13.9661,10.752,4.88644,5.98996e-06,2.31391e-10,-0.199996,0.499997,1.07323
4.66035,2.20006,0.685833,14.013,10.7906,1.45808,6.02295e-06,2.31392e-10,-0.199996,0.499997,1.07575
4.66462,2.20001,0.687185,14.0621,10.8287,4.8767,6.05699e-06,2.31392e-10,-0.199996,0.499997,1.07828
4.66891,2.19996,0.68854,14.1136,10.8663,4.87185,6.0921e-06,2.31392e-10,-0.199996,0.499997,1.0808
4.67322,2.19992,0.689899,14.1675,10.9034,1.44949,6.12832e-06,2.31391e-10,-0.199996,0.499997,1.08333
4.67753,0.69126,2.19987,14.2239,10.94,4.86221,6.16566e-06,2.31392e-10,-0.199996,0.499996,1.08586
4.68186,2.19982,0.692623,14.2829,10.9759,4.85742,6.20417e-06,2.31392e-10,-0.199996,0.499996,1.08838
4.6862,0.69399,2.19977,14.3446,11.0113,1.44094,6.24386e-06,2.31392e-10,-0.199996,0.499996,1.09091
4.69055,2.19973,0.695359,14.4091,11.0459,4.8479,6.28477e-06,2.31392e-10,-0.199996,0.499996,1.09343
4.69491,2.19968,0.696731,14.4765,11.0799,4.84317,6.32693e-06,2.31392e-10,-0.199996,0.499996,1.09596
4.69929,0.698105,2.19963,14.5469,11.1131,4.83846,6.37038e-06,2.31392e-10,-0.199996,0.499996,1.09848
4.70368,2.19958,0.699482,14.6203,11.1456,4.83377,6.41515e-06,2.31392e-10,-0.199996,0.499996,1.10101
4.70808,2.19954,0.700862,14.6968,11.1773,4.82911,6.46128e-06,2.31391e-10,-0.199996,0.499996,1.10353
4.71249,2.19949,0.702245,14.7767,11.2082,4.82446,6.5088e-06,2.31392e-10,-0.199996,0.499996,1.10606
4.71692,2.19944,0.70363,14.8598,11.2383,4.81984,6.55775e-06,2.31392e-10,-0.199996,0.499996,1.10858
4.72136,2.19939,0.705017,14.9464,11.2676,4.81523,6.60819e-06,2.31392e-10,-0.199996,0.499996,1.11111
4.72581,2.19934,0.706407,15.0364,11.2961,1.41561,6.66014e-06,2.31391e-10,-0.199996,0.499996,1.11363
4.73028,0.7078,2.1993,15.1301,11.3238,1.41283,6.71365e-06,2.31392e-10,-0.199996,0.499996,1.11616
4.73476,2.19925,0.709195,15.2275,11.3507,4.80156,6.76878e-06,2.31392e-10,-0.199996,0.499996,1.11868
4.73925,2.1992,0.710592,15.3286,11.3767,4.79705,6.82556e-06,2.31392e-10,-0.199996,0.499996,1.12121
4.74375,2.19915,0.711992,15.4336,11.4019,4.79256,6.88406e-06,2.31392e-10,-0.199996,0.499996,1.12373
4.74827,2.1991,0.713395,15.5426,11.4263,4.78809,6.94432e-06,2.31392e-10,-0.199996,0.499996,1.12626
4.7528,2.19905,0.7148,15.6556,11.4499,4.78365,7.00639e-06,2.31392e-10,-0.199996,0.499996,1.12878
4.75734,2.199,0.716207,15.7728,11.4728,4.77923,7.07035e-06,2.31392e-10,-0.199996,0.499996,1.13131
4.76189,2.19895,0.717616,15.8942,11.4948,4.77483,7.13624e-06,2.31392e-10,-0.199996,0.499996,1.13383
4.76646,0.719028,2.19891,16.0201,11.5161,4.77046,7.20413e-06,2.31392e-10,-0.199996,0.499996,1.13636
4.77104,0.720443,2.19886,16.1504,11.5366,4.76611,7.27409e-06,2.31392e-10,-0.199996,0.499996,1.13888
4.77563,2.19881,0.721859,16.2853,11.5564,4.76179,7.3462e-06,2.31392e-10,-0.199996,0.499996,1.14141
4.78024,2.19876,0.723278,16.4249,11.5755,4.75749,7.42051e-06,2.31392e-10,-0.199996,0.499996,1.14393
4.78486,2.19871,0.724699,16.5693,11.5939,1.37988,7.49711e-06,2.31392e-10,-0.199996,0.499996,1.14646
4.78949,2.19866,0.726122,16.7188,11.6117,4.74896,7.57608e-06,2.31391e-10,-0.199996,0.499996,1.14898
4.79413,2.19861,0.727547,16.8734,11.6288,4.74473,7.65751e-06,2.31392e-10,-0.199996,0.499996,1.15151
4.79879,2.19856,0.728975,17.0332,11.6453,4.74053,7.74148e-06,2.31392e-10,-0.199996,0.499996,1.15404
4.80346,2.19851,0.730404,17.1985,11.6611,4.73635,7.82808e-06,2.31392e-10,-0.199996,0.499996,1.15656
4.80814,2.19846,0.731836,17.3694,11.6764,4.7322,7.91743e-06,2.31391e-10,-0.199996,0.499996,1.15909
4.81284,2.19841,0.73327,17.5461,11.6911,4.72807,8.00962e-06,2.31392e-10,-0.199996,0.499996,1.16161
4.81755,2.19836,0.734706,17.7287,11.7052,4.72396,8.10476e-06,2.31392e-10,-0.199996,0.499996,1.16414
4.82227,2.19831,0.736143,11.7189,17.9176,1.35843,8.20297e-06,2.31392e-10,-0.199996,0.499996,1.16666
4.82701,2.19826,0.737583,18.1128,11.732,4.71583,8.30437e-06,2.31392e-10,-0.199996,0.499996,1.16919
4.83176,2.19821,0.739025,18.3147,11.7446,4.7118,8.40909e-06,2.31392e-10,-0.199996,0.499996,1.17171
4.83652,2.19816,0.740469,18.5234,11.7568,4.70779,8.51727e-06,2.31392e-10,-0.199996,0.499996,1.17424
4.8413,2.19811,0.741915,18.7393,11.7685,4.70382,8.62904e-06,2.31392e-10,-0.199996,0.499996,1.17676
4.84608,2.19805,0.743362,18.9626,11.7798,4.69986,8.74458e-06,2.31392e-10,-0.199996,0.499996,1.17929
4.85089,2.198,0.744812,19.1936,11.7906,4.69593,8.86403e-06,2.31392e-10,-0.199996,0.499996,1.18181
4.8557,0.746263,2.19795,19.4327,11.8011,4.69203,8.98758e-06,2.31392e-10,-0.199996,0.499996,1.18434
4.86053,2.1979,0.747717,19.6801,11.8112,4.68815,9.1154e-06,2.31392e-10,-0.199996,0.499996,1.18686
4.86537,2.19785,0.749172,19.9362,11.8209,4.68429,9.24769e-06,2.31392e-10,-0.199996,0.499996,1.18939
4.87022,2.1978,0.750629,20.2014,11.8302,1.33222,9.38466e-06,2.31391e-10,-0.199995,0.499996,1.19191
4.87509,0.752087,2.19774,20.4762,11.8392,4.67666,9.52652e-06,2.31392e-10,-0.199995,0.499996,1.19444
4.87997,2.19769,0.753548,20.7609,11.8479,4.67288,9.67352e-06,2.31392e-10,-0.199995,0.499996,1.19696
4.88487,2.19764,0.75501,21.0561,11.8563,4.66913,9.82591e-06,2.31392e-10,-0.199995,0.499996,1.19949
4.88977,2.19759,0.756473,21.3622,11.8643,4.6654,9.98394e-06,2.31392e-10,-0.199995,0.499996,1.20201
4.89469,2.19754,0.757939,21.6798,11.8721,4.66169,1.01479e-05,2.31392e-10,-0.199995,0.499996,1.20454
4.89963,2.19748,0.759406,22.0095,11.8796,4.65802,1.03181e-05,2.31392e-10,-0.199995,0.499996,1.20706
4.90458,0.760875,2.19743,22.3519,11.8869,4.65436,1.04949e-05,2.31392e-10,-0.199995,0.499996,1.20959
4.90954,2.19738,0.762345,22.7076,11.8938,4.65074,1.06787e-05,2.31391e-10,-0.199995,0.499996,1.21211
4.91451,2.19732,0.763817,23.0775,11.9006,4.64714,1.08697e-05,2.31392e-10,-0.199995,0.499995,1.21464
4.9195,2.19727,0.76529,23.4622,11.907,4.64356,1.10685e-05,2.31392e-10,-0.199995,0.499995,1.21716
4.9245,0.766765,2.19722,23.8627,11.9133,4.64001,1.12754e-05,2.31392e-10,-0.199995,0.499995,1.21969
4.92951,2.19716,0.768241,24.2799,11.9194,4.63648,1.1491e-05,2.31392e-10,-0.199995,0.499995,1.22221
4.93454,2.19711,0.769719,24.7146,11.9252,4.63298,1.17157e-05,2.31392e-10,-0.199995,0.499995,1.22474
4.93958,2.19705,0.771198,25.1681,11.9308,4.62951,1.19501e-05,2.31392e-10,-0.199995,0.499995,1.22726
4.94463,0.772679,2.197,25.6415,11.9363,4.62606,1.21948e-05,2.31392e-10,-0.199995,0.499995,1.22979
4.94972,2.19695,0.774169,26.1386,11.9412,0.202031,3.29886e-10,2.31391e-10,-0.2,0.5,1.23232
4.9548,2.19689,0.775652,26.6559,11.9462,4.61922,3.45804e-10,2.31392e-10,-0.2,0.5,1.23485
4.9599,2.19684,0.777137,27.1971,11.9511,4.61584,3.69982e-10,2.31392e-10,-0.2,0.5,1.23737
4.96501,2.19678,0.778623,27.7641,11.9559,4.6125,3.96466e-10,2.31392e-10,-0.2,0.5,1.2399
4.97013,2.19673,0.780111,28.3586,11.9604,4.60917,4.25537e-10,2.31392e-10,-0.2,0.5,1.24242
4.97526,2.19667,0.7816,28.9826,11.9648,4.60588,4.57513e-10,2.31392e-10,-0.2,0.5,1.24495
4.98041,2.19661,0.78309,29.6383,11.9691,4.60261,4.92765e-10,2.31392e-10,-0.2,0.5,1.24747
4.98557,2.19656,0.784581,30.328,11.9732,4.59936,5.31714e-10,2.31392e-10,-0.2,0.5,1.25
4.98557,2.19656,0.784581,30.328,11.9732,4.59936,5.31714e-10,2.31392e-10,-0.2,0.5,1.25
4.98051,2.19562,0.785814,30.1111,12.0712,4.54373,6.15072e-10,2.31374e-10,-0.19596,0.5,1.25
4.97542,2.1947,0.787103,29.9021,12.1688,4.48903,6.21631e-10,2.31357e-10,-0.191919,0.5,1.25
4.97031,2.1938,0.788451,29.7008,12.266,4.43525,6.28318e-10,2.31339e-10,-0.187879,0.5,1.25
4.96516,2.19292,0.789857,29.5067,12.3627,4.38241,6.35102e-10,2.31322e-10,-0.183838,0.5,1.25
4.95998,0.791322,2.19206,29.3198,12.4589,0.201614,6.4195e-10,2.31304e-10,-0.179798,0.5,1.25
4.95477,2.19121,0.792848,29.1398,12.5544,0.201826,6.4883e-10,2.31287e-10,-0.175758,0.5,1.25
4.94953,2.19038,0.794434,28.9665,12.6493,4.22944,6.55712e-10,2.31269e-10,-0.171717,0.5,1.25
4.94426,2.18957,0.796081,28.7996,12.7434,4.18029,6.62562e-10,2.31251e-10,-0.167677,0.5,1.25
4.93897,2.18878,0.79779,28.6391,12.8366,4.13205,6.69348e-10,2.31233e-10,-0.163636,0.5,1.25
4.93364,2.18801,0.799562,28.4846,12.929,4.08473,6.7604e-10,2.31215e-10,-0.159596,0.5,1.25
4.92828,0.801397,2.18726,28.3361,13.0203,4.03831,6.82603e-10,2.31197e-10,-0.155556,0.5,1.25
4.9229,2.18652,0.803295,28.1933,13.1105,3.9928,6.89006e-10,2.31179e-10,-0.151515,0.5,1.25
4.91749,2.1858,0.805257,28.0561,13.1996,3.94818,6.95217e-10,2.3116e-10,-0.147475,0.5,1.25
4.91205,2.18511,0.807283,27.9243,13.2874,0.203581,7.01203e-10,2.31142e-10,-0.143434,0.5,1.25
4.90659,2.18443,0.809373,27.7978,13.374,3.86163,7.06931e-10,2.31123e-10,-0.139394,0.5,1.25
4.9011,2.18376,0.811528,27.6765,13.4591,3.81968,7.1237e-10,2.31105e-10,-0.135354,0.5,1.25
4.89559,2.18312,0.813747,27.5602,13.5428,3.7786,7.17487e-10,2.31087e-10,-0.131313,0.5,1.25
4.89006,0.816031,2.1825,27.4488,13.6249,3.7384,7.2225e-10,2.31068e-10,-0.127273,0.5,1.25
4.88451,2.18189,0.818379,27.3421,13.7053,3.69906,7.26628e-10,2.31049e-10,-0.123232,0.5,1.25
4.87894,2.1813,0.820792,27.2401,13.7841,3.66057,7.30589e-10,2.31031e-10,-0.119192,0.5,1.25
4.87335,2.18074,0.823268,27.1426,13.8611,3.62294,7.34104e-10,2.31012e-10,-0.115152,0.5,1.25
4.86774,2.18019,0.825808,27.0495,13.9362,3.58615,7.37143e-10,2.30993e-10,-0.111111,0.5,1.25
4.86212,2.17966,0.82841,26.9607,14.0094,3.55019,7.39677e-10,2.30974e-10,-0.107071,0.5,1.25
4.85649,2.17915,0.831075,26.8762,14.0806,3.51507,7.41678e-10,2.30956e-10,-0.10303,0.5,1.25
4.85085,2.17865,0.833801,26.7957,14.1497,3.48076,7.43119e-10,2.30937e-10,-0.0989899,0.5,1.25
4.8452,2.17818,0.836587,26.7193,14.2167,3.44726,7.43976e-10,2.30918e-10,-0.0949495,0.5,1.25
4.83954,2.17773,0.839433,26.6467,14.2814,3.41456,7.44223e-10,2.309e-10,-0.0909091,0.5,1.25
4.83388,2.17729,0.842336,26.578,14.3439,3.38266,7.4384e-10,2.30881e-10,-0.0868687,0.5,1.25
4.82822,0.845296,2.17688,26.5131,14.404,3.35155,7.42806e-10,2.30862e-10,-0.0828283,0.5,1.25
4.82257,2.17648,0.84831,26.4518,14.4618,3.3212,7.41102e-10,2.30844e-10,-0.0787879,0.5,1.25
4.81691,2.17611,0.851378,26.3941,14.5171,3.29163,7.38711e-10,2.30825e-10,-0.0747475,0.5,1.25
4.81127,0.854497,2.17575,26.3398,14.5698,3.26281,7.35621e-10,2.30807e-10,-0.0707071,0.5,1.25
4.80564,2.17542,0.857665,26.289,14.62,3.23473,7.3182e-10,2.30788e-10,-0.0666667,0.5,1.25
4.80002,2.1751,0.86088,26.2416,14.6676,3.2074,7.27298e-10,2.30769e-10,-0.0626263,0.5,1.25
4.79442,2.1748,0.864139,26.1974,14.7126,3.18078,7.22049e-10,2.30751e-10,-0.0585859,0.5,1.25
4.78885,2.17453,0.86744,26.1565,14.7548,3.15488,7.16072e-10,2.30733e-10,-0.0545455,0.5,1.25
4.78329,2.17427,0.870779,26.1188,14.7943,3.12969,7.09365e-10,2.30715e-10,-0.050505,0.5,1.25
4.77777,2.17404,0.874155,26.0841,14.831,3.10519,7.01932e-10,2.30697e-10,-0.0464646,0.5,1.25
4.77228,2.17382,0.877563,26.0525,14.8649,3.08137,6.9378e-10,2.30678e-10,-0.0424242,0.5,1.25
4.76683,2.17363,0.881001,26.0239,14.8959,3.05822,6.84919e-10,2.3066e-10,-0.0383838,0.5,1.25
4.76142,2.17345,0.884465,25.9982,14.924,3.03573,6.75364e-10,2.30643e-10,-0.0343434,0.5,1.25
4.75606,2.1733,0.887951,25.9755,14.9493,3.01389,6.65133e-10,2.30625e-10,-0.030303,0.5,1.25
4.75074,2.17317,0.891456,25.9556,14.9716,2.99269,6.54247e-10,2.30607e-10,-0.0262626,0.5,1.25
4.74548,2.17306,0.894975,25.9386,14.991,2.97211,6.42732e-10,2.3059e-10,-0.0222222,0.5,1.25
4.74028,2.17296,0.898505,25.9244,15.0074,2.95215,6.3062e-10,2.30573e-10,-0.0181818,0.5,1.25
4.73514,2.1729,0.902042,25.9129,15.0208,2.93279,6.17945e-10,2.30555e-10,-0.0141414,0.5,1.25
4.73007,2.17285,0.905581,25.9042,15.0312,2.91402,6.04746e-10,2.30538e-10,-0.010101,0.5,1.25
4.72507,2.17282,0.909117,25.8983,15.0387,2.89583,5.91067e-10,2.30522e-10,-0.00606061,0.5,1.25
4.72015,0.912646,2.17282,25.8951,15.0431,2.87821,5.76958e-10,2.30505e-10,-0.0020202,0.5,1.25
4.71532,2.17283,0.916164,25.8946,15.0446,2.86114,5.62472e-10,2.30488e-10,0.0020202,0.5,1.25
4.71057,2.17287,0.919666,25.8968,15.043,2.84462,5.4767e-10,2.30472e-10,0.00606061,0.5,1.25
4.70591,2.17293,0.923148,25.9017,15.0384,2.82864,5.32615e-10,2.30456e-10,0.010101,0.5,1.25
4.70135,2.17301,0.926603,25.9094,15.0308,2.81318,5.17379e-10,2.3044e-10,0.0141414,0.5,1.25
4.69689,2.17311,0.930029,25.9198,15.0203,2.79823,5.02037e-10,2.30423e-10,0.0181818,0.5,1.25
4.69253,2.17324,0.933419,25.9329,15.0067,2.78378,4.86673e-10,2.30408e-10,0.0222222,0.5,1.25
4.68829,2.17338,0.936769,25.9488,14.9902,2.76983,4.71376e-10,2.30392e-10,0.0262626,0.5,1.25
4.68416,2.17355,0.940074,25.9676,14.9707,2.75635,4.56242e-10,2.30377e-10,0.030303,0.5,1.25
4.68015,2.17374,0.94333,25.9891,14.9484,2.74335,4.41372e-10,2.30362e-10,0.0343434,0.5,1.25
4.67627,2.17396,0.946531,26.0135,14.9231,2.7308,4.26876e-10,2.30347e-10,0.0383838,0.5,1.25
4.67251,2.17419,0.949674,26.0408,14.8949,2.71871,4.12867e-10,2.30333e-10,0.0424242,0.5,1.25
4.66889,2.17445,0.952753,26.071,14.8639,2.70705,3.99467e-10,2.30318e-10,0.0464646,0.5,1.25
4.66541,2.17473,0.955765,26.1043,14.83,2.69583,3.868e-10,2.30304e-10,0.0505051,0.5,1.25
4.66207,2.17503,0.372436,26.1406,14.7934,2.68502,3.74991e-10,2.3029e-10,0.0545455,0.5,1.25
4.65887,2.17535,0.373884,26.1799,14.754,2.67463,3.64167e-10,2.30276e-10,0.0585859,0.5,1.25
4.65582,2.17569,0.375285,26.2224,14.7118,2.66464,3.54449e-10,2.30263e-10,0.0626263,0.5,1.25
4.65293,2.17606,0.376642,26.2682,14.667,2.65504,3.45952e-10,2.3025e-10,0.0666667,0.5,1.25
4.65019,2.17645,0.377953,26.3172,14.6196,2.64583,3.38775e-10,2.30236e-10,0.0707071,0.5,1.25
4.64761,2.17686,0.379219,26.3696,14.5696,2.637,3.33002e-10,2.30224e-10,0.0747475,0.5,1.25
4.6452,2.17729,0.380439,26.4254,14.5171,2.62854,3.28691e-10,2.30211e-10,0.0787879,0.5,1.25
4.64295,2.17774,0.381615,26.4847,14.462,2.62044,3.25874e-10,2.30199e-10,0.0828283,0.5,1.25
4.64086,2.17822,0.382747,26.5475,14.4045,2.61269,3.24554e-10,2.30187e-10,0.0868687,0.5,1.25
4.63895,2.17871,0.383834,26.6141,14.3447,2.60529,3.24701e-10,2.30175e-10,0.0909091,0.5,1.25
4.63721,2.17923,0.384876,26.6844,14.2825,2.59824,3.26258e-10,2.30163e-10,0.0949495,0.5,1.25
4.63565,2.17977,0.385875,26.7586,14.2181,2.59151,3.29144e-10,2.30151e-10,0.0989899,0.5,1.25
4.63426,2.18033,0.38683,26.8367,14.1515,2.58512,3.33254e-10,2.3014e-10,0.10303,0.5,1.25
4.63305,2.18091,0.387741,26.9189,14.0828,2.57904,3.38469e-10,2.30129e-10,0.107071,0.5,1.25
4.63203,2.18151,0.388609,27.0052,14.012,2.57328,3.44664e-10,2.30118e-10,0.111111,0.5,1.25
4.63118,2.18213,0.389434,27.0957,13.9392,2.56783,3.51706e-10,2.30108e-10,0.115152,0.5,1.25
4.63051,0.390216,2.18278,27.1907,13.8644,2.56268,3.59467e-10,2.30097e-10,0.119192,0.5,1.25
4.63002,2.18344,0.390956,27.2901,13.7879,2.55784,3.67822e-10,2.30087e-10,0.123232,0.5,1.25
4.62972,2.18412,0.391653,27.3941,13.7095,2.55328,3.76651e-10,2.30077e-10,0.127273,0.5,1.25
4.6296,2.18483,0.392308,27.5028,13.6294,2.54902,3.85845e-10,2.30068e-10,0.131313,0.5,1.25
4.62966,2.18555,0.392921,27.6164,13.5477,2.54504,3.95305e-10,2.30058e-10,0.135354,0.5,1.25
4.6299,2.1863,0.393493,27.735,13.4645,0.457395,4.04941e-10,2.30049e-10,0.139394,0.5,1.25
4.63033,2.18706,0.394023,27.8587,13.3797,2.53792,4.14673e-10,2.3004e-10,0.143434,0.5,1.25
4.63093,2.18784,0.394512,27.9877,13.2936,2.53478,4.24432e-10,2.30031e-10,0.147475,0.5,1.25
4.63172,2.18864,0.394961,28.1221,13.2061,2.5319,4.34155e-10,2.30022e-10,0.151515,0.5,1.25
4.63268,2.18947,0.395368,28.2621,13.1173,2.52929,4.43792e-10,2.30014e-10,0.155556,0.5,1.25
4.63382,2.19031,0.0767614,28.4079,13.0274,2.52694,4.53297e-10,2.30006e-10,0.159596,0.5,1.25
4.63514,2.19117,0.0773017,28.5596,12.9363,2.52485,4.62633e-10,2.29998e-10,0.163636,0.5,1.25
4.63663,2.19204,0.0778559,28.7174,12.8442,2.52302,4.7177e-10,2.2999e-10,0.167677,0.5,1.25
4.63829,2.19294,0.0784241,28.8815,12.7512,2.52145,4.80684e-10,2.29982e-10,0.171717,0.5,1.25
4.64012,2.19386,0.0790061,29.0521,12.6573,2.52013,4.89355e-10,2.29975e-10,0.175758,0.5,1.25
4.64211,2.19479,0.079602,29.2294,12.5625,2.51906,4.9777e-10,2.29967e-10,0.179798,0.5,1.25
4.64427,2.19574,0.0802118,29.4137,12.467,2.51823,5.05921e-10,2.2996e-10,0.183838,0.5,1.25
4.6466,2.19671,0.0808354,29.6051,12.3708,2.51766,5.13801e-10,2.29953e-10,0.187879,0.5,1.25
4.64908,2.1977,0.0814729,29.804,12.274,0.45502,5.21412e-10,2.29946e-10,0.191919,0.5,1.25
4.65172,2.19871,0.0821241,30.0105,12.1767,2.51725,5.28755e-10,2.2994e-10,0.19596,0.5,1.25
4.65451,2.19974,0.0827891,30.2249,12.0789,2.5174,5.35837e-10,2.29933e-10,0.2,0.5,1.25
